{"type": "FeatureCollection", "name": "prevail-orr-corridor", "features": [{"type": "Feature", "properties": {"name": "Varthur Road", "highway": "primary", "lanes": 4, "speed_limit_mps": 16.7}, "geometry": {"type": "LineString", "coordinates": [[77.7049972, 12.9567301], [77.7061832, 12.9566362], [77.7087727, 12.9564527], [77.7089031, 12.9564388]]}}, {"type": "Feature", "properties": {"name": "5th Cross Road", "highway": "unclassified", "lanes": 2, "speed_limit_mps": 8.3}, "geometry": {"type": "LineString", "coordinates": [[77.6678594, 12.9220808], [77.6678408, 12.9221258], [77.6678499, 12.9222046], [77.6681152, 12.9229005], [77.6680933, 12.9230235], [77.6680408, 12.9230843]]}}, {"type": "Feature", "properties": {"name": "5th Cross Road", "highway": "unclassified", "lanes": 2, "speed_limit_mps": 8.3}, "geometry": {"type": "LineString", "coordinates": [[77.6680408, 12.9230843], [77.6679361, 12.9231149], [77.6674201, 12.9230664]]}}, {"type": "Feature", "properties": {"name": "5th Cross Road", "highway": "unclassified", "lanes": 2, "speed_limit_mps": 8.3}, "geometry": {"type": "LineString", "coordinates": [[77.6674201, 12.9230664], [77.6673756, 12.923061], [77.6669548, 12.9230315], [77.6662191, 12.923054], [77.6654568, 12.9230071], [77.6653963, 12.9230115], [77.6653306, 12.9230168]]}}, {"type": "Feature", "properties": {"name": "residential", "highway": "residential", "lanes": 2, "speed_limit_mps": 8.3}, "geometry": {"type": "LineString", "coordinates": [[77.6644403, 12.9251483], [77.664967, 12.9251377], [77.6653115, 12.9251303], [77.6653402, 12.9251298], [77.6653992, 12.9251286]]}}, {"type": "Feature", "properties": {"name": "3rd Main Road", "highway": "residential", "lanes": 2, "speed_limit_mps": 8.3}, "geometry": {"type": "LineString", "coordinates": [[77.6629056, 12.921278], [77.662925, 12.9214166], [77.6629937, 12.921803]]}}, {"type": "Feature", "properties": {"name": "3rd Main Road", "highway": "residential", "lanes": 2, "speed_limit_mps": 8.3}, "geometry": {"type": "LineString", "coordinates": [[77.6629937, 12.921803], [77.6630406, 12.9221699]]}}, {"type": "Feature", "properties": {"name": "3rd Main Road", "highway": "residential", "lanes": 2, "speed_limit_mps": 8.3}, "geometry": {"type": "LineString", "coordinates": [[77.6630406, 12.9221699], [77.6630384, 12.9223639]]}}, {"type": "Feature", "properties": {"name": "3rd Main Road", "highway": "residential", "lanes": 2, "speed_limit_mps": 8.3}, "geometry": {"type": "LineString", "coordinates": [[77.6630384, 12.9223639], [77.6630432, 12.9225828], [77.6630505, 12.9226436]]}}, {"type": "Feature", "properties": {"name": "3rd Main Road", "highway": "residential", "lanes": 2, "speed_limit_mps": 8.3}, "geometry": {"type": "LineString", "coordinates": [[77.6630505, 12.9226436], [77.6630208, 12.9228333]]}}, {"type": "Feature", "properties": {"name": "3rd Main Road", "highway": "residential", "lanes": 2, "speed_limit_mps": 8.3}, "geometry": {"type": "LineString", "coordinates": [[77.6630208, 12.9228333], [77.6630294, 12.9229069]]}}, {"type": "Feature", "properties": {"name": "3rd Main Road", "highway": "residential", "lanes": 2, "speed_limit_mps": 8.3}, "geometry": {"type": "LineString", "coordinates": [[77.6630294, 12.9229069], [77.6630348, 12.9230571], [77.6630553, 12.9230921]]}}, {"type": "Feature", "properties": {"name": "2nd Main Road", "highway": "residential", "lanes": 2, "speed_limit_mps": 8.3}, "geometry": {"type": "LineString", "coordinates": [[77.6616849, 12.9216797], [77.6617795, 12.9220155], [77.661808, 12.9221168], [77.6618185, 12.9222077], [77.661829, 12.9222986]]}}, {"type": "Feature", "properties": {"name": "tertiary", "highway": "tertiary", "lanes": 2, "speed_limit_mps": 11.1}, "geometry": {"type": "LineString", "coordinates": [[77.6762316, 12.9300138], [77.6764327, 12.9300121]]}}, {"type": "Feature", "properties": {"name": "Bellanduru Main Road", "highway": "tertiary", "lanes": 2, "speed_limit_mps": 11.1}, "geometry": {"type": "LineString", "coordinates": [[77.6761182, 12.9256058], [77.6761658, 12.9257883]]}}, {"type": "Feature", "properties": {"name": "tertiary", "highway": "tertiary", "lanes": 2, "speed_limit_mps": 11.1}, "geometry": {"type": "LineString", "coordinates": [[77.6785911, 12.9304076], [77.6785816, 12.9304776]]}}, {"type": "Feature", "properties": {"name": "Bellandur Lake Road", "highway": "tertiary", "lanes": 2, "speed_limit_mps": 11.1}, "geometry": {"type": "LineString", "coordinates": [[77.678497, 12.9307116], [77.678464, 12.930766], [77.6783512, 12.9308072]]}}, {"type": "Feature", "properties": {"name": "Bellandur Lake Road", "highway": "tertiary", "lanes": 2, "speed_limit_mps": 11.1}, "geometry": {"type": "LineString", "coordinates": [[77.6783512, 12.9308072], [77.6781782, 12.9308488], [77.6780064, 12.9308732], [77.6779035, 12.9309261], [77.6777552, 12.9310987], [77.6772955, 12.9314255], [77.6771041, 12.931582], [77.6769789, 12.931715], [77.6768739, 12.9318769], [77.6768345, 12.9319673], [77.6768206, 12.9320405], [77.6768535, 12.9322051], [77.676907, 12.9323442], [77.6769223, 12.9323974], [77.6769163, 12.9324845], [77.6768589, 12.9326157], [77.6768355, 12.9326985], [77.6768553, 12.9327814], [77.6769468, 12.9329704], [77.676981, 12.933149], [77.6769854, 12.9334063], [77.6769185, 12.9341531], [77.6768457, 12.9344921], [77.6766203, 12.9352714], [77.6765854, 12.9354821], [77.6766073, 12.935667], [77.6766404, 12.9357543], [77.6766911, 12.9358456], [77.676765, 12.9359644], [77.6769965, 12.9362671], [77.6770739, 12.936425], [77.6771108, 12.9365676], [77.6771468, 12.9368235], [77.6771853, 12.9369994], [77.6772153, 12.9372187], [77.6772347, 12.9375457], [77.6772611, 12.9376796], [77.6773431, 12.9380068], [77.6773993, 12.9381058], [77.6774824, 12.938209], [77.6775542, 12.9383333], [77.6775673, 12.938356], [77.6776774, 12.9386057], [77.6777531, 12.938806], [77.6778102, 12.9389209], [77.6778689, 12.9389994], [77.6780794, 12.939138], [77.6781531, 12.9392287], [77.6782249, 12.9393756], [77.6782679, 12.9395328], [77.6783275, 12.9396644], [77.678354, 12.939718]]}}, {"type": "Feature", "properties": {"name": "Varthur Road", "highway": "primary", "lanes": 4, "speed_limit_mps": 16.7}, "geometry": {"type": "LineString", "coordinates": [[77.708902, 12.9563313], [77.7087589, 12.956348], [77.7061856, 12.9565374], [77.7052571, 12.9566079], [77.7049895, 12.9566224]]}}, {"type": "Feature", "properties": {"name": "6th Main Road", "highway": "residential", "lanes": 2, "speed_limit_mps": 8.3}, "geometry": {"type": "LineString", "coordinates": [[77.7164993, 12.9609253], [77.7164394, 12.9609307], [77.7162458, 12.9608979], [77.7154758, 12.9607678], [77.7151418, 12.9607305], [77.7148076, 12.9606887], [77.7144666, 12.9606366], [77.7141499, 12.9605821], [77.7137975, 12.9605404], [77.7137076, 12.9605298], [77.7136545, 12.9605235], [77.7132504, 12.9604755], [77.7128398, 12.9604299], [77.7124085, 12.960382], [77.7120817, 12.9603457]]}}, {"type": "Feature", "properties": {"name": "6th Main Road", "highway": "residential", "lanes": 2, "speed_limit_mps": 8.3}, "geometry": {"type": "LineString", "coordinates": [[77.7120817, 12.9603457], [77.7098858, 12.9600334]]}}, {"type": "Feature", "properties": {"name": "6th Main Road", "highway": "residential", "lanes": 2, "speed_limit_mps": 8.3}, "geometry": {"type": "LineString", "coordinates": [[77.7120169, 12.9606789], [77.710983, 12.9605027], [77.7097635, 12.9603583]]}}, {"type": "Feature", "properties": {"name": "5th Main Road", "highway": "residential", "lanes": 2, "speed_limit_mps": 8.3}, "geometry": {"type": "LineString", "coordinates": [[77.7119668, 12.9609369], [77.7108927, 12.9607739], [77.7096534, 12.9606357]]}}, {"type": "Feature", "properties": {"name": "Vaikuntam Layout", "highway": "residential", "lanes": 2, "speed_limit_mps": 8.3}, "geometry": {"type": "LineString", "coordinates": [[77.7137611, 12.9602297], [77.7133762, 12.960155], [77.7130061, 12.9601052], [77.7127024, 12.9600643], [77.7125271, 12.9600436], [77.7121629, 12.9600005], [77.711982, 12.9599947]]}}, {"type": "Feature", "properties": {"name": "7th Main Road", "highway": "residential", "lanes": 2, "speed_limit_mps": 8.3}, "geometry": {"type": "LineString", "coordinates": [[77.6674201, 12.9230664], [77.6673822, 12.9233019], [77.6673004, 12.9235985], [77.6671748, 12.9239123], [77.6671267, 12.9240326], [77.6670649, 12.9241872], [77.6670446, 12.924457], [77.6670422, 12.9244875], [77.66703, 12.9246239], [77.6670223, 12.9247103], [77.6670161, 12.9247861]]}}, {"type": "Feature", "properties": {"name": "7th Main Road", "highway": "residential", "lanes": 2, "speed_limit_mps": 8.3}, "geometry": {"type": "LineString", "coordinates": [[77.6670161, 12.9247861], [77.6669926, 12.9249859]]}}, {"type": "Feature", "properties": {"name": "7th Main Road", "highway": "residential", "lanes": 2, "speed_limit_mps": 8.3}, "geometry": {"type": "LineString", "coordinates": [[77.6669926, 12.9249859], [77.6669847, 12.9251449]]}}, {"type": "Feature", "properties": {"name": "Palm Avenue", "highway": "tertiary", "lanes": 2, "speed_limit_mps": 11.1}, "geometry": {"type": "LineString", "coordinates": [[77.6695417, 12.9230009], [77.6695517, 12.9231641]]}}, {"type": "Feature", "properties": {"name": "Palm Avenue", "highway": "tertiary", "lanes": 2, "speed_limit_mps": 11.1}, "geometry": {"type": "LineString", "coordinates": [[77.6695517, 12.9231641], [77.6695624, 12.9233008]]}}, {"type": "Feature", "properties": {"name": "Palm Avenue", "highway": "tertiary", "lanes": 2, "speed_limit_mps": 11.1}, "geometry": {"type": "LineString", "coordinates": [[77.6695624, 12.9233008], [77.6695836, 12.9235662], [77.6696293, 12.9246161], [77.6696451, 12.9249926], [77.6696505, 12.9250462], [77.6696612, 12.9250945], [77.669684, 12.9251794]]}}, {"type": "Feature", "properties": {"name": "Cherry Lane", "highway": "residential", "lanes": 2, "speed_limit_mps": 8.3}, "geometry": {"type": "LineString", "coordinates": [[77.6697364, 12.9272535], [77.670293, 12.927261]]}}, {"type": "Feature", "properties": {"name": "Cherry Lane", "highway": "residential", "lanes": 2, "speed_limit_mps": 8.3}, "geometry": {"type": "LineString", "coordinates": [[77.670293, 12.927261], [77.6708035, 12.9272736]]}}, {"type": "Feature", "properties": {"name": "Cherry Lane", "highway": "residential", "lanes": 2, "speed_limit_mps": 8.3}, "geometry": {"type": "LineString", "coordinates": [[77.6708035, 12.9272736], [77.6714705, 12.9273163]]}}, {"type": "Feature", "properties": {"name": "Cherry Lane", "highway": "residential", "lanes": 2, "speed_limit_mps": 8.3}, "geometry": {"type": "LineString", "coordinates": [[77.6714705, 12.9273163], [77.6716057, 12.9273282]]}}, {"type": "Feature", "properties": {"name": "Cherry Lane", "highway": "residential", "lanes": 2, "speed_limit_mps": 8.3}, "geometry": {"type": "LineString", "coordinates": [[77.6716057, 12.9273282], [77.67204, 12.9273497]]}}, {"type": "Feature", "properties": {"name": "Cherry Lane", "highway": "residential", "lanes": 2, "speed_limit_mps": 8.3}, "geometry": {"type": "LineString", "coordinates": [[77.67204, 12.9273497], [77.6726028, 12.9272895]]}}, {"type": "Feature", "properties": {"name": "Cherry Lane", "highway": "residential", "lanes": 2, "speed_limit_mps": 8.3}, "geometry": {"type": "LineString", "coordinates": [[77.6726028, 12.9272895], [77.6727071, 12.9272659], [77.6729947, 12.9272143], [77.6731322, 12.9271909]]}}, {"type": "Feature", "properties": {"name": "Parijatha Avenue", "highway": "residential", "lanes": 2, "speed_limit_mps": 8.3}, "geometry": {"type": "LineString", "coordinates": [[77.6718437, 12.923947], [77.6718267, 12.9239916], [77.6719101, 12.924724], [77.6716323, 12.9247489], [77.6717494, 12.925166], [77.6713337, 12.9252831]]}}, {"type": "Feature", "properties": {"name": "Parijatha Avenue", "highway": "residential", "lanes": 2, "speed_limit_mps": 8.3}, "geometry": {"type": "LineString", "coordinates": [[77.6713337, 12.9252831], [77.6715257, 12.9258089]]}}, {"type": "Feature", "properties": {"name": "Parijatha Avenue", "highway": "residential", "lanes": 2, "speed_limit_mps": 8.3}, "geometry": {"type": "LineString", "coordinates": [[77.6715257, 12.9258089], [77.67204, 12.9273497]]}}, {"type": "Feature", "properties": {"name": "Parijatha Avenue", "highway": "residential", "lanes": 2, "speed_limit_mps": 8.3}, "geometry": {"type": "LineString", "coordinates": [[77.67204, 12.9273497], [77.672352, 12.9282996]]}}, {"type": "Feature", "properties": {"name": "Kariammana Agrahara Road", "highway": "tertiary", "lanes": 2, "speed_limit_mps": 11.1}, "geometry": {"type": "LineString", "coordinates": [[77.6813749, 12.9302276], [77.6821499, 12.9303131], [77.6822415, 12.9303232], [77.6826226, 12.9303652]]}}, {"type": "Feature", "properties": {"name": "Kariammana Agrahara Road", "highway": "tertiary", "lanes": 2, "speed_limit_mps": 11.1}, "geometry": {"type": "LineString", "coordinates": [[77.6826226, 12.9303652], [77.682985, 12.9304052], [77.6830182, 12.9304769], [77.6830317, 12.9308629]]}}, {"type": "Feature", "properties": {"name": "Kariammana Agrahara Road", "highway": "tertiary", "lanes": 2, "speed_limit_mps": 11.1}, "geometry": {"type": "LineString", "coordinates": [[77.6830317, 12.9308629], [77.6830478, 12.9313229], [77.6830518, 12.9314369], [77.683053, 12.9314698], [77.6831138, 12.9315334]]}}, {"type": "Feature", "properties": {"name": "Kariammana Agrahara Road", "highway": "tertiary", "lanes": 2, "speed_limit_mps": 11.1}, "geometry": {"type": "LineString", "coordinates": [[77.6831138, 12.9315334], [77.6832077, 12.9315829]]}}, {"type": "Feature", "properties": {"name": "Kariammana Agrahara Road", "highway": "tertiary", "lanes": 2, "speed_limit_mps": 11.1}, "geometry": {"type": "LineString", "coordinates": [[77.6832077, 12.9315829], [77.68334, 12.9316249], [77.6834913, 12.9316729], [77.6838717, 12.9317567], [77.6841677, 12.9317796]]}}, {"type": "Feature", "properties": {"name": "residential", "highway": "residential", "lanes": 2, "speed_limit_mps": 8.3}, "geometry": {"type": "LineString", "coordinates": [[77.7016285, 12.9594826], [77.7017032, 12.9595], [77.7017936, 12.9595242]]}}, {"type": "Feature", "properties": {"name": "residential", "highway": "residential", "lanes": 2, "speed_limit_mps": 8.3}, "geometry": {"type": "LineString", "coordinates": [[77.7017936, 12.9595242], [77.7025352, 12.9597453], [77.702717, 12.9598006]]}}, {"type": "Feature", "properties": {"name": "8th Cross Road", "highway": "residential", "lanes": 2, "speed_limit_mps": 8.3}, "geometry": {"type": "LineString", "coordinates": [[77.7041727, 12.9592533], [77.7028025, 12.9593352]]}}, {"type": "Feature", "properties": {"name": "8th Cross Road", "highway": "residential", "lanes": 2, "speed_limit_mps": 8.3}, "geometry": {"type": "LineString", "coordinates": [[77.7028025, 12.9593352], [77.7016577, 12.959411]]}}, {"type": "Feature", "properties": {"name": "7th Cross Road", "highway": "residential", "lanes": 2, "speed_limit_mps": 8.3}, "geometry": {"type": "LineString", "coordinates": [[77.7016459, 12.9591773], [77.7019175, 12.9591925], [77.7022027, 12.959163], [77.7028028, 12.9590941]]}}, {"type": "Feature", "properties": {"name": "7th Cross Road", "highway": "residential", "lanes": 2, "speed_limit_mps": 8.3}, "geometry": {"type": "LineString", "coordinates": [[77.7028028, 12.9590941], [77.7042062, 12.9590102]]}}, {"type": "Feature", "properties": {"name": "6th Cross Road", "highway": "residential", "lanes": 2, "speed_limit_mps": 8.3}, "geometry": {"type": "LineString", "coordinates": [[77.704211, 12.9587764], [77.7028031, 12.9588718]]}}, {"type": "Feature", "properties": {"name": "6th Cross Road", "highway": "residential", "lanes": 2, "speed_limit_mps": 8.3}, "geometry": {"type": "LineString", "coordinates": [[77.7028031, 12.9588718], [77.7015979, 12.9589501]]}}, {"type": "Feature", "properties": {"name": "5th Cross Road", "highway": "residential", "lanes": 2, "speed_limit_mps": 8.3}, "geometry": {"type": "LineString", "coordinates": [[77.701551, 12.9587414], [77.7028034, 12.9586411]]}}, {"type": "Feature", "properties": {"name": "5th Cross Road", "highway": "residential", "lanes": 2, "speed_limit_mps": 8.3}, "geometry": {"type": "LineString", "coordinates": [[77.7028034, 12.9586411], [77.7038684, 12.9585709]]}}, {"type": "Feature", "properties": {"name": "4th Cross", "highway": "residential", "lanes": 2, "speed_limit_mps": 8.3}, "geometry": {"type": "LineString", "coordinates": [[77.7015585, 12.9585038], [77.7028037, 12.958413]]}}, {"type": "Feature", "properties": {"name": "4th Cross", "highway": "residential", "lanes": 2, "speed_limit_mps": 8.3}, "geometry": {"type": "LineString", "coordinates": [[77.7028037, 12.958413], [77.7038733, 12.9583213]]}}, {"type": "Feature", "properties": {"name": "3rd Cross Road", "highway": "residential", "lanes": 2, "speed_limit_mps": 8.3}, "geometry": {"type": "LineString", "coordinates": [[77.7015532, 12.9581458], [77.7028041, 12.9580596]]}}, {"type": "Feature", "properties": {"name": "4th Cross Road", "highway": "residential", "lanes": 2, "speed_limit_mps": 8.3}, "geometry": {"type": "LineString", "coordinates": [[77.702804, 12.9581231], [77.7038704, 12.9580336]]}}, {"type": "Feature", "properties": {"name": "3rd Cross Road", "highway": "residential", "lanes": 2, "speed_limit_mps": 8.3}, "geometry": {"type": "LineString", "coordinates": [[77.7028044, 12.957839], [77.7038752, 12.9577618]]}}, {"type": "Feature", "properties": {"name": "residential", "highway": "residential", "lanes": 2, "speed_limit_mps": 8.3}, "geometry": {"type": "LineString", "coordinates": [[77.7028048, 12.9575144], [77.7032125, 12.9575063]]}}, {"type": "Feature", "properties": {"name": "residential", "highway": "residential", "lanes": 2, "speed_limit_mps": 8.3}, "geometry": {"type": "LineString", "coordinates": [[77.7032125, 12.9575063], [77.7038608, 12.9574906]]}}, {"type": "Feature", "properties": {"name": "1st Cross Road", "highway": "residential", "lanes": 2, "speed_limit_mps": 8.3}, "geometry": {"type": "LineString", "coordinates": [[77.7032125, 12.9575063], [77.7032055, 12.9572529]]}}, {"type": "Feature", "properties": {"name": "1st Cross Road", "highway": "residential", "lanes": 2, "speed_limit_mps": 8.3}, "geometry": {"type": "LineString", "coordinates": [[77.702805, 12.9573442], [77.701551, 12.9574387]]}}, {"type": "Feature", "properties": {"name": "residential", "highway": "residential", "lanes": 2, "speed_limit_mps": 8.3}, "geometry": {"type": "LineString", "coordinates": [[77.7017936, 12.9595242], [77.7018918, 12.9599987]]}}, {"type": "Feature", "properties": {"name": "residential", "highway": "residential", "lanes": 2, "speed_limit_mps": 8.3}, "geometry": {"type": "LineString", "coordinates": [[77.7018918, 12.9599987], [77.7019825, 12.9607162]]}}, {"type": "Feature", "properties": {"name": "residential", "highway": "residential", "lanes": 2, "speed_limit_mps": 8.3}, "geometry": {"type": "LineString", "coordinates": [[77.7018918, 12.9599987], [77.7022313, 12.9599595]]}}, {"type": "Feature", "properties": {"name": "residential", "highway": "residential", "lanes": 2, "speed_limit_mps": 8.3}, "geometry": {"type": "LineString", "coordinates": [[77.7022313, 12.9599595], [77.7024018, 12.9599446], [77.7024286, 12.9599631], [77.7024363, 12.9599838], [77.7024989, 12.9606697]]}}, {"type": "Feature", "properties": {"name": "residential", "highway": "residential", "lanes": 2, "speed_limit_mps": 8.3}, "geometry": {"type": "LineString", "coordinates": [[77.702717, 12.9598006], [77.7028019, 12.9598225]]}}, {"type": "Feature", "properties": {"name": "residential", "highway": "residential", "lanes": 2, "speed_limit_mps": 8.3}, "geometry": {"type": "LineString", "coordinates": [[77.7028019, 12.9598225], [77.7033433, 12.9599438]]}}, {"type": "Feature", "properties": {"name": "residential", "highway": "residential", "lanes": 2, "speed_limit_mps": 8.3}, "geometry": {"type": "LineString", "coordinates": [[77.7033433, 12.9599438], [77.7036035, 12.9599913]]}}, {"type": "Feature", "properties": {"name": "residential", "highway": "residential", "lanes": 2, "speed_limit_mps": 8.3}, "geometry": {"type": "LineString", "coordinates": [[77.7036035, 12.9599913], [77.7037459, 12.9600062], [77.7040239, 12.9600598]]}}, {"type": "Feature", "properties": {"name": "residential", "highway": "residential", "lanes": 2, "speed_limit_mps": 8.3}, "geometry": {"type": "LineString", "coordinates": [[77.6975499, 12.9568517], [77.6975463, 12.9570102]]}}, {"type": "Feature", "properties": {"name": "residential", "highway": "residential", "lanes": 2, "speed_limit_mps": 8.3}, "geometry": {"type": "LineString", "coordinates": [[77.6975463, 12.9570102], [77.697399, 12.9570561]]}}, {"type": "Feature", "properties": {"name": "residential", "highway": "residential", "lanes": 2, "speed_limit_mps": 8.3}, "geometry": {"type": "LineString", "coordinates": [[77.697399, 12.9570561], [77.6971918, 12.9571206]]}}, {"type": "Feature", "properties": {"name": "residential", "highway": "residential", "lanes": 2, "speed_limit_mps": 8.3}, "geometry": {"type": "LineString", "coordinates": [[77.6971918, 12.9571206], [77.6970521, 12.9571667]]}}, {"type": "Feature", "properties": {"name": "residential", "highway": "residential", "lanes": 2, "speed_limit_mps": 8.3}, "geometry": {"type": "LineString", "coordinates": [[77.6970521, 12.9571667], [77.6968865, 12.9572156]]}}, {"type": "Feature", "properties": {"name": "1st Main Road", "highway": "tertiary", "lanes": 2, "speed_limit_mps": 11.1}, "geometry": {"type": "LineString", "coordinates": [[77.7012265, 12.960252], [77.7011792, 12.9602686], [77.7011656, 12.9602734], [77.7009223, 12.9606767]]}}, {"type": "Feature", "properties": {"name": "Service Road", "highway": "tertiary", "lanes": 2, "speed_limit_mps": 11.1}, "geometry": {"type": "LineString", "coordinates": [[77.7001894, 12.9525391], [77.7001597, 12.9522821], [77.7001076, 12.9520855]]}}, {"type": "Feature", "properties": {"name": "Service Road", "highway": "tertiary", "lanes": 2, "speed_limit_mps": 11.1}, "geometry": {"type": "LineString", "coordinates": [[77.7001076, 12.9520855], [77.7000119, 12.9518362], [77.6999369, 12.9513977], [77.6999186, 12.951291], [77.69981, 12.9506561], [77.6997277, 12.9502152]]}}, {"type": "Feature", "properties": {"name": "residential", "highway": "residential", "lanes": 2, "speed_limit_mps": 8.3}, "geometry": {"type": "LineString", "coordinates": [[77.676126, 12.9222668], [77.6761031, 12.9219451]]}}, {"type": "Feature", "properties": {"name": "residential", "highway": "residential", "lanes": 2, "speed_limit_mps": 8.3}, "geometry": {"type": "LineString", "coordinates": [[77.6761031, 12.9219451], [77.6760792, 12.9216645]]}}, {"type": "Feature", "properties": {"name": "residential", "highway": "residential", "lanes": 2, "speed_limit_mps": 8.3}, "geometry": {"type": "LineString", "coordinates": [[77.6760792, 12.9216645], [77.6760259, 12.9213844]]}}, {"type": "Feature", "properties": {"name": "residential", "highway": "residential", "lanes": 2, "speed_limit_mps": 8.3}, "geometry": {"type": "LineString", "coordinates": [[77.6760259, 12.9213844], [77.6760003, 12.9212644], [77.6759915, 12.9211975]]}}, {"type": "Feature", "properties": {"name": "residential", "highway": "residential", "lanes": 2, "speed_limit_mps": 8.3}, "geometry": {"type": "LineString", "coordinates": [[77.6759915, 12.9211975], [77.6759755, 12.9210758], [77.6759596, 12.9209229], [77.6759481, 12.9208387]]}}, {"type": "Feature", "properties": {"name": "residential", "highway": "residential", "lanes": 2, "speed_limit_mps": 8.3}, "geometry": {"type": "LineString", "coordinates": [[77.6759481, 12.9208387], [77.6759363, 12.9207524]]}}, {"type": "Feature", "properties": {"name": "residential", "highway": "residential", "lanes": 2, "speed_limit_mps": 8.3}, "geometry": {"type": "LineString", "coordinates": [[77.6759363, 12.9207524], [77.6759282, 12.9206931], [77.6759167, 12.92052], [77.6759127, 12.9204772]]}}, {"type": "Feature", "properties": {"name": "residential", "highway": "residential", "lanes": 2, "speed_limit_mps": 8.3}, "geometry": {"type": "LineString", "coordinates": [[77.668241, 12.9254135], [77.6688666, 12.9254605], [77.6689018, 12.9253305], [77.6692057, 12.9253232], [77.669198, 12.9271959], [77.6691979, 12.9272295]]}}, {"type": "Feature", "properties": {"name": "residential", "highway": "residential", "lanes": 2, "speed_limit_mps": 8.3}, "geometry": {"type": "LineString", "coordinates": [[77.670293, 12.927261], [77.6702856, 12.9262215]]}}, {"type": "Feature", "properties": {"name": "Margosa Avenue", "highway": "residential", "lanes": 2, "speed_limit_mps": 8.3}, "geometry": {"type": "LineString", "coordinates": [[77.6714705, 12.9273163], [77.6710594, 12.9260732]]}}, {"type": "Feature", "properties": {"name": "Margosa Avenue", "highway": "residential", "lanes": 2, "speed_limit_mps": 8.3}, "geometry": {"type": "LineString", "coordinates": [[77.6710594, 12.9260732], [77.6707444, 12.925059]]}}, {"type": "Feature", "properties": {"name": "Margosa Avenue", "highway": "residential", "lanes": 2, "speed_limit_mps": 8.3}, "geometry": {"type": "LineString", "coordinates": [[77.6712496, 12.9288347], [77.6719851, 12.9288194], [77.6720049, 12.9287981], [77.6720168, 12.928788], [77.6720287, 12.928771], [77.6720311, 12.9287599], [77.6719267, 12.9282549]]}}, {"type": "Feature", "properties": {"name": "Margosa Avenue", "highway": "residential", "lanes": 2, "speed_limit_mps": 8.3}, "geometry": {"type": "LineString", "coordinates": [[77.6719267, 12.9282549], [77.6718126, 12.9278526]]}}, {"type": "Feature", "properties": {"name": "Margosa Avenue", "highway": "residential", "lanes": 2, "speed_limit_mps": 8.3}, "geometry": {"type": "LineString", "coordinates": [[77.6718126, 12.9278526], [77.6716057, 12.9273282]]}}, {"type": "Feature", "properties": {"name": "3 A Cross Road", "highway": "residential", "lanes": 2, "speed_limit_mps": 8.3}, "geometry": {"type": "LineString", "coordinates": [[77.6718126, 12.9278526], [77.6708426, 12.9277782], [77.6707327, 12.9277794], [77.6703599, 12.9278291]]}}, {"type": "Feature", "properties": {"name": "1st A Cross Road", "highway": "residential", "lanes": 2, "speed_limit_mps": 8.3}, "geometry": {"type": "LineString", "coordinates": [[77.6710594, 12.9260732], [77.6704746, 12.9262443]]}}, {"type": "Feature", "properties": {"name": "1st A Cross Road", "highway": "residential", "lanes": 2, "speed_limit_mps": 8.3}, "geometry": {"type": "LineString", "coordinates": [[77.6704746, 12.9262443], [77.6703635, 12.9262124]]}}, {"type": "Feature", "properties": {"name": "1st A Cross Road", "highway": "residential", "lanes": 2, "speed_limit_mps": 8.3}, "geometry": {"type": "LineString", "coordinates": [[77.6703635, 12.9262124], [77.6702856, 12.9262215]]}}, {"type": "Feature", "properties": {"name": "1st A Cross Road", "highway": "residential", "lanes": 2, "speed_limit_mps": 8.3}, "geometry": {"type": "LineString", "coordinates": [[77.6702856, 12.9262215], [77.6697898, 12.9262063], [77.6697577, 12.9262056]]}}, {"type": "Feature", "properties": {"name": "residential", "highway": "residential", "lanes": 2, "speed_limit_mps": 8.3}, "geometry": {"type": "LineString", "coordinates": [[77.6719267, 12.9282549], [77.6706603, 12.9282368]]}}, {"type": "Feature", "properties": {"name": "residential", "highway": "residential", "lanes": 2, "speed_limit_mps": 8.3}, "geometry": {"type": "LineString", "coordinates": [[77.6726028, 12.9272895], [77.672881, 12.9281606]]}}, {"type": "Feature", "properties": {"name": "Devarabeesanahalli Road", "highway": "tertiary", "lanes": 2, "speed_limit_mps": 11.1}, "geometry": {"type": "LineString", "coordinates": [[77.6892793, 12.9274105], [77.6892798, 12.9276544], [77.6892722, 12.927781], [77.6892516, 12.9278374]]}}, {"type": "Feature", "properties": {"name": "Devarabeesanahalli Road", "highway": "tertiary", "lanes": 2, "speed_limit_mps": 11.1}, "geometry": {"type": "LineString", "coordinates": [[77.6892516, 12.9278374], [77.6892099, 12.9278589], [77.6886924, 12.927905], [77.6883791, 12.9279607], [77.6883138, 12.9279668]]}}, {"type": "Feature", "properties": {"name": "Devarabeesanahalli Road", "highway": "tertiary", "lanes": 2, "speed_limit_mps": 11.1}, "geometry": {"type": "LineString", "coordinates": [[77.6883138, 12.9279668], [77.6882644, 12.9279715], [77.6879235, 12.9280228], [77.6879089, 12.9280255]]}}, {"type": "Feature", "properties": {"name": "Devarabeesanahalli Road", "highway": "tertiary", "lanes": 2, "speed_limit_mps": 11.1}, "geometry": {"type": "LineString", "coordinates": [[77.6879089, 12.9280255], [77.6879007, 12.928027], [77.6878788, 12.928031]]}}, {"type": "Feature", "properties": {"name": "Devarabeesanahalli Road", "highway": "tertiary", "lanes": 2, "speed_limit_mps": 11.1}, "geometry": {"type": "LineString", "coordinates": [[77.6878788, 12.928031], [77.6875466, 12.9280916], [77.6875166, 12.9280984]]}}, {"type": "Feature", "properties": {"name": "Devarabeesanahalli Road", "highway": "tertiary", "lanes": 2, "speed_limit_mps": 11.1}, "geometry": {"type": "LineString", "coordinates": [[77.6875166, 12.9280984], [77.6874181, 12.9281209]]}}, {"type": "Feature", "properties": {"name": "Devarabeesanahalli Road", "highway": "tertiary", "lanes": 2, "speed_limit_mps": 11.1}, "geometry": {"type": "LineString", "coordinates": [[77.6874181, 12.9281209], [77.6873097, 12.9281457]]}}, {"type": "Feature", "properties": {"name": "Devarabeesanahalli Road", "highway": "tertiary", "lanes": 2, "speed_limit_mps": 11.1}, "geometry": {"type": "LineString", "coordinates": [[77.6873097, 12.9281457], [77.6869017, 12.9282238]]}}, {"type": "Feature", "properties": {"name": "Devarabeesanahalli Road", "highway": "tertiary", "lanes": 2, "speed_limit_mps": 11.1}, "geometry": {"type": "LineString", "coordinates": [[77.6869017, 12.9282238], [77.6866169, 12.9282408]]}}, {"type": "Feature", "properties": {"name": "Devarabeesanahalli Road", "highway": "tertiary", "lanes": 2, "speed_limit_mps": 11.1}, "geometry": {"type": "LineString", "coordinates": [[77.6866169, 12.9282408], [77.686376, 12.9282369], [77.686074, 12.9281823]]}}, {"type": "Feature", "properties": {"name": "Devarabeesanahalli Road", "highway": "tertiary", "lanes": 2, "speed_limit_mps": 11.1}, "geometry": {"type": "LineString", "coordinates": [[77.686074, 12.9281823], [77.6860171, 12.928177], [77.6859576, 12.928196]]}}, {"type": "Feature", "properties": {"name": "Central Avenue", "highway": "tertiary", "lanes": 2, "speed_limit_mps": 11.1}, "geometry": {"type": "LineString", "coordinates": [[77.6847464, 12.9288777], [77.6847363, 12.9281565], [77.684738, 12.9280475], [77.6847531, 12.927937], [77.6847833, 12.9278403], [77.6848436, 12.9277535], [77.6849253, 12.9276764], [77.685079, 12.9275924], [77.6853376, 12.9274961], [77.6854679, 12.9274337], [77.6855623, 12.9273531], [77.685646, 12.927246], [77.6856968, 12.9271475], [77.6857476, 12.9270034], [77.6857847, 12.9268289], [77.6857868, 12.9264172], [77.6858, 12.9261555], [77.6858152, 12.9260938], [77.6858435, 12.9259727]]}}, {"type": "Feature", "properties": {"name": "tertiary", "highway": "tertiary", "lanes": 2, "speed_limit_mps": 11.1}, "geometry": {"type": "LineString", "coordinates": [[77.6862407, 12.9316249], [77.6863724, 12.9338303], [77.686373, 12.9340434], [77.6863709, 12.9342205], [77.6863766, 12.9345469], [77.6864002, 12.9351535], [77.6864046, 12.9352874], [77.6864079, 12.9355367], [77.6864105, 12.9360154], [77.6864118, 12.9360611], [77.68613, 12.9364731]]}}, {"type": "Feature", "properties": {"name": "tertiary", "highway": "tertiary", "lanes": 2, "speed_limit_mps": 11.1}, "geometry": {"type": "LineString", "coordinates": [[77.68613, 12.9364731], [77.6859999, 12.9366633], [77.6858208, 12.9368525], [77.6857299, 12.9369223], [77.6857328, 12.9369607]]}}, {"type": "Feature", "properties": {"name": "tertiary", "highway": "tertiary", "lanes": 2, "speed_limit_mps": 11.1}, "geometry": {"type": "LineString", "coordinates": [[77.6873274, 12.9380302], [77.6875771, 12.9380984], [77.6878544, 12.938174]]}}, {"type": "Feature", "properties": {"name": "Sakra Hospital Road", "highway": "tertiary", "lanes": 2, "speed_limit_mps": 11.1}, "geometry": {"type": "LineString", "coordinates": [[77.6846841, 12.9317965], [77.6847017, 12.9313962], [77.6847044, 12.9313742], [77.6847224, 12.9312249], [77.6847632, 12.9309501], [77.6848015, 12.9308263], [77.6849416, 12.9305519]]}}, {"type": "Feature", "properties": {"name": "Marathalli Bridge Service Road", "highway": "tertiary", "lanes": 2, "speed_limit_mps": 11.1}, "geometry": {"type": "LineString", "coordinates": [[77.7051294, 12.9568139], [77.7054043, 12.9567864], [77.7059941, 12.9567297], [77.7061477, 12.9567176], [77.7065637, 12.9566868]]}}, {"type": "Feature", "properties": {"name": "Marathalli Bridge Service Road", "highway": "tertiary", "lanes": 2, "speed_limit_mps": 11.1}, "geometry": {"type": "LineString", "coordinates": [[77.7065637, 12.9566868], [77.7072541, 12.9566362], [77.7073766, 12.9566271], [77.7075105, 12.9566172], [77.7077395, 12.9566043], [77.7078899, 12.9565959], [77.7084699, 12.9565682], [77.7085899, 12.9565641], [77.7089013, 12.9565961], [77.7090164, 12.9566079]]}}, {"type": "Feature", "properties": {"name": "Marathalli Bridge Service Road", "highway": "tertiary", "lanes": 2, "speed_limit_mps": 11.1}, "geometry": {"type": "LineString", "coordinates": [[77.7048873, 12.9564855], [77.7050862, 12.9564833], [77.7052435, 12.9564726], [77.7052484, 12.9564723], [77.706926, 12.956371]]}}, {"type": "Feature", "properties": {"name": "Marathalli Bridge Service Road", "highway": "tertiary", "lanes": 2, "speed_limit_mps": 11.1}, "geometry": {"type": "LineString", "coordinates": [[77.706926, 12.956371], [77.7088159, 12.9562465], [77.7089171, 12.9562096], [77.7090879, 12.9561474]]}}, {"type": "Feature", "properties": {"name": "Gandhi Nagar Main Road", "highway": "tertiary", "lanes": 2, "speed_limit_mps": 11.1}, "geometry": {"type": "LineString", "coordinates": [[77.7071838, 12.952599], [77.7072916, 12.9527584]]}}, {"type": "Feature", "properties": {"name": "Gandhi Nagar Main Road", "highway": "tertiary", "lanes": 2, "speed_limit_mps": 11.1}, "geometry": {"type": "LineString", "coordinates": [[77.7072916, 12.9527584], [77.7073499, 12.9529525]]}}, {"type": "Feature", "properties": {"name": "Gandhi Nagar Main Road", "highway": "tertiary", "lanes": 2, "speed_limit_mps": 11.1}, "geometry": {"type": "LineString", "coordinates": [[77.7073499, 12.9529525], [77.7074131, 12.9531614]]}}, {"type": "Feature", "properties": {"name": "Gandhi Nagar Main Road", "highway": "tertiary", "lanes": 2, "speed_limit_mps": 11.1}, "geometry": {"type": "LineString", "coordinates": [[77.7074131, 12.9531614], [77.7075277, 12.9535162]]}}, {"type": "Feature", "properties": {"name": "Gandhi Nagar Main Road", "highway": "tertiary", "lanes": 2, "speed_limit_mps": 11.1}, "geometry": {"type": "LineString", "coordinates": [[77.7075277, 12.9535162], [77.7075688, 12.9536409]]}}, {"type": "Feature", "properties": {"name": "Gandhi Nagar Main Road", "highway": "tertiary", "lanes": 2, "speed_limit_mps": 11.1}, "geometry": {"type": "LineString", "coordinates": [[77.7075688, 12.9536409], [77.7075862, 12.9536968]]}}, {"type": "Feature", "properties": {"name": "Gandhi Nagar Main Road", "highway": "tertiary", "lanes": 2, "speed_limit_mps": 11.1}, "geometry": {"type": "LineString", "coordinates": [[77.7075862, 12.9536968], [77.7076225, 12.9538928], [77.7076186, 12.9539941]]}}, {"type": "Feature", "properties": {"name": "Gandhi Nagar Main Road", "highway": "tertiary", "lanes": 2, "speed_limit_mps": 11.1}, "geometry": {"type": "LineString", "coordinates": [[77.7076186, 12.9539941], [77.7076166, 12.95406], [77.7075928, 12.9542718]]}}, {"type": "Feature", "properties": {"name": "Gandhi Nagar Main Road", "highway": "tertiary", "lanes": 2, "speed_limit_mps": 11.1}, "geometry": {"type": "LineString", "coordinates": [[77.7075928, 12.9542718], [77.7075449, 12.9545549]]}}, {"type": "Feature", "properties": {"name": "Gandhi Nagar Main Road", "highway": "tertiary", "lanes": 2, "speed_limit_mps": 11.1}, "geometry": {"type": "LineString", "coordinates": [[77.7075449, 12.9545549], [77.7074617, 12.9550801], [77.7074286, 12.9553919], [77.7074454, 12.9554223], [77.7074941, 12.9554294]]}}, {"type": "Feature", "properties": {"name": "Gandhi Nagar Main Road", "highway": "tertiary", "lanes": 2, "speed_limit_mps": 11.1}, "geometry": {"type": "LineString", "coordinates": [[77.7074941, 12.9554294], [77.7077235, 12.955418], [77.70796, 12.9553819]]}}, {"type": "Feature", "properties": {"name": "Gandhi Nagar Main Road", "highway": "tertiary", "lanes": 2, "speed_limit_mps": 11.1}, "geometry": {"type": "LineString", "coordinates": [[77.70796, 12.9553819], [77.7081383, 12.9553676]]}}, {"type": "Feature", "properties": {"name": "Gandhi Nagar Main Road", "highway": "tertiary", "lanes": 2, "speed_limit_mps": 11.1}, "geometry": {"type": "LineString", "coordinates": [[77.7081383, 12.9553676], [77.7081928, 12.9554249], [77.7082857, 12.9555632], [77.7083083, 12.9555981]]}}, {"type": "Feature", "properties": {"name": "Gandhi Nagar Main Road", "highway": "tertiary", "lanes": 2, "speed_limit_mps": 11.1}, "geometry": {"type": "LineString", "coordinates": [[77.7083083, 12.9555981], [77.7083626, 12.9556662], [77.7085256, 12.9558221], [77.7087657, 12.956038], [77.7088295, 12.9560773], [77.7089065, 12.9561076], [77.708978, 12.9561228], [77.7090879, 12.9561474]]}}, {"type": "Feature", "properties": {"name": "residential", "highway": "residential", "lanes": 2, "speed_limit_mps": 8.3}, "geometry": {"type": "LineString", "coordinates": [[77.6743175, 12.9246416], [77.6743147, 12.9245739], [77.6742392, 12.924331], [77.6742041, 12.9238938]]}}, {"type": "Feature", "properties": {"name": "residential", "highway": "residential", "lanes": 2, "speed_limit_mps": 8.3}, "geometry": {"type": "LineString", "coordinates": [[77.673219, 12.9237277], [77.6732978, 12.9237048], [77.6735313, 12.9236525], [77.6738074, 12.9237522]]}}, {"type": "Feature", "properties": {"name": "residential", "highway": "residential", "lanes": 2, "speed_limit_mps": 8.3}, "geometry": {"type": "LineString", "coordinates": [[77.6738074, 12.9237522], [77.6741101, 12.923856]]}}, {"type": "Feature", "properties": {"name": "residential", "highway": "residential", "lanes": 2, "speed_limit_mps": 8.3}, "geometry": {"type": "LineString", "coordinates": [[77.6741101, 12.923856], [77.6742041, 12.9238938]]}}, {"type": "Feature", "properties": {"name": "residential", "highway": "residential", "lanes": 2, "speed_limit_mps": 8.3}, "geometry": {"type": "LineString", "coordinates": [[77.6742041, 12.9238938], [77.674705, 12.9240893]]}}, {"type": "Feature", "properties": {"name": "residential", "highway": "residential", "lanes": 2, "speed_limit_mps": 8.3}, "geometry": {"type": "LineString", "coordinates": [[77.6741101, 12.923856], [77.6741088, 12.9234063]]}}, {"type": "Feature", "properties": {"name": "residential", "highway": "residential", "lanes": 2, "speed_limit_mps": 8.3}, "geometry": {"type": "LineString", "coordinates": [[77.6741088, 12.9234063], [77.6740719, 12.9230885], [77.6740189, 12.9227942]]}}, {"type": "Feature", "properties": {"name": "residential", "highway": "residential", "lanes": 2, "speed_limit_mps": 8.3}, "geometry": {"type": "LineString", "coordinates": [[77.6745579, 12.9233899], [77.6741088, 12.9234063]]}}, {"type": "Feature", "properties": {"name": "tertiary", "highway": "tertiary", "lanes": 2, "speed_limit_mps": 11.1}, "geometry": {"type": "LineString", "coordinates": [[77.6723413, 12.9238228], [77.6719432, 12.9236362], [77.6718274, 12.9235819], [77.6717907, 12.9235644]]}}, {"type": "Feature", "properties": {"name": "tertiary", "highway": "tertiary", "lanes": 2, "speed_limit_mps": 11.1}, "geometry": {"type": "LineString", "coordinates": [[77.6717907, 12.9235644], [77.6717529, 12.9235469], [77.6715654, 12.9234656], [77.6714361, 12.9234096], [77.671252, 12.9233267], [77.6706757, 12.9230432]]}}, {"type": "Feature", "properties": {"name": "tertiary", "highway": "tertiary", "lanes": 2, "speed_limit_mps": 11.1}, "geometry": {"type": "LineString", "coordinates": [[77.6706757, 12.9230432], [77.6706007, 12.9230096]]}}, {"type": "Feature", "properties": {"name": "tertiary", "highway": "tertiary", "lanes": 2, "speed_limit_mps": 11.1}, "geometry": {"type": "LineString", "coordinates": [[77.6706007, 12.9230096], [77.6704067, 12.9229227], [77.6693352, 12.9224217], [77.6690825, 12.9223039], [77.6686777, 12.9221153], [77.6682902, 12.9219347], [77.6681907, 12.9218887], [77.6680769, 12.9218349]]}}, {"type": "Feature", "properties": {"name": "1st Cross Road", "highway": "residential", "lanes": 2, "speed_limit_mps": 8.3}, "geometry": {"type": "LineString", "coordinates": [[77.7114845, 12.9550011], [77.7107854, 12.9549575]]}}, {"type": "Feature", "properties": {"name": "1st Cross Road", "highway": "residential", "lanes": 2, "speed_limit_mps": 8.3}, "geometry": {"type": "LineString", "coordinates": [[77.7107854, 12.9549575], [77.7098955, 12.954902]]}}, {"type": "Feature", "properties": {"name": "2nd Cross Road", "highway": "residential", "lanes": 2, "speed_limit_mps": 8.3}, "geometry": {"type": "LineString", "coordinates": [[77.7100012, 12.9546841], [77.710803, 12.9547447]]}}, {"type": "Feature", "properties": {"name": "2nd Cross Road", "highway": "residential", "lanes": 2, "speed_limit_mps": 8.3}, "geometry": {"type": "LineString", "coordinates": [[77.710803, 12.9547447], [77.7115111, 12.9547982]]}}, {"type": "Feature", "properties": {"name": "Victorian Meadows", "highway": "residential", "lanes": 2, "speed_limit_mps": 8.3}, "geometry": {"type": "LineString", "coordinates": [[77.7115583, 12.9544398], [77.711432, 12.9544265], [77.7113057, 12.9544131], [77.7109473, 12.9543603]]}}, {"type": "Feature", "properties": {"name": "Victorian Meadows", "highway": "residential", "lanes": 2, "speed_limit_mps": 8.3}, "geometry": {"type": "LineString", "coordinates": [[77.7109473, 12.9543603], [77.7101901, 12.9542439]]}}, {"type": "Feature", "properties": {"name": "Victorian Meadows", "highway": "residential", "lanes": 2, "speed_limit_mps": 8.3}, "geometry": {"type": "LineString", "coordinates": [[77.7109473, 12.9543603], [77.7110302, 12.9537394]]}}, {"type": "Feature", "properties": {"name": "Victorian Meadows", "highway": "residential", "lanes": 2, "speed_limit_mps": 8.3}, "geometry": {"type": "LineString", "coordinates": [[77.7110302, 12.9537394], [77.7111517, 12.9528301]]}}, {"type": "Feature", "properties": {"name": "tertiary", "highway": "tertiary", "lanes": 2, "speed_limit_mps": 11.1}, "geometry": {"type": "LineString", "coordinates": [[77.7000434, 12.9534383], [77.7001499, 12.9538951], [77.7002814, 12.9544126], [77.7004628, 12.9551224]]}}, {"type": "Feature", "properties": {"name": "tertiary", "highway": "tertiary", "lanes": 2, "speed_limit_mps": 11.1}, "geometry": {"type": "LineString", "coordinates": [[77.7004628, 12.9551224], [77.7005827, 12.9555618]]}}, {"type": "Feature", "properties": {"name": "tertiary", "highway": "tertiary", "lanes": 2, "speed_limit_mps": 11.1}, "geometry": {"type": "LineString", "coordinates": [[77.7005827, 12.9555618], [77.700663, 12.9557986], [77.7007633, 12.956064], [77.7007953, 12.9561674], [77.70087, 12.9564088], [77.7009178, 12.9566266], [77.7009299, 12.956675], [77.7009431, 12.956748]]}}, {"type": "Feature", "properties": {"name": "Service Road", "highway": "tertiary", "lanes": 2, "speed_limit_mps": 11.1}, "geometry": {"type": "LineString", "coordinates": [[77.7012265, 12.960252], [77.7012763, 12.960625], [77.7012873, 12.9607042], [77.7013523, 12.9611516], [77.7014686, 12.961898], [77.7015068, 12.962157]]}}, {"type": "Feature", "properties": {"name": "Service Road", "highway": "tertiary", "lanes": 2, "speed_limit_mps": 11.1}, "geometry": {"type": "LineString", "coordinates": [[77.6984883, 12.9457677], [77.6984614, 12.9456441], [77.6979563, 12.944124], [77.6979391, 12.9440724], [77.6977953, 12.9436599]]}}, {"type": "Feature", "properties": {"name": "Service Road", "highway": "tertiary", "lanes": 2, "speed_limit_mps": 11.1}, "geometry": {"type": "LineString", "coordinates": [[77.6977953, 12.9436599], [77.6977628, 12.9435665], [77.6976395, 12.9432347], [77.6975901, 12.9431148], [77.6975209, 12.9429766], [77.6973874, 12.9427101], [77.6973531, 12.9426448], [77.6972625, 12.9424704], [77.6971773, 12.9423095], [77.6971026, 12.9421909], [77.69696, 12.9419646], [77.6968441, 12.9417807], [77.6967233, 12.9415584], [77.6966089, 12.9413482]]}}, {"type": "Feature", "properties": {"name": "7th A Cross Road", "highway": "residential", "lanes": 2, "speed_limit_mps": 8.3}, "geometry": {"type": "LineString", "coordinates": [[77.7102697, 12.9530985], [77.7102803, 12.9534423]]}}, {"type": "Feature", "properties": {"name": "7th A Cross Road", "highway": "residential", "lanes": 2, "speed_limit_mps": 8.3}, "geometry": {"type": "LineString", "coordinates": [[77.7102803, 12.9534423], [77.7102897, 12.9537479]]}}, {"type": "Feature", "properties": {"name": "4th A Cross Road", "highway": "residential", "lanes": 2, "speed_limit_mps": 8.3}, "geometry": {"type": "LineString", "coordinates": [[77.7090988, 12.9530264], [77.7091627, 12.953978]]}}, {"type": "Feature", "properties": {"name": "4th A Cross Road", "highway": "residential", "lanes": 2, "speed_limit_mps": 8.3}, "geometry": {"type": "LineString", "coordinates": [[77.7091627, 12.953978], [77.7095691, 12.9540031]]}}, {"type": "Feature", "properties": {"name": "7th Cross Road", "highway": "residential", "lanes": 2, "speed_limit_mps": 8.3}, "geometry": {"type": "LineString", "coordinates": [[77.7102697, 12.9530985], [77.7102575, 12.9525245]]}}, {"type": "Feature", "properties": {"name": "1st Main Road", "highway": "residential", "lanes": 2, "speed_limit_mps": 8.3}, "geometry": {"type": "LineString", "coordinates": [[77.7074131, 12.9531614], [77.707753, 12.9531274]]}}, {"type": "Feature", "properties": {"name": "1st Main Road", "highway": "residential", "lanes": 2, "speed_limit_mps": 8.3}, "geometry": {"type": "LineString", "coordinates": [[77.707753, 12.9531274], [77.7080201, 12.9530922]]}}, {"type": "Feature", "properties": {"name": "1st Main Road", "highway": "residential", "lanes": 2, "speed_limit_mps": 8.3}, "geometry": {"type": "LineString", "coordinates": [[77.7080201, 12.9530922], [77.7084074, 12.9530042]]}}, {"type": "Feature", "properties": {"name": "1st Main Road", "highway": "residential", "lanes": 2, "speed_limit_mps": 8.3}, "geometry": {"type": "LineString", "coordinates": [[77.7084074, 12.9530042], [77.7085062, 12.9530035]]}}, {"type": "Feature", "properties": {"name": "1st Main Road", "highway": "residential", "lanes": 2, "speed_limit_mps": 8.3}, "geometry": {"type": "LineString", "coordinates": [[77.7085062, 12.9530035], [77.7087984, 12.953016]]}}, {"type": "Feature", "properties": {"name": "1st Main Road", "highway": "residential", "lanes": 2, "speed_limit_mps": 8.3}, "geometry": {"type": "LineString", "coordinates": [[77.7087984, 12.953016], [77.7090988, 12.9530264]]}}, {"type": "Feature", "properties": {"name": "1st Main Road", "highway": "residential", "lanes": 2, "speed_limit_mps": 8.3}, "geometry": {"type": "LineString", "coordinates": [[77.7090988, 12.9530264], [77.709367, 12.9530444]]}}, {"type": "Feature", "properties": {"name": "1st Main Road", "highway": "residential", "lanes": 2, "speed_limit_mps": 8.3}, "geometry": {"type": "LineString", "coordinates": [[77.709367, 12.9530444], [77.7094099, 12.9530473], [77.7095279, 12.9530578]]}}, {"type": "Feature", "properties": {"name": "1st Main Road", "highway": "residential", "lanes": 2, "speed_limit_mps": 8.3}, "geometry": {"type": "LineString", "coordinates": [[77.7095279, 12.9530578], [77.709664, 12.953067]]}}, {"type": "Feature", "properties": {"name": "1st Main Road", "highway": "residential", "lanes": 2, "speed_limit_mps": 8.3}, "geometry": {"type": "LineString", "coordinates": [[77.709664, 12.953067], [77.7100124, 12.9530891]]}}, {"type": "Feature", "properties": {"name": "1st Main Road", "highway": "residential", "lanes": 2, "speed_limit_mps": 8.3}, "geometry": {"type": "LineString", "coordinates": [[77.7100124, 12.9530891], [77.7100381, 12.9530907], [77.7102697, 12.9530985]]}}, {"type": "Feature", "properties": {"name": "1st Main Road", "highway": "residential", "lanes": 2, "speed_limit_mps": 8.3}, "geometry": {"type": "LineString", "coordinates": [[77.7102697, 12.9530985], [77.7103329, 12.9531047], [77.7105447, 12.9531152]]}}, {"type": "Feature", "properties": {"name": "9th Main Road", "highway": "residential", "lanes": 2, "speed_limit_mps": 8.3}, "geometry": {"type": "LineString", "coordinates": [[77.7117742, 12.9525776], [77.7112312, 12.9524892], [77.7121766, 12.9503837]]}}, {"type": "Feature", "properties": {"name": "3rd Cross Road", "highway": "residential", "lanes": 2, "speed_limit_mps": 8.3}, "geometry": {"type": "LineString", "coordinates": [[77.7090988, 12.9530264], [77.7090546, 12.9519378]]}}, {"type": "Feature", "properties": {"name": "6th A Cross", "highway": "residential", "lanes": 2, "speed_limit_mps": 8.3}, "geometry": {"type": "LineString", "coordinates": [[77.7100124, 12.9530891], [77.7100407, 12.9539414]]}}, {"type": "Feature", "properties": {"name": "5th A Cross Road", "highway": "residential", "lanes": 2, "speed_limit_mps": 8.3}, "geometry": {"type": "LineString", "coordinates": [[77.7095279, 12.9530578], [77.7095691, 12.9540031]]}}, {"type": "Feature", "properties": {"name": "5th A Cross Road", "highway": "residential", "lanes": 2, "speed_limit_mps": 8.3}, "geometry": {"type": "LineString", "coordinates": [[77.7095691, 12.9540031], [77.7095453, 12.9543158]]}}, {"type": "Feature", "properties": {"name": "5th A Cross Road", "highway": "residential", "lanes": 2, "speed_limit_mps": 8.3}, "geometry": {"type": "LineString", "coordinates": [[77.7095453, 12.9543158], [77.7087579, 12.9542548]]}}, {"type": "Feature", "properties": {"name": "6th Cross Road", "highway": "residential", "lanes": 2, "speed_limit_mps": 8.3}, "geometry": {"type": "LineString", "coordinates": [[77.7100124, 12.9530891], [77.7099571, 12.95242]]}}, {"type": "Feature", "properties": {"name": "S G R Dental College Road", "highway": "tertiary", "lanes": 2, "speed_limit_mps": 11.1}, "geometry": {"type": "LineString", "coordinates": [[77.6997277, 12.9502152], [77.7006749, 12.9499689]]}}, {"type": "Feature", "properties": {"name": "S G R Dental College Road", "highway": "tertiary", "lanes": 2, "speed_limit_mps": 11.1}, "geometry": {"type": "LineString", "coordinates": [[77.7006749, 12.9499689], [77.7012951, 12.9497968]]}}, {"type": "Feature", "properties": {"name": "S G R Dental College Road", "highway": "tertiary", "lanes": 2, "speed_limit_mps": 11.1}, "geometry": {"type": "LineString", "coordinates": [[77.7012951, 12.9497968], [77.7016644, 12.9497025]]}}, {"type": "Feature", "properties": {"name": "S G R Dental College Road", "highway": "tertiary", "lanes": 2, "speed_limit_mps": 11.1}, "geometry": {"type": "LineString", "coordinates": [[77.7016644, 12.9497025], [77.701824, 12.9496716], [77.7019013, 12.9496268], [77.7020154, 12.9494919], [77.7022488, 12.9493834]]}}, {"type": "Feature", "properties": {"name": "S G R Dental College Road", "highway": "tertiary", "lanes": 2, "speed_limit_mps": 11.1}, "geometry": {"type": "LineString", "coordinates": [[77.7022488, 12.9493834], [77.7025458, 12.9492524]]}}, {"type": "Feature", "properties": {"name": "S G R Dental College Road", "highway": "tertiary", "lanes": 2, "speed_limit_mps": 11.1}, "geometry": {"type": "LineString", "coordinates": [[77.7025458, 12.9492524], [77.7027068, 12.9491823]]}}, {"type": "Feature", "properties": {"name": "S G R Dental College Road", "highway": "tertiary", "lanes": 2, "speed_limit_mps": 11.1}, "geometry": {"type": "LineString", "coordinates": [[77.7027068, 12.9491823], [77.7029076, 12.949097], [77.7029296, 12.9490877], [77.702985, 12.9490642]]}}, {"type": "Feature", "properties": {"name": "S G R Dental College Road", "highway": "tertiary", "lanes": 2, "speed_limit_mps": 11.1}, "geometry": {"type": "LineString", "coordinates": [[77.702985, 12.9490642], [77.7033183, 12.9489176], [77.7034987, 12.948834]]}}, {"type": "Feature", "properties": {"name": "S G R Dental College Road", "highway": "tertiary", "lanes": 2, "speed_limit_mps": 11.1}, "geometry": {"type": "LineString", "coordinates": [[77.7034987, 12.948834], [77.7036809, 12.9487546]]}}, {"type": "Feature", "properties": {"name": "S G R Dental College Road", "highway": "tertiary", "lanes": 2, "speed_limit_mps": 11.1}, "geometry": {"type": "LineString", "coordinates": [[77.7036809, 12.9487546], [77.7037144, 12.948741]]}}, {"type": "Feature", "properties": {"name": "S G R Dental College Road", "highway": "tertiary", "lanes": 2, "speed_limit_mps": 11.1}, "geometry": {"type": "LineString", "coordinates": [[77.7037144, 12.948741], [77.7039732, 12.9486409]]}}, {"type": "Feature", "properties": {"name": "residential", "highway": "residential", "lanes": 2, "speed_limit_mps": 8.3}, "geometry": {"type": "LineString", "coordinates": [[77.7041278, 12.9518925], [77.7041274, 12.9518481], [77.7041132, 12.9508976]]}}, {"type": "Feature", "properties": {"name": "residential", "highway": "residential", "lanes": 2, "speed_limit_mps": 8.3}, "geometry": {"type": "LineString", "coordinates": [[77.7041132, 12.9508976], [77.7041005, 12.9499505], [77.704098, 12.9499434], [77.704091, 12.9499391], [77.7037329, 12.949994]]}}, {"type": "Feature", "properties": {"name": "residential", "highway": "residential", "lanes": 2, "speed_limit_mps": 8.3}, "geometry": {"type": "LineString", "coordinates": [[77.7037329, 12.949994], [77.7033856, 12.9500422]]}}, {"type": "Feature", "properties": {"name": "residential", "highway": "residential", "lanes": 2, "speed_limit_mps": 8.3}, "geometry": {"type": "LineString", "coordinates": [[77.7033856, 12.9500422], [77.7030267, 12.950092]]}}, {"type": "Feature", "properties": {"name": "residential", "highway": "residential", "lanes": 2, "speed_limit_mps": 8.3}, "geometry": {"type": "LineString", "coordinates": [[77.7030267, 12.950092], [77.70264, 12.9501757]]}}, {"type": "Feature", "properties": {"name": "residential", "highway": "residential", "lanes": 2, "speed_limit_mps": 8.3}, "geometry": {"type": "LineString", "coordinates": [[77.70264, 12.9501757], [77.7025773, 12.9501862]]}}, {"type": "Feature", "properties": {"name": "residential", "highway": "residential", "lanes": 2, "speed_limit_mps": 8.3}, "geometry": {"type": "LineString", "coordinates": [[77.7025773, 12.9501862], [77.7025384, 12.9501784], [77.7025068, 12.9501482], [77.7023693, 12.9496963]]}}, {"type": "Feature", "properties": {"name": "residential", "highway": "residential", "lanes": 2, "speed_limit_mps": 8.3}, "geometry": {"type": "LineString", "coordinates": [[77.7023693, 12.9496963], [77.7022488, 12.9493834]]}}, {"type": "Feature", "properties": {"name": "residential", "highway": "residential", "lanes": 2, "speed_limit_mps": 8.3}, "geometry": {"type": "LineString", "coordinates": [[77.7043328, 12.9538379], [77.7043316, 12.9533762]]}}, {"type": "Feature", "properties": {"name": "residential", "highway": "residential", "lanes": 2, "speed_limit_mps": 8.3}, "geometry": {"type": "LineString", "coordinates": [[77.7043316, 12.9533762], [77.7043316, 12.9530712]]}}, {"type": "Feature", "properties": {"name": "residential", "highway": "residential", "lanes": 2, "speed_limit_mps": 8.3}, "geometry": {"type": "LineString", "coordinates": [[77.7043316, 12.9530712], [77.7043286, 12.9530033]]}}, {"type": "Feature", "properties": {"name": "residential", "highway": "residential", "lanes": 2, "speed_limit_mps": 8.3}, "geometry": {"type": "LineString", "coordinates": [[77.7043286, 12.9530033], [77.7043111, 12.9527397]]}}, {"type": "Feature", "properties": {"name": "residential", "highway": "residential", "lanes": 2, "speed_limit_mps": 8.3}, "geometry": {"type": "LineString", "coordinates": [[77.7043111, 12.9527397], [77.7043029, 12.9526033]]}}, {"type": "Feature", "properties": {"name": "residential", "highway": "residential", "lanes": 2, "speed_limit_mps": 8.3}, "geometry": {"type": "LineString", "coordinates": [[77.7043029, 12.9526033], [77.7042899, 12.9523218]]}}, {"type": "Feature", "properties": {"name": "residential", "highway": "residential", "lanes": 2, "speed_limit_mps": 8.3}, "geometry": {"type": "LineString", "coordinates": [[77.7042899, 12.9523218], [77.7042776, 12.9521766], [77.704213, 12.9520541], [77.7041278, 12.9518925]]}}, {"type": "Feature", "properties": {"name": "residential", "highway": "residential", "lanes": 2, "speed_limit_mps": 8.3}, "geometry": {"type": "LineString", "coordinates": [[77.7041278, 12.9518925], [77.7039427, 12.9517118]]}}, {"type": "Feature", "properties": {"name": "residential", "highway": "residential", "lanes": 2, "speed_limit_mps": 8.3}, "geometry": {"type": "LineString", "coordinates": [[77.7039427, 12.9517118], [77.7037721, 12.9515453]]}}, {"type": "Feature", "properties": {"name": "residential", "highway": "residential", "lanes": 2, "speed_limit_mps": 8.3}, "geometry": {"type": "LineString", "coordinates": [[77.7037721, 12.9515453], [77.7035386, 12.9513435], [77.7033972, 12.9512213], [77.7033859, 12.9512074], [77.7033802, 12.9511828], [77.7033859, 12.9509098]]}}, {"type": "Feature", "properties": {"name": "residential", "highway": "residential", "lanes": 2, "speed_limit_mps": 8.3}, "geometry": {"type": "LineString", "coordinates": [[77.7033859, 12.9509098], [77.7033856, 12.9500422]]}}, {"type": "Feature", "properties": {"name": "Tulsi Theatre Road", "highway": "tertiary", "lanes": 2, "speed_limit_mps": 11.1}, "geometry": {"type": "LineString", "coordinates": [[77.6974404, 12.9486694], [77.6974544, 12.9487994], [77.6974986, 12.9490909], [77.6975898, 12.949605]]}}, {"type": "Feature", "properties": {"name": "Tulsi Theatre Road", "highway": "tertiary", "lanes": 2, "speed_limit_mps": 11.1}, "geometry": {"type": "LineString", "coordinates": [[77.6975898, 12.949605], [77.6976441, 12.9499467], [77.6977053, 12.9502574]]}}, {"type": "Feature", "properties": {"name": "Tulsi Theatre Road", "highway": "tertiary", "lanes": 2, "speed_limit_mps": 11.1}, "geometry": {"type": "LineString", "coordinates": [[77.6977053, 12.9502574], [77.697762, 12.9505456], [77.6978304, 12.9508702], [77.6978797, 12.9511028]]}}, {"type": "Feature", "properties": {"name": "Tulsi Theatre Road", "highway": "tertiary", "lanes": 2, "speed_limit_mps": 11.1}, "geometry": {"type": "LineString", "coordinates": [[77.6978797, 12.9511028], [77.6978991, 12.9512049], [77.6979386, 12.9514205]]}}, {"type": "Feature", "properties": {"name": "Tulsi Theatre Road", "highway": "tertiary", "lanes": 2, "speed_limit_mps": 11.1}, "geometry": {"type": "LineString", "coordinates": [[77.6979386, 12.9514205], [77.697979, 12.9516458]]}}, {"type": "Feature", "properties": {"name": "Tulsi Theatre Road", "highway": "tertiary", "lanes": 2, "speed_limit_mps": 11.1}, "geometry": {"type": "LineString", "coordinates": [[77.697979, 12.9516458], [77.6979871, 12.9517019]]}}, {"type": "Feature", "properties": {"name": "Tulsi Theatre Road", "highway": "tertiary", "lanes": 2, "speed_limit_mps": 11.1}, "geometry": {"type": "LineString", "coordinates": [[77.6979871, 12.9517019], [77.6980944, 12.9522248], [77.6981314, 12.9524019]]}}, {"type": "Feature", "properties": {"name": "Tulsi Theatre Road", "highway": "tertiary", "lanes": 2, "speed_limit_mps": 11.1}, "geometry": {"type": "LineString", "coordinates": [[77.6981314, 12.9524019], [77.6981685, 12.9526261]]}}, {"type": "Feature", "properties": {"name": "Tulsi Theatre Road", "highway": "tertiary", "lanes": 2, "speed_limit_mps": 11.1}, "geometry": {"type": "LineString", "coordinates": [[77.6981685, 12.9526261], [77.6982012, 12.9528409]]}}, {"type": "Feature", "properties": {"name": "Tulsi Theatre Road", "highway": "tertiary", "lanes": 2, "speed_limit_mps": 11.1}, "geometry": {"type": "LineString", "coordinates": [[77.6982012, 12.9528409], [77.698226, 12.9529663], [77.6982194, 12.9530043], [77.6981794, 12.9532334], [77.6981487, 12.9533356], [77.6981101, 12.9534417]]}}, {"type": "Feature", "properties": {"name": "Tulsi Theatre Road", "highway": "tertiary", "lanes": 2, "speed_limit_mps": 11.1}, "geometry": {"type": "LineString", "coordinates": [[77.6981101, 12.9534417], [77.6980856, 12.9535146], [77.6980115, 12.9537568]]}}, {"type": "Feature", "properties": {"name": "Tulsi Theatre Road", "highway": "tertiary", "lanes": 2, "speed_limit_mps": 11.1}, "geometry": {"type": "LineString", "coordinates": [[77.6980115, 12.9537568], [77.6979725, 12.9538743], [77.6979631, 12.9539202]]}}, {"type": "Feature", "properties": {"name": "Tulsi Theatre Road", "highway": "tertiary", "lanes": 2, "speed_limit_mps": 11.1}, "geometry": {"type": "LineString", "coordinates": [[77.6979631, 12.9539202], [77.6979751, 12.9540491], [77.6980216, 12.9543172]]}}, {"type": "Feature", "properties": {"name": "tertiary", "highway": "tertiary", "lanes": 2, "speed_limit_mps": 11.1}, "geometry": {"type": "LineString", "coordinates": [[77.6988788, 12.9478758], [77.6988231, 12.947899], [77.6983603, 12.9480951], [77.6982992, 12.9481287], [77.6981387, 12.9482126], [77.6976285, 12.9486002], [77.6974404, 12.9486694]]}}, {"type": "Feature", "properties": {"name": "New Horizon College Road", "highway": "primary", "lanes": 4, "speed_limit_mps": 16.7}, "geometry": {"type": "LineString", "coordinates": [[77.6904811, 12.9346363], [77.6905042, 12.9345893], [77.6906181, 12.9343469]]}}, {"type": "Feature", "properties": {"name": "New Horizon College Road", "highway": "primary", "lanes": 4, "speed_limit_mps": 16.7}, "geometry": {"type": "LineString", "coordinates": [[77.6906181, 12.9343469], [77.6907098, 12.9341396], [77.6908001, 12.9339828], [77.6908823, 12.9338732], [77.6909145, 12.9338306], [77.6909498, 12.9337781], [77.6909746, 12.9337385], [77.6910704, 12.933536], [77.6912202, 12.9332556], [77.691629, 12.9324882]]}}, {"type": "Feature", "properties": {"name": "New Horizon College Road", "highway": "primary", "lanes": 4, "speed_limit_mps": 16.7}, "geometry": {"type": "LineString", "coordinates": [[77.691629, 12.9324882], [77.6917322, 12.9322735], [77.6919062, 12.932136], [77.6925399, 12.9317692], [77.6932715, 12.9314364], [77.6933405, 12.9314134], [77.6934113, 12.9313985], [77.6935022, 12.9313927], [77.6944469, 12.9313453], [77.6949182, 12.9313358], [77.694964, 12.9313349], [77.6949933, 12.9313343], [77.6950507, 12.9313312]]}}, {"type": "Feature", "properties": {"name": "residential", "highway": "residential", "lanes": 2, "speed_limit_mps": 8.3}, "geometry": {"type": "LineString", "coordinates": [[77.6659947, 12.9237805], [77.6660096, 12.9242452], [77.6660398, 12.9243219], [77.6660605, 12.9243744], [77.6660698, 12.9247693], [77.6660821, 12.9252053]]}}, {"type": "Feature", "properties": {"name": "unclassified", "highway": "unclassified", "lanes": 2, "speed_limit_mps": 8.3}, "geometry": {"type": "LineString", "coordinates": [[77.6949508, 12.9346634], [77.6950528, 12.9346634]]}}, {"type": "Feature", "properties": {"name": "unclassified", "highway": "unclassified", "lanes": 2, "speed_limit_mps": 8.3}, "geometry": {"type": "LineString", "coordinates": [[77.6949726, 12.9356698], [77.6950903, 12.9356672]]}}, {"type": "Feature", "properties": {"name": "unclassified", "highway": "unclassified", "lanes": 2, "speed_limit_mps": 8.3}, "geometry": {"type": "LineString", "coordinates": [[77.6937015, 12.9369569], [77.6938661, 12.9367475], [77.6939857, 12.9367296], [77.6945604, 12.9366438]]}}, {"type": "Feature", "properties": {"name": "unclassified", "highway": "unclassified", "lanes": 2, "speed_limit_mps": 8.3}, "geometry": {"type": "LineString", "coordinates": [[77.6945604, 12.9366438], [77.6947093, 12.9366216], [77.6949028, 12.9365927], [77.6949346, 12.9365879], [77.6949947, 12.9365654], [77.6950437, 12.9365362], [77.6950787, 12.9365021], [77.6951008, 12.9364585], [77.6951093, 12.9363978], [77.6951043, 12.9361501], [77.6951025, 12.9360635], [77.695102, 12.9360376], [77.6950903, 12.9356672]]}}, {"type": "Feature", "properties": {"name": "unclassified", "highway": "unclassified", "lanes": 2, "speed_limit_mps": 8.3}, "geometry": {"type": "LineString", "coordinates": [[77.6950903, 12.9356672], [77.6950718, 12.9351449], [77.695063, 12.9348965], [77.6950528, 12.9346634]]}}, {"type": "Feature", "properties": {"name": "unclassified", "highway": "unclassified", "lanes": 2, "speed_limit_mps": 8.3}, "geometry": {"type": "LineString", "coordinates": [[77.6950528, 12.9346634], [77.6950493, 12.9345454], [77.6950147, 12.933535], [77.6950306, 12.9335026]]}}, {"type": "Feature", "properties": {"name": "unclassified", "highway": "unclassified", "lanes": 2, "speed_limit_mps": 8.3}, "geometry": {"type": "LineString", "coordinates": [[77.6926245, 12.9365985], [77.6926674, 12.9365576], [77.6927329, 12.9364802], [77.692801, 12.936435], [77.692909, 12.9364035], [77.693026, 12.9363995], [77.6931118, 12.936416], [77.6932059, 12.9364443], [77.6932995, 12.9364954], [77.693377, 12.9365493], [77.6934441, 12.9366057], [77.6935202, 12.9366821]]}}, {"type": "Feature", "properties": {"name": "unclassified", "highway": "unclassified", "lanes": 2, "speed_limit_mps": 8.3}, "geometry": {"type": "LineString", "coordinates": [[77.6935202, 12.9366821], [77.6935744, 12.9367448], [77.6936252, 12.9368092], [77.6936605, 12.9368707], [77.6937015, 12.9369569]]}}, {"type": "Feature", "properties": {"name": "unclassified", "highway": "unclassified", "lanes": 2, "speed_limit_mps": 8.3}, "geometry": {"type": "LineString", "coordinates": [[77.6937015, 12.9369569], [77.6937304, 12.9370497], [77.6937408, 12.9371289], [77.6937443, 12.9372129], [77.6937391, 12.9372794], [77.6937223, 12.9373439], [77.6936775, 12.9374122], [77.6936287, 12.9374628], [77.6936053, 12.9374871]]}}, {"type": "Feature", "properties": {"name": "unclassified", "highway": "unclassified", "lanes": 2, "speed_limit_mps": 8.3}, "geometry": {"type": "LineString", "coordinates": [[77.6949092, 12.933516], [77.6949181, 12.9335454], [77.6949229, 12.9337099], [77.6949334, 12.934069], [77.6949371, 12.9341947], [77.6949508, 12.9346634]]}}, {"type": "Feature", "properties": {"name": "unclassified", "highway": "unclassified", "lanes": 2, "speed_limit_mps": 8.3}, "geometry": {"type": "LineString", "coordinates": [[77.6949508, 12.9346634], [77.6949526, 12.9347452], [77.6949583, 12.9349474], [77.6949694, 12.9355222], [77.6949726, 12.9356698]]}}, {"type": "Feature", "properties": {"name": "unclassified", "highway": "unclassified", "lanes": 2, "speed_limit_mps": 8.3}, "geometry": {"type": "LineString", "coordinates": [[77.6949726, 12.9356698], [77.6950009, 12.9363274], [77.6949949, 12.9363728], [77.694981, 12.9364103], [77.6949543, 12.9364467], [77.6949117, 12.9364736], [77.6948698, 12.9364842], [77.6945383, 12.9365374]]}}, {"type": "Feature", "properties": {"name": "unclassified", "highway": "unclassified", "lanes": 2, "speed_limit_mps": 8.3}, "geometry": {"type": "LineString", "coordinates": [[77.6945383, 12.9365374], [77.6943192, 12.9365726], [77.6942953, 12.9365764], [77.6941644, 12.9365974], [77.6938481, 12.9366481], [77.6935202, 12.9366821]]}}, {"type": "Feature", "properties": {"name": "1st Main Road", "highway": "residential", "lanes": 2, "speed_limit_mps": 8.3}, "geometry": {"type": "LineString", "coordinates": [[77.7039427, 12.9517118], [77.7005113, 12.9524804], [77.7003218, 12.9524996], [77.7002452, 12.9525157], [77.7001894, 12.9525391]]}}, {"type": "Feature", "properties": {"name": "residential", "highway": "residential", "lanes": 2, "speed_limit_mps": 8.3}, "geometry": {"type": "LineString", "coordinates": [[77.7043316, 12.9530712], [77.7022542, 12.9532281], [77.7022555, 12.9533227]]}}, {"type": "Feature", "properties": {"name": "3rd Cross Road", "highway": "residential", "lanes": 2, "speed_limit_mps": 8.3}, "geometry": {"type": "LineString", "coordinates": [[77.7043328, 12.9538379], [77.7041022, 12.9538279]]}}, {"type": "Feature", "properties": {"name": "3rd Cross Road", "highway": "residential", "lanes": 2, "speed_limit_mps": 8.3}, "geometry": {"type": "LineString", "coordinates": [[77.7041022, 12.9538279], [77.7038847, 12.9538205]]}}, {"type": "Feature", "properties": {"name": "3rd Cross Road", "highway": "residential", "lanes": 2, "speed_limit_mps": 8.3}, "geometry": {"type": "LineString", "coordinates": [[77.7038847, 12.9538205], [77.7037346, 12.9538153], [77.7036205, 12.9537399], [77.7024581, 12.9537241]]}}, {"type": "Feature", "properties": {"name": "3rd Cross Road", "highway": "residential", "lanes": 2, "speed_limit_mps": 8.3}, "geometry": {"type": "LineString", "coordinates": [[77.7024581, 12.9537241], [77.7018174, 12.9537158]]}}, {"type": "Feature", "properties": {"name": "residential", "highway": "residential", "lanes": 2, "speed_limit_mps": 8.3}, "geometry": {"type": "LineString", "coordinates": [[77.70264, 12.9501757], [77.7026648, 12.9504834], [77.7026453, 12.9505056], [77.7019698, 12.9506675], [77.7002173, 12.9510875]]}}, {"type": "Feature", "properties": {"name": "residential", "highway": "residential", "lanes": 2, "speed_limit_mps": 8.3}, "geometry": {"type": "LineString", "coordinates": [[77.7030267, 12.950092], [77.7030349, 12.9508735]]}}, {"type": "Feature", "properties": {"name": "residential", "highway": "residential", "lanes": 2, "speed_limit_mps": 8.3}, "geometry": {"type": "LineString", "coordinates": [[77.7047814, 12.9533532], [77.7045517, 12.9533648]]}}, {"type": "Feature", "properties": {"name": "residential", "highway": "residential", "lanes": 2, "speed_limit_mps": 8.3}, "geometry": {"type": "LineString", "coordinates": [[77.7045517, 12.9533648], [77.7043316, 12.9533762]]}}, {"type": "Feature", "properties": {"name": "residential", "highway": "residential", "lanes": 2, "speed_limit_mps": 8.3}, "geometry": {"type": "LineString", "coordinates": [[77.7043316, 12.9533762], [77.7022633, 12.953444]]}}, {"type": "Feature", "properties": {"name": "1st Cross Road", "highway": "residential", "lanes": 2, "speed_limit_mps": 8.3}, "geometry": {"type": "LineString", "coordinates": [[77.7047691, 12.9546517], [77.7026341, 12.9542682]]}}, {"type": "Feature", "properties": {"name": "1st Cross Road", "highway": "residential", "lanes": 2, "speed_limit_mps": 8.3}, "geometry": {"type": "LineString", "coordinates": [[77.7026341, 12.9542682], [77.7023469, 12.9541998]]}}, {"type": "Feature", "properties": {"name": "1st Cross Road", "highway": "residential", "lanes": 2, "speed_limit_mps": 8.3}, "geometry": {"type": "LineString", "coordinates": [[77.7023469, 12.9541998], [77.7020712, 12.9541424]]}}, {"type": "Feature", "properties": {"name": "1st Cross Road", "highway": "residential", "lanes": 2, "speed_limit_mps": 8.3}, "geometry": {"type": "LineString", "coordinates": [[77.7020712, 12.9541424], [77.7017624, 12.9540781]]}}, {"type": "Feature", "properties": {"name": "Varthur Road", "highway": "primary", "lanes": 4, "speed_limit_mps": 16.7}, "geometry": {"type": "LineString", "coordinates": [[77.7120403, 12.9560373], [77.7117731, 12.956054], [77.7113911, 12.9560917]]}}, {"type": "Feature", "properties": {"name": "Varthur Road", "highway": "primary", "lanes": 4, "speed_limit_mps": 16.7}, "geometry": {"type": "LineString", "coordinates": [[77.7113911, 12.9560917], [77.711116, 12.956115], [77.7106845, 12.9561489], [77.7102875, 12.9561806], [77.7100513, 12.9561944], [77.7095782, 12.9562272]]}}, {"type": "Feature", "properties": {"name": "Varthur Road", "highway": "primary", "lanes": 4, "speed_limit_mps": 16.7}, "geometry": {"type": "LineString", "coordinates": [[77.7095782, 12.9562272], [77.7094094, 12.9562585], [77.7092152, 12.9562938], [77.7089937, 12.95632]]}}, {"type": "Feature", "properties": {"name": "Varthur Road", "highway": "primary", "lanes": 4, "speed_limit_mps": 16.7}, "geometry": {"type": "LineString", "coordinates": [[77.7089937, 12.95632], [77.708902, 12.9563313]]}}, {"type": "Feature", "properties": {"name": "Marathalli Bridge Service Road", "highway": "tertiary", "lanes": 2, "speed_limit_mps": 11.1}, "geometry": {"type": "LineString", "coordinates": [[77.7095782, 12.9562272], [77.7094316, 12.9561817], [77.7093856, 12.9561785], [77.7092784, 12.9561609]]}}, {"type": "Feature", "properties": {"name": "Marathalli Bridge Service Road", "highway": "tertiary", "lanes": 2, "speed_limit_mps": 11.1}, "geometry": {"type": "LineString", "coordinates": [[77.7092784, 12.9561609], [77.7090879, 12.9561474]]}}, {"type": "Feature", "properties": {"name": "Marathalli Bridge Service Road", "highway": "tertiary", "lanes": 2, "speed_limit_mps": 11.1}, "geometry": {"type": "LineString", "coordinates": [[77.7090879, 12.9561474], [77.7091102, 12.9561682], [77.709125, 12.9561884], [77.7091328, 12.9562102], [77.7091321, 12.956223], [77.7091312, 12.9562375], [77.7091196, 12.9562575], [77.7091, 12.9562736], [77.7089937, 12.95632]]}}, {"type": "Feature", "properties": {"name": "2nd Main Road", "highway": "residential", "lanes": 2, "speed_limit_mps": 8.3}, "geometry": {"type": "LineString", "coordinates": [[77.7028056, 12.9568602], [77.7028055, 12.9569251], [77.7028055, 12.9569786], [77.7028053, 12.9570647]]}}, {"type": "Feature", "properties": {"name": "2nd Main Road", "highway": "residential", "lanes": 2, "speed_limit_mps": 8.3}, "geometry": {"type": "LineString", "coordinates": [[77.7028053, 12.9570647], [77.702805, 12.9573442]]}}, {"type": "Feature", "properties": {"name": "2nd Main Road", "highway": "residential", "lanes": 2, "speed_limit_mps": 8.3}, "geometry": {"type": "LineString", "coordinates": [[77.702805, 12.9573442], [77.7028048, 12.9575144]]}}, {"type": "Feature", "properties": {"name": "2nd Main Road", "highway": "residential", "lanes": 2, "speed_limit_mps": 8.3}, "geometry": {"type": "LineString", "coordinates": [[77.7028048, 12.9575144], [77.7028046, 12.9576947]]}}, {"type": "Feature", "properties": {"name": "2nd Main Road", "highway": "residential", "lanes": 2, "speed_limit_mps": 8.3}, "geometry": {"type": "LineString", "coordinates": [[77.7028046, 12.9576947], [77.7028044, 12.957839]]}}, {"type": "Feature", "properties": {"name": "2nd Main Road", "highway": "residential", "lanes": 2, "speed_limit_mps": 8.3}, "geometry": {"type": "LineString", "coordinates": [[77.7028044, 12.957839], [77.7028041, 12.9580596]]}}, {"type": "Feature", "properties": {"name": "2nd Main Road", "highway": "residential", "lanes": 2, "speed_limit_mps": 8.3}, "geometry": {"type": "LineString", "coordinates": [[77.7028041, 12.9580596], [77.702804, 12.9581231]]}}, {"type": "Feature", "properties": {"name": "2nd Main Road", "highway": "residential", "lanes": 2, "speed_limit_mps": 8.3}, "geometry": {"type": "LineString", "coordinates": [[77.702804, 12.9581231], [77.7028037, 12.958413]]}}, {"type": "Feature", "properties": {"name": "2nd Main Road", "highway": "residential", "lanes": 2, "speed_limit_mps": 8.3}, "geometry": {"type": "LineString", "coordinates": [[77.7028037, 12.958413], [77.7028034, 12.9586411]]}}, {"type": "Feature", "properties": {"name": "2nd Main Road", "highway": "residential", "lanes": 2, "speed_limit_mps": 8.3}, "geometry": {"type": "LineString", "coordinates": [[77.7028034, 12.9586411], [77.7028031, 12.9588718]]}}, {"type": "Feature", "properties": {"name": "2nd Main Road", "highway": "residential", "lanes": 2, "speed_limit_mps": 8.3}, "geometry": {"type": "LineString", "coordinates": [[77.7028031, 12.9588718], [77.7028028, 12.9590941]]}}, {"type": "Feature", "properties": {"name": "2nd Main Road", "highway": "residential", "lanes": 2, "speed_limit_mps": 8.3}, "geometry": {"type": "LineString", "coordinates": [[77.7028028, 12.9590941], [77.7028025, 12.9593352]]}}, {"type": "Feature", "properties": {"name": "2nd Main Road", "highway": "residential", "lanes": 2, "speed_limit_mps": 8.3}, "geometry": {"type": "LineString", "coordinates": [[77.7028025, 12.9593352], [77.7028022, 12.9595667]]}}, {"type": "Feature", "properties": {"name": "2nd Main Road", "highway": "residential", "lanes": 2, "speed_limit_mps": 8.3}, "geometry": {"type": "LineString", "coordinates": [[77.7028022, 12.9595667], [77.702802, 12.9597702]]}}, {"type": "Feature", "properties": {"name": "2nd Main Road", "highway": "residential", "lanes": 2, "speed_limit_mps": 8.3}, "geometry": {"type": "LineString", "coordinates": [[77.702802, 12.9597702], [77.7028019, 12.9598225]]}}, {"type": "Feature", "properties": {"name": "5th Cross Road", "highway": "residential", "lanes": 2, "speed_limit_mps": 8.3}, "geometry": {"type": "LineString", "coordinates": [[77.6954649, 12.9551182], [77.6960804, 12.9550042], [77.6963365, 12.9549458], [77.6963858, 12.9549304], [77.6968675, 12.9548476], [77.6973486, 12.9547537], [77.6977132, 12.9547114], [77.6979241, 12.9547109], [77.6981037, 12.954691]]}}, {"type": "Feature", "properties": {"name": "residential", "highway": "residential", "lanes": 2, "speed_limit_mps": 8.3}, "geometry": {"type": "LineString", "coordinates": [[77.6962575, 12.9514542], [77.6964133, 12.9514061], [77.6968155, 12.9512743], [77.6972341, 12.9511397], [77.6972772, 12.951249]]}}, {"type": "Feature", "properties": {"name": "2nd Main Road", "highway": "residential", "lanes": 2, "speed_limit_mps": 8.3}, "geometry": {"type": "LineString", "coordinates": [[77.6958279, 12.9558551], [77.6961958, 12.9557935], [77.6964276, 12.9557563], [77.6966438, 12.9557238], [77.6972171, 12.9556547], [77.697609, 12.9555979], [77.6976187, 12.9557562], [77.6976178, 12.9557791]]}}, {"type": "Feature", "properties": {"name": "3rd Cross Road", "highway": "residential", "lanes": 2, "speed_limit_mps": 8.3}, "geometry": {"type": "LineString", "coordinates": [[77.6979436, 12.9550671], [77.698182, 12.9551131], [77.6983712, 12.9551411], [77.6988679, 12.9550223]]}}, {"type": "Feature", "properties": {"name": "5th Cross Road", "highway": "residential", "lanes": 2, "speed_limit_mps": 8.3}, "geometry": {"type": "LineString", "coordinates": [[77.6980938, 12.9546351], [77.698654, 12.9545229], [77.6997676, 12.9543007]]}}, {"type": "Feature", "properties": {"name": "4th Cross Road", "highway": "residential", "lanes": 2, "speed_limit_mps": 8.3}, "geometry": {"type": "LineString", "coordinates": [[77.6956704, 12.9553309], [77.6961528, 12.9552359], [77.6967137, 12.9551267], [77.6973749, 12.9550131], [77.6978773, 12.9549439], [77.6980459, 12.9549292]]}}, {"type": "Feature", "properties": {"name": "4th Cross Road", "highway": "residential", "lanes": 2, "speed_limit_mps": 8.3}, "geometry": {"type": "LineString", "coordinates": [[77.6980459, 12.9549292], [77.6982037, 12.9549081], [77.6997167, 12.9545713]]}}, {"type": "Feature", "properties": {"name": "8th Main Road", "highway": "residential", "lanes": 2, "speed_limit_mps": 8.3}, "geometry": {"type": "LineString", "coordinates": [[77.6982012, 12.9528409], [77.69783, 12.9529301], [77.6966384, 12.9533095]]}}, {"type": "Feature", "properties": {"name": "8th Main Road", "highway": "residential", "lanes": 2, "speed_limit_mps": 8.3}, "geometry": {"type": "LineString", "coordinates": [[77.6966384, 12.9533095], [77.6963204, 12.953428]]}}, {"type": "Feature", "properties": {"name": "8th Main Road", "highway": "residential", "lanes": 2, "speed_limit_mps": 8.3}, "geometry": {"type": "LineString", "coordinates": [[77.6963204, 12.953428], [77.6961419, 12.9534858], [77.6960017, 12.9535273]]}}, {"type": "Feature", "properties": {"name": "8th Main Road", "highway": "residential", "lanes": 2, "speed_limit_mps": 8.3}, "geometry": {"type": "LineString", "coordinates": [[77.6960017, 12.9535273], [77.6956852, 12.9536345]]}}, {"type": "Feature", "properties": {"name": "3rd Main Road", "highway": "residential", "lanes": 2, "speed_limit_mps": 8.3}, "geometry": {"type": "LineString", "coordinates": [[77.6979235, 12.9552346], [77.69783, 12.955241], [77.6976429, 12.9552554], [77.6972582, 12.9553083], [77.6969555, 12.9553646], [77.6963094, 12.9554742], [77.6957215, 12.955588], [77.6956704, 12.9553309]]}}, {"type": "Feature", "properties": {"name": "1st Cross Road", "highway": "residential", "lanes": 2, "speed_limit_mps": 8.3}, "geometry": {"type": "LineString", "coordinates": [[77.6982848, 12.9557482], [77.6983406, 12.9557398], [77.6983923, 12.9557426], [77.6984268, 12.9557721], [77.6984966, 12.9558521], [77.698512, 12.9558579], [77.6988682, 12.9557957], [77.6992904, 12.9557145]]}}, {"type": "Feature", "properties": {"name": "6th Cross Road", "highway": "residential", "lanes": 2, "speed_limit_mps": 8.3}, "geometry": {"type": "LineString", "coordinates": [[77.6980216, 12.9543172], [77.6995283, 12.9540314], [77.6997822, 12.9540006]]}}, {"type": "Feature", "properties": {"name": "10th Cross Road", "highway": "residential", "lanes": 2, "speed_limit_mps": 8.3}, "geometry": {"type": "LineString", "coordinates": [[77.6979871, 12.9517019], [77.6973398, 12.9518925], [77.6966848, 12.9520805], [77.6959101, 12.9523031], [77.6952864, 12.9524814]]}}, {"type": "Feature", "properties": {"name": "6th Main Road", "highway": "residential", "lanes": 2, "speed_limit_mps": 8.3}, "geometry": {"type": "LineString", "coordinates": [[77.6975957, 12.953828], [77.6973244, 12.9539076]]}}, {"type": "Feature", "properties": {"name": "6th Main Road", "highway": "residential", "lanes": 2, "speed_limit_mps": 8.3}, "geometry": {"type": "LineString", "coordinates": [[77.6973244, 12.9539076], [77.697063, 12.9539825]]}}, {"type": "Feature", "properties": {"name": "6th Main Road", "highway": "residential", "lanes": 2, "speed_limit_mps": 8.3}, "geometry": {"type": "LineString", "coordinates": [[77.697063, 12.9539825], [77.6967975, 12.9540614]]}}, {"type": "Feature", "properties": {"name": "6th Main Road", "highway": "residential", "lanes": 2, "speed_limit_mps": 8.3}, "geometry": {"type": "LineString", "coordinates": [[77.6967975, 12.9540614], [77.6965383, 12.954127]]}}, {"type": "Feature", "properties": {"name": "6th Main Road", "highway": "residential", "lanes": 2, "speed_limit_mps": 8.3}, "geometry": {"type": "LineString", "coordinates": [[77.6965383, 12.954127], [77.6962644, 12.9541971]]}}, {"type": "Feature", "properties": {"name": "6th Main Road", "highway": "residential", "lanes": 2, "speed_limit_mps": 8.3}, "geometry": {"type": "LineString", "coordinates": [[77.6962644, 12.9541971], [77.6960943, 12.9542379]]}}, {"type": "Feature", "properties": {"name": "residential", "highway": "residential", "lanes": 2, "speed_limit_mps": 8.3}, "geometry": {"type": "LineString", "coordinates": [[77.6952843, 12.9511594], [77.695549, 12.9510894]]}}, {"type": "Feature", "properties": {"name": "residential", "highway": "residential", "lanes": 2, "speed_limit_mps": 8.3}, "geometry": {"type": "LineString", "coordinates": [[77.695549, 12.9510894], [77.6958204, 12.9510174], [77.6956373, 12.9505249], [77.6955716, 12.9503785], [77.6955092, 12.950055]]}}, {"type": "Feature", "properties": {"name": "7th Cross Road", "highway": "residential", "lanes": 2, "speed_limit_mps": 8.3}, "geometry": {"type": "LineString", "coordinates": [[77.6982354, 12.9535088], [77.6990101, 12.9533616], [77.6999278, 12.9531475], [77.6999644, 12.953139]]}}, {"type": "Feature", "properties": {"name": "9th Main Road", "highway": "residential", "lanes": 2, "speed_limit_mps": 8.3}, "geometry": {"type": "LineString", "coordinates": [[77.6954607, 12.9530711], [77.6956518, 12.9530077], [77.6960064, 12.952912], [77.696441, 12.9528006], [77.6965756, 12.9527681], [77.6972035, 12.9526117]]}}, {"type": "Feature", "properties": {"name": "9th Main Road", "highway": "residential", "lanes": 2, "speed_limit_mps": 8.3}, "geometry": {"type": "LineString", "coordinates": [[77.6972035, 12.9526117], [77.697665, 12.9525103], [77.6981314, 12.9524019]]}}, {"type": "Feature", "properties": {"name": "Service Road", "highway": "tertiary", "lanes": 2, "speed_limit_mps": 11.1}, "geometry": {"type": "LineString", "coordinates": [[77.7010187, 12.9571838], [77.7010796, 12.9580588], [77.7010847, 12.9583413]]}}, {"type": "Feature", "properties": {"name": "Service Road", "highway": "tertiary", "lanes": 2, "speed_limit_mps": 11.1}, "geometry": {"type": "LineString", "coordinates": [[77.7010847, 12.9583413], [77.7010772, 12.9587625]]}}, {"type": "Feature", "properties": {"name": "Service Road", "highway": "tertiary", "lanes": 2, "speed_limit_mps": 11.1}, "geometry": {"type": "LineString", "coordinates": [[77.7010772, 12.9587625], [77.7010766, 12.9589178], [77.7010951, 12.9593052]]}}, {"type": "Feature", "properties": {"name": "Service Road", "highway": "tertiary", "lanes": 2, "speed_limit_mps": 11.1}, "geometry": {"type": "LineString", "coordinates": [[77.7010951, 12.9593052], [77.7011165, 12.9595457]]}}, {"type": "Feature", "properties": {"name": "Service Road", "highway": "tertiary", "lanes": 2, "speed_limit_mps": 11.1}, "geometry": {"type": "LineString", "coordinates": [[77.7011165, 12.9595457], [77.7011775, 12.9599835], [77.7011807, 12.9600013]]}}, {"type": "Feature", "properties": {"name": "Service Road", "highway": "tertiary", "lanes": 2, "speed_limit_mps": 11.1}, "geometry": {"type": "LineString", "coordinates": [[77.7011807, 12.9600013], [77.7012265, 12.960252]]}}, {"type": "Feature", "properties": {"name": "1st Main Road", "highway": "residential", "lanes": 2, "speed_limit_mps": 8.3}, "geometry": {"type": "LineString", "coordinates": [[77.6975878, 12.955783], [77.6975953, 12.9558933], [77.6969138, 12.9559728], [77.6964407, 12.9560258], [77.6958621, 12.9561082]]}}, {"type": "Feature", "properties": {"name": "6th Main Road", "highway": "tertiary", "lanes": 2, "speed_limit_mps": 11.1}, "geometry": {"type": "LineString", "coordinates": [[77.6653306, 12.9230168], [77.6653496, 12.9227065], [77.6654204, 12.9220916]]}}, {"type": "Feature", "properties": {"name": "6th Main Road", "highway": "tertiary", "lanes": 2, "speed_limit_mps": 11.1}, "geometry": {"type": "LineString", "coordinates": [[77.6654204, 12.9220916], [77.6654511, 12.921859]]}}, {"type": "Feature", "properties": {"name": "6th Main Road", "highway": "tertiary", "lanes": 2, "speed_limit_mps": 11.1}, "geometry": {"type": "LineString", "coordinates": [[77.6654511, 12.921859], [77.6654784, 12.9216642]]}}, {"type": "Feature", "properties": {"name": "6th Main Road", "highway": "tertiary", "lanes": 2, "speed_limit_mps": 11.1}, "geometry": {"type": "LineString", "coordinates": [[77.6654784, 12.9216642], [77.6655403, 12.9212042]]}}, {"type": "Feature", "properties": {"name": "6th Main Road", "highway": "tertiary", "lanes": 2, "speed_limit_mps": 11.1}, "geometry": {"type": "LineString", "coordinates": [[77.6655403, 12.9212042], [77.6655496, 12.921135], [77.6655558, 12.921086]]}}, {"type": "Feature", "properties": {"name": "residential", "highway": "residential", "lanes": 2, "speed_limit_mps": 8.3}, "geometry": {"type": "LineString", "coordinates": [[77.6724585, 12.9267465], [77.6726028, 12.9272895]]}}, {"type": "Feature", "properties": {"name": "residential", "highway": "residential", "lanes": 2, "speed_limit_mps": 8.3}, "geometry": {"type": "LineString", "coordinates": [[77.6972841, 12.9402343], [77.6975674, 12.9401994]]}}, {"type": "Feature", "properties": {"name": "residential", "highway": "residential", "lanes": 2, "speed_limit_mps": 8.3}, "geometry": {"type": "LineString", "coordinates": [[77.6975674, 12.9401994], [77.6979112, 12.9401574]]}}, {"type": "Feature", "properties": {"name": "residential", "highway": "residential", "lanes": 2, "speed_limit_mps": 8.3}, "geometry": {"type": "LineString", "coordinates": [[77.6966963, 12.9396146], [77.6969574, 12.9395804], [77.6972366, 12.9395609], [77.6977757, 12.9395112]]}}, {"type": "Feature", "properties": {"name": "residential", "highway": "residential", "lanes": 2, "speed_limit_mps": 8.3}, "geometry": {"type": "LineString", "coordinates": [[77.6969846, 12.9401446], [77.6972223, 12.9401038], [77.6973802, 12.9400605], [77.6978822, 12.9399958]]}}, {"type": "Feature", "properties": {"name": "residential", "highway": "residential", "lanes": 2, "speed_limit_mps": 8.3}, "geometry": {"type": "LineString", "coordinates": [[77.6967829, 12.9397483], [77.6969512, 12.9397225], [77.6978108, 12.9396585]]}}, {"type": "Feature", "properties": {"name": "2nd Main Road", "highway": "tertiary", "lanes": 2, "speed_limit_mps": 11.1}, "geometry": {"type": "LineString", "coordinates": [[77.6974451, 12.9385288], [77.6974644, 12.9385743], [77.6976097, 12.938939], [77.6976661, 12.9390817]]}}, {"type": "Feature", "properties": {"name": "2nd Main Road", "highway": "tertiary", "lanes": 2, "speed_limit_mps": 11.1}, "geometry": {"type": "LineString", "coordinates": [[77.6976661, 12.9390817], [77.6977757, 12.9395112]]}}, {"type": "Feature", "properties": {"name": "2nd Main Road", "highway": "tertiary", "lanes": 2, "speed_limit_mps": 11.1}, "geometry": {"type": "LineString", "coordinates": [[77.6977757, 12.9395112], [77.6978108, 12.9396585]]}}, {"type": "Feature", "properties": {"name": "2nd Main Road", "highway": "tertiary", "lanes": 2, "speed_limit_mps": 11.1}, "geometry": {"type": "LineString", "coordinates": [[77.6978108, 12.9396585], [77.6978501, 12.9398318]]}}, {"type": "Feature", "properties": {"name": "2nd Main Road", "highway": "tertiary", "lanes": 2, "speed_limit_mps": 11.1}, "geometry": {"type": "LineString", "coordinates": [[77.6978501, 12.9398318], [77.6978822, 12.9399958]]}}, {"type": "Feature", "properties": {"name": "2nd Main Road", "highway": "tertiary", "lanes": 2, "speed_limit_mps": 11.1}, "geometry": {"type": "LineString", "coordinates": [[77.6978822, 12.9399958], [77.6979112, 12.9401574]]}}, {"type": "Feature", "properties": {"name": "2nd Main Road", "highway": "tertiary", "lanes": 2, "speed_limit_mps": 11.1}, "geometry": {"type": "LineString", "coordinates": [[77.6979112, 12.9401574], [77.6979555, 12.9404484], [77.6979692, 12.9405325], [77.6979895, 12.9406568], [77.6982039, 12.9410959], [77.698345, 12.9412952], [77.698445, 12.9414517], [77.6986509, 12.941785], [77.6987509, 12.9419502], [77.6992031, 12.9426688], [77.6992648, 12.9427476]]}}, {"type": "Feature", "properties": {"name": "1st Main Road", "highway": "residential", "lanes": 2, "speed_limit_mps": 8.3}, "geometry": {"type": "LineString", "coordinates": [[77.6963175, 12.9390016], [77.6963485, 12.939053], [77.6965372, 12.9393325], [77.6965977, 12.9394362]]}}, {"type": "Feature", "properties": {"name": "1st Main Road", "highway": "residential", "lanes": 2, "speed_limit_mps": 8.3}, "geometry": {"type": "LineString", "coordinates": [[77.6965977, 12.9394362], [77.6966755, 12.9395802]]}}, {"type": "Feature", "properties": {"name": "1st Main Road", "highway": "residential", "lanes": 2, "speed_limit_mps": 8.3}, "geometry": {"type": "LineString", "coordinates": [[77.6966755, 12.9395802], [77.6966963, 12.9396146]]}}, {"type": "Feature", "properties": {"name": "1st Main Road", "highway": "residential", "lanes": 2, "speed_limit_mps": 8.3}, "geometry": {"type": "LineString", "coordinates": [[77.6966963, 12.9396146], [77.6967829, 12.9397483]]}}, {"type": "Feature", "properties": {"name": "1st Main Road", "highway": "residential", "lanes": 2, "speed_limit_mps": 8.3}, "geometry": {"type": "LineString", "coordinates": [[77.6967829, 12.9397483], [77.6968217, 12.9398113]]}}, {"type": "Feature", "properties": {"name": "1st Main Road", "highway": "residential", "lanes": 2, "speed_limit_mps": 8.3}, "geometry": {"type": "LineString", "coordinates": [[77.6968217, 12.9398113], [77.696856, 12.9398597], [77.6968991, 12.9399302]]}}, {"type": "Feature", "properties": {"name": "1st Main Road", "highway": "residential", "lanes": 2, "speed_limit_mps": 8.3}, "geometry": {"type": "LineString", "coordinates": [[77.6968991, 12.9399302], [77.6969451, 12.940008], [77.6969846, 12.9401446]]}}, {"type": "Feature", "properties": {"name": "Chinnappanahalli Road", "highway": "tertiary", "lanes": 2, "speed_limit_mps": 11.1}, "geometry": {"type": "LineString", "coordinates": [[77.7042988, 12.9603946], [77.7043303, 12.9600829], [77.7044353, 12.9592738]]}}, {"type": "Feature", "properties": {"name": "Chinnappanahalli Road", "highway": "tertiary", "lanes": 2, "speed_limit_mps": 11.1}, "geometry": {"type": "LineString", "coordinates": [[77.7044353, 12.9592738], [77.7044692, 12.9590005]]}}, {"type": "Feature", "properties": {"name": "Chinnappanahalli Road", "highway": "tertiary", "lanes": 2, "speed_limit_mps": 11.1}, "geometry": {"type": "LineString", "coordinates": [[77.7044692, 12.9590005], [77.7044877, 12.9589215], [77.7045081, 12.9588191]]}}, {"type": "Feature", "properties": {"name": "Chinnappanahalli Road", "highway": "tertiary", "lanes": 2, "speed_limit_mps": 11.1}, "geometry": {"type": "LineString", "coordinates": [[77.7045081, 12.9588191], [77.7045335, 12.9586307], [77.7045765, 12.9581665], [77.7046467, 12.9576734], [77.7046644, 12.9576147]]}}, {"type": "Feature", "properties": {"name": "Chinnappanahalli Road", "highway": "tertiary", "lanes": 2, "speed_limit_mps": 11.1}, "geometry": {"type": "LineString", "coordinates": [[77.7046644, 12.9576147], [77.7046727, 12.957587], [77.7047001, 12.9575083], [77.704728, 12.9574604]]}}, {"type": "Feature", "properties": {"name": "Chinnappanahalli Road", "highway": "tertiary", "lanes": 2, "speed_limit_mps": 11.1}, "geometry": {"type": "LineString", "coordinates": [[77.704728, 12.9574604], [77.7047548, 12.957401], [77.7047873, 12.9573359]]}}, {"type": "Feature", "properties": {"name": "Chinnappanahalli Road", "highway": "tertiary", "lanes": 2, "speed_limit_mps": 11.1}, "geometry": {"type": "LineString", "coordinates": [[77.7047873, 12.9573359], [77.7048205, 12.9572902], [77.7048745, 12.9571429]]}}, {"type": "Feature", "properties": {"name": "Chinnappanahalli Road", "highway": "tertiary", "lanes": 2, "speed_limit_mps": 11.1}, "geometry": {"type": "LineString", "coordinates": [[77.7048745, 12.9571429], [77.7048789, 12.9569887]]}}, {"type": "Feature", "properties": {"name": "residential", "highway": "residential", "lanes": 2, "speed_limit_mps": 8.3}, "geometry": {"type": "LineString", "coordinates": [[77.7005083, 12.9586363], [77.7004435, 12.9588553]]}}, {"type": "Feature", "properties": {"name": "residential", "highway": "residential", "lanes": 2, "speed_limit_mps": 8.3}, "geometry": {"type": "LineString", "coordinates": [[77.7004435, 12.9588553], [77.7004152, 12.9590579]]}}, {"type": "Feature", "properties": {"name": "residential", "highway": "residential", "lanes": 2, "speed_limit_mps": 8.3}, "geometry": {"type": "LineString", "coordinates": [[77.7004152, 12.9590579], [77.7004086, 12.9591428]]}}, {"type": "Feature", "properties": {"name": "1st Main Road", "highway": "residential", "lanes": 2, "speed_limit_mps": 8.3}, "geometry": {"type": "LineString", "coordinates": [[77.6997442, 12.9584725], [77.699706, 12.9589015], [77.699692, 12.959]]}}, {"type": "Feature", "properties": {"name": "1st Main Road", "highway": "residential", "lanes": 2, "speed_limit_mps": 8.3}, "geometry": {"type": "LineString", "coordinates": [[77.699692, 12.959], [77.699671, 12.959148]]}}, {"type": "Feature", "properties": {"name": "residential", "highway": "residential", "lanes": 2, "speed_limit_mps": 8.3}, "geometry": {"type": "LineString", "coordinates": [[77.7007493, 12.958905], [77.7004435, 12.9588553]]}}, {"type": "Feature", "properties": {"name": "residential", "highway": "residential", "lanes": 2, "speed_limit_mps": 8.3}, "geometry": {"type": "LineString", "coordinates": [[77.7004435, 12.9588553], [77.6999071, 12.9588083]]}}, {"type": "Feature", "properties": {"name": "tertiary", "highway": "tertiary", "lanes": 2, "speed_limit_mps": 11.1}, "geometry": {"type": "LineString", "coordinates": [[77.701301, 12.9567203], [77.7011701, 12.9562834], [77.7011143, 12.9561109], [77.7009077, 12.9555142], [77.7008654, 12.955365], [77.7007719, 12.9549834], [77.7004937, 12.9538792], [77.700366, 12.9533763]]}}, {"type": "Feature", "properties": {"name": "tertiary", "highway": "tertiary", "lanes": 2, "speed_limit_mps": 11.1}, "geometry": {"type": "LineString", "coordinates": [[77.700366, 12.9533763], [77.7002138, 12.9526867], [77.7001894, 12.9525391]]}}, {"type": "Feature", "properties": {"name": "1st Cross Road", "highway": "residential", "lanes": 2, "speed_limit_mps": 8.3}, "geometry": {"type": "LineString", "coordinates": [[77.7010772, 12.9587625], [77.701035, 12.9587587], [77.7005664, 12.9586457]]}}, {"type": "Feature", "properties": {"name": "1st Cross Road", "highway": "residential", "lanes": 2, "speed_limit_mps": 8.3}, "geometry": {"type": "LineString", "coordinates": [[77.7005664, 12.9586457], [77.7005083, 12.9586363]]}}, {"type": "Feature", "properties": {"name": "1st Cross Road", "highway": "residential", "lanes": 2, "speed_limit_mps": 8.3}, "geometry": {"type": "LineString", "coordinates": [[77.7005083, 12.9586363], [77.6999954, 12.9585263], [77.6997442, 12.9584725]]}}, {"type": "Feature", "properties": {"name": "1st Cross Road", "highway": "residential", "lanes": 2, "speed_limit_mps": 8.3}, "geometry": {"type": "LineString", "coordinates": [[77.6997442, 12.9584725], [77.6997181, 12.958462]]}}, {"type": "Feature", "properties": {"name": "1st Cross Road", "highway": "residential", "lanes": 2, "speed_limit_mps": 8.3}, "geometry": {"type": "LineString", "coordinates": [[77.6997181, 12.958462], [77.6994859, 12.958415]]}}, {"type": "Feature", "properties": {"name": "1st Cross Road", "highway": "residential", "lanes": 2, "speed_limit_mps": 8.3}, "geometry": {"type": "LineString", "coordinates": [[77.6994859, 12.958415], [77.699441, 12.958405]]}}, {"type": "Feature", "properties": {"name": "1st Cross Road", "highway": "residential", "lanes": 2, "speed_limit_mps": 8.3}, "geometry": {"type": "LineString", "coordinates": [[77.699441, 12.958405], [77.6993354, 12.9580775]]}}, {"type": "Feature", "properties": {"name": "1st Cross Road", "highway": "residential", "lanes": 2, "speed_limit_mps": 8.3}, "geometry": {"type": "LineString", "coordinates": [[77.6993354, 12.9580775], [77.6990737, 12.9571752], [77.6990676, 12.95712]]}}, {"type": "Feature", "properties": {"name": "Varthur Road", "highway": "primary", "lanes": 4, "speed_limit_mps": 16.7}, "geometry": {"type": "LineString", "coordinates": [[77.6970263, 12.9567703], [77.6975499, 12.9568517]]}}, {"type": "Feature", "properties": {"name": "Varthur Road", "highway": "primary", "lanes": 4, "speed_limit_mps": 16.7}, "geometry": {"type": "LineString", "coordinates": [[77.6975499, 12.9568517], [77.6978181, 12.9569015], [77.6980722, 12.9569449], [77.6987392, 12.9570719]]}}, {"type": "Feature", "properties": {"name": "Varthur Road", "highway": "primary", "lanes": 4, "speed_limit_mps": 16.7}, "geometry": {"type": "LineString", "coordinates": [[77.6987392, 12.9570719], [77.6990676, 12.95712]]}}, {"type": "Feature", "properties": {"name": "Varthur Road", "highway": "primary", "lanes": 4, "speed_limit_mps": 16.7}, "geometry": {"type": "LineString", "coordinates": [[77.6990676, 12.95712], [77.6992192, 12.9571267], [77.6994677, 12.9571243]]}}, {"type": "Feature", "properties": {"name": "Varthur Road", "highway": "primary", "lanes": 4, "speed_limit_mps": 16.7}, "geometry": {"type": "LineString", "coordinates": [[77.6994677, 12.9571243], [77.6998509, 12.9570858], [77.6999157, 12.9570805]]}}, {"type": "Feature", "properties": {"name": "Varthur Road", "highway": "primary", "lanes": 4, "speed_limit_mps": 16.7}, "geometry": {"type": "LineString", "coordinates": [[77.6999157, 12.9570805], [77.7003948, 12.9570404]]}}, {"type": "Feature", "properties": {"name": "Varthur Road", "highway": "primary", "lanes": 4, "speed_limit_mps": 16.7}, "geometry": {"type": "LineString", "coordinates": [[77.7003948, 12.9570404], [77.7008214, 12.9570041], [77.7008935, 12.956997], [77.7009389, 12.9569925]]}}, {"type": "Feature", "properties": {"name": "3rd Cross Road", "highway": "residential", "lanes": 2, "speed_limit_mps": 8.3}, "geometry": {"type": "LineString", "coordinates": [[77.7019945, 12.9568302], [77.7019945, 12.9567605], [77.7020994, 12.9558201], [77.7023052, 12.9547989]]}}, {"type": "Feature", "properties": {"name": "1st Cross Road", "highway": "residential", "lanes": 2, "speed_limit_mps": 8.3}, "geometry": {"type": "LineString", "coordinates": [[77.7003948, 12.9570404], [77.7004008, 12.9570907], [77.7004586, 12.9575793], [77.7004865, 12.9580128], [77.700532, 12.9583849], [77.7005664, 12.9586457]]}}, {"type": "Feature", "properties": {"name": "4th Cross Road", "highway": "residential", "lanes": 2, "speed_limit_mps": 8.3}, "geometry": {"type": "LineString", "coordinates": [[77.7017176, 12.9568547], [77.7017198, 12.9567631], [77.7017279, 12.9564963], [77.7017389, 12.9564144], [77.7017497, 12.9563172], [77.7017578, 12.9561735], [77.7017689, 12.9560216], [77.7017697, 12.9558205], [77.7017986, 12.9552222], [77.7018513, 12.9544128]]}}, {"type": "Feature", "properties": {"name": "5th Main Cross Road", "highway": "residential", "lanes": 2, "speed_limit_mps": 8.3}, "geometry": {"type": "LineString", "coordinates": [[77.7011165, 12.9595457], [77.7010709, 12.9595488], [77.7009131, 12.9595449]]}}, {"type": "Feature", "properties": {"name": "5th Main Cross Road", "highway": "residential", "lanes": 2, "speed_limit_mps": 8.3}, "geometry": {"type": "LineString", "coordinates": [[77.7009131, 12.9595449], [77.6994101, 12.9595234]]}}, {"type": "Feature", "properties": {"name": "residential", "highway": "residential", "lanes": 2, "speed_limit_mps": 8.3}, "geometry": {"type": "LineString", "coordinates": [[77.6682998, 12.9175812], [77.6683736, 12.9175575], [77.6685942, 12.9174826], [77.66862, 12.9174781], [77.668679, 12.9174705], [77.6687066, 12.9174912], [77.6687324, 12.9175588]]}}, {"type": "Feature", "properties": {"name": "residential", "highway": "residential", "lanes": 2, "speed_limit_mps": 8.3}, "geometry": {"type": "LineString", "coordinates": [[77.6687324, 12.9175588], [77.6687888, 12.9177407], [77.6689865, 12.9184544], [77.6690342, 12.9184761], [77.6695277, 12.9183191], [77.6697633, 12.918269]]}}, {"type": "Feature", "properties": {"name": "residential", "highway": "residential", "lanes": 2, "speed_limit_mps": 8.3}, "geometry": {"type": "LineString", "coordinates": [[77.6697633, 12.918269], [77.6698087, 12.9182575]]}}, {"type": "Feature", "properties": {"name": "residential", "highway": "residential", "lanes": 2, "speed_limit_mps": 8.3}, "geometry": {"type": "LineString", "coordinates": [[77.6698087, 12.9182575], [77.6699417, 12.9181994]]}}, {"type": "Feature", "properties": {"name": "residential", "highway": "residential", "lanes": 2, "speed_limit_mps": 8.3}, "geometry": {"type": "LineString", "coordinates": [[77.6699417, 12.9181994], [77.6704226, 12.9180471], [77.6705019, 12.9180126], [77.6705689, 12.9179545]]}}, {"type": "Feature", "properties": {"name": "residential", "highway": "residential", "lanes": 2, "speed_limit_mps": 8.3}, "geometry": {"type": "LineString", "coordinates": [[77.6694278, 12.9172977], [77.6690713, 12.9174155], [77.6690051, 12.9174654], [77.6689736, 12.9174892], [77.6687324, 12.9175588]]}}, {"type": "Feature", "properties": {"name": "residential", "highway": "residential", "lanes": 2, "speed_limit_mps": 8.3}, "geometry": {"type": "LineString", "coordinates": [[77.6698203, 12.9184413], [77.6697953, 12.9183563]]}}, {"type": "Feature", "properties": {"name": "Genesis Parking Road", "highway": "residential", "lanes": 2, "speed_limit_mps": 8.3}, "geometry": {"type": "LineString", "coordinates": [[77.6663502, 12.925726], [77.6663674, 12.925213], [77.6663775, 12.9251995], [77.6664156, 12.9251964], [77.6669823, 12.9251806], [77.6669946, 12.9251808], [77.6672985, 12.925176], [77.6673478, 12.9251822], [77.6673528, 12.9252416], [77.6680633, 12.9252625], [77.6681078, 12.9252675], [77.6681363, 12.9252818], [77.6681413, 12.9253063], [77.6681343, 12.9256679], [77.6681169, 12.9256782], [77.6680519, 12.9256894]]}}, {"type": "Feature", "properties": {"name": "2nd Cross Road", "highway": "residential", "lanes": 2, "speed_limit_mps": 8.3}, "geometry": {"type": "LineString", "coordinates": [[77.697938, 12.9554923], [77.6982431, 12.9554897], [77.6999089, 12.9551263], [77.699931, 12.9552209], [77.7004325, 12.9551291], [77.7004628, 12.9551224]]}}, {"type": "Feature", "properties": {"name": "Munireddy Layout", "highway": "residential", "lanes": 2, "speed_limit_mps": 8.3}, "geometry": {"type": "LineString", "coordinates": [[77.6990382, 12.9380759], [77.6990483, 12.9381235], [77.6992044, 12.9388621], [77.6992087, 12.9388826], [77.6992487, 12.939072]]}}, {"type": "Feature", "properties": {"name": "Munireddy Layout", "highway": "residential", "lanes": 2, "speed_limit_mps": 8.3}, "geometry": {"type": "LineString", "coordinates": [[77.6992487, 12.939072], [77.6993188, 12.9394033]]}}, {"type": "Feature", "properties": {"name": "residential", "highway": "residential", "lanes": 2, "speed_limit_mps": 8.3}, "geometry": {"type": "LineString", "coordinates": [[77.6654023, 12.9252305], [77.6654615, 12.9252288], [77.6654903, 12.9252276], [77.6658023, 12.9252159], [77.6658317, 12.9252148], [77.6660821, 12.9252053]]}}, {"type": "Feature", "properties": {"name": "residential", "highway": "residential", "lanes": 2, "speed_limit_mps": 8.3}, "geometry": {"type": "LineString", "coordinates": [[77.6660821, 12.9252053], [77.6661488, 12.9252262], [77.6661911, 12.9252593], [77.6662155, 12.9253022], [77.6662273, 12.9258114]]}}, {"type": "Feature", "properties": {"name": "Service Road", "highway": "tertiary", "lanes": 2, "speed_limit_mps": 11.1}, "geometry": {"type": "LineString", "coordinates": [[77.6988788, 12.9478758], [77.6988965, 12.9479266], [77.698931, 12.9480435], [77.6989974, 12.9482934], [77.6990081, 12.9483424], [77.6990821, 12.948619], [77.6991415, 12.9489259], [77.6991772, 12.9491106], [77.6991923, 12.9491877], [77.6992259, 12.9493592], [77.6992559, 12.9495439]]}}, {"type": "Feature", "properties": {"name": "Service Road", "highway": "tertiary", "lanes": 2, "speed_limit_mps": 11.1}, "geometry": {"type": "LineString", "coordinates": [[77.6992559, 12.9495439], [77.699332, 12.9499449]]}}, {"type": "Feature", "properties": {"name": "residential", "highway": "residential", "lanes": 2, "speed_limit_mps": 8.3}, "geometry": {"type": "LineString", "coordinates": [[77.7005501, 12.9360311], [77.7004764, 12.9360433], [77.6998944, 12.9361267], [77.6995438, 12.9361901], [77.6995191, 12.936062], [77.697441, 12.9364729], [77.6973799, 12.9364843]]}}, {"type": "Feature", "properties": {"name": "tertiary", "highway": "tertiary", "lanes": 2, "speed_limit_mps": 11.1}, "geometry": {"type": "LineString", "coordinates": [[77.6950142, 12.9394477], [77.6951556, 12.9396723], [77.6955604, 12.940341], [77.6959973, 12.9410343], [77.6960344, 12.9410958], [77.6960634, 12.9411405], [77.6961746, 12.9413313], [77.6961867, 12.9413509], [77.6962246, 12.9414115]]}}, {"type": "Feature", "properties": {"name": "tertiary", "highway": "tertiary", "lanes": 2, "speed_limit_mps": 11.1}, "geometry": {"type": "LineString", "coordinates": [[77.6962246, 12.9414115], [77.6963832, 12.9416648], [77.69644, 12.9417615], [77.6964864, 12.9418378], [77.6967279, 12.9422354], [77.6967792, 12.9423305], [77.6968515, 12.9424502], [77.6969108, 12.9425636], [77.69697, 12.942677], [77.6970636, 12.9428562], [77.6971858, 12.94309], [77.6972297, 12.9431958], [77.6973924, 12.9435875], [77.6974061, 12.9436205], [77.6974359, 12.9437055], [77.6975225, 12.9439528], [77.6975421, 12.9440088], [77.6976775, 12.944395], [77.697776, 12.944677]]}}, {"type": "Feature", "properties": {"name": "tertiary", "highway": "tertiary", "lanes": 2, "speed_limit_mps": 11.1}, "geometry": {"type": "LineString", "coordinates": [[77.697776, 12.944677], [77.6978513, 12.9448909], [77.6980283, 12.945351], [77.6981511, 12.9457363], [77.6982046, 12.9458302]]}}, {"type": "Feature", "properties": {"name": "2nd Cross Road", "highway": "residential", "lanes": 2, "speed_limit_mps": 8.3}, "geometry": {"type": "LineString", "coordinates": [[77.7028046, 12.9576947], [77.7015521, 12.9577755]]}}, {"type": "Feature", "properties": {"name": "Service Road", "highway": "tertiary", "lanes": 2, "speed_limit_mps": 11.1}, "geometry": {"type": "LineString", "coordinates": [[77.6903776, 12.9350372], [77.6904788, 12.9351502], [77.6905797, 12.9352412], [77.6906075, 12.9352722], [77.6906475, 12.9353042], [77.690693, 12.9353406], [77.6908929, 12.9354822], [77.6909703, 12.9355391], [77.6911775, 12.9357207], [77.6911987, 12.9357393], [77.6917709, 12.9362728], [77.691847, 12.9363406], [77.6920413, 12.9365033], [77.6921132, 12.9365723], [77.6924089, 12.9368559], [77.6926866, 12.9371223], [77.6930054, 12.9374229]]}}, {"type": "Feature", "properties": {"name": "tertiary", "highway": "tertiary", "lanes": 2, "speed_limit_mps": 11.1}, "geometry": {"type": "LineString", "coordinates": [[77.6680769, 12.9218349], [77.6674062, 12.9214943], [77.6664645, 12.9210582], [77.666087, 12.9208824]]}}, {"type": "Feature", "properties": {"name": "tertiary", "highway": "tertiary", "lanes": 2, "speed_limit_mps": 11.1}, "geometry": {"type": "LineString", "coordinates": [[77.666087, 12.9208824], [77.6660549, 12.920867], [77.6657793, 12.9207349], [77.6657051, 12.9206993], [77.6656607, 12.9206788], [77.665625, 12.9206553], [77.6656079, 12.9206265], [77.6655912, 12.9205994], [77.6655905, 12.9205646], [77.6655987, 12.9205226], [77.6656165, 12.920493], [77.665646, 12.9204611]]}}, {"type": "Feature", "properties": {"name": "tertiary", "highway": "tertiary", "lanes": 2, "speed_limit_mps": 11.1}, "geometry": {"type": "LineString", "coordinates": [[77.6662615, 12.9212738], [77.6664785, 12.9214244], [77.6665935, 12.9215006], [77.6678594, 12.9220808]]}}, {"type": "Feature", "properties": {"name": "residential", "highway": "residential", "lanes": 2, "speed_limit_mps": 8.3}, "geometry": {"type": "LineString", "coordinates": [[77.6705507, 12.9183701], [77.6710055, 12.9194074], [77.6715157, 12.9205916], [77.6718361, 12.9213754], [77.6718591, 12.9214366], [77.67173, 12.9214797], [77.6717031, 12.9215217]]}}, {"type": "Feature", "properties": {"name": "Sarjapura Road", "highway": "tertiary", "lanes": 2, "speed_limit_mps": 11.1}, "geometry": {"type": "LineString", "coordinates": [[77.6624187, 12.9211891], [77.662077, 12.9212854]]}}, {"type": "Feature", "properties": {"name": "5th Main Road", "highway": "residential", "lanes": 2, "speed_limit_mps": 8.3}, "geometry": {"type": "LineString", "coordinates": [[77.6635896, 12.9211189], [77.6636953, 12.9218196], [77.663719, 12.9219286], [77.6637888, 12.9223268]]}}, {"type": "Feature", "properties": {"name": "5th Main Road", "highway": "residential", "lanes": 2, "speed_limit_mps": 8.3}, "geometry": {"type": "LineString", "coordinates": [[77.6637888, 12.9223268], [77.6638407, 12.9225381]]}}, {"type": "Feature", "properties": {"name": "5th Main Road", "highway": "residential", "lanes": 2, "speed_limit_mps": 8.3}, "geometry": {"type": "LineString", "coordinates": [[77.6638407, 12.9225381], [77.6638448, 12.9225586], [77.6639323, 12.9227081]]}}, {"type": "Feature", "properties": {"name": "5th Main Road", "highway": "residential", "lanes": 2, "speed_limit_mps": 8.3}, "geometry": {"type": "LineString", "coordinates": [[77.6639323, 12.9227081], [77.663946, 12.9227315]]}}, {"type": "Feature", "properties": {"name": "5th Main Road", "highway": "residential", "lanes": 2, "speed_limit_mps": 8.3}, "geometry": {"type": "LineString", "coordinates": [[77.663946, 12.9227315], [77.6639803, 12.9227901], [77.6640299, 12.922913], [77.664049, 12.9229685]]}}, {"type": "Feature", "properties": {"name": "5th Main Road", "highway": "residential", "lanes": 2, "speed_limit_mps": 8.3}, "geometry": {"type": "LineString", "coordinates": [[77.664049, 12.9229685], [77.6640615, 12.9230049], [77.664071, 12.9231317]]}}, {"type": "Feature", "properties": {"name": "5th Main Road", "highway": "residential", "lanes": 2, "speed_limit_mps": 8.3}, "geometry": {"type": "LineString", "coordinates": [[77.664071, 12.9231317], [77.6640402, 12.9236503]]}}, {"type": "Feature", "properties": {"name": "trunk_link", "highway": "trunk_link", "lanes": 3, "speed_limit_mps": 13.9}, "geometry": {"type": "LineString", "coordinates": [[77.6802049, 12.9276259], [77.6802523, 12.9275457]]}}, {"type": "Feature", "properties": {"name": "Marathalli Bridge Service Road", "highway": "tertiary", "lanes": 2, "speed_limit_mps": 11.1}, "geometry": {"type": "LineString", "coordinates": [[77.7092013, 12.9563725], [77.7092606, 12.9564229], [77.7092935, 12.9564522], [77.7093079, 12.9564769], [77.7093157, 12.9565024], [77.7093113, 12.9565459], [77.7092972, 12.9565672], [77.709281, 12.9565757], [77.7092672, 12.9565796], [77.7092349, 12.9565892], [77.7091607, 12.9565943], [77.7090164, 12.9566079]]}}, {"type": "Feature", "properties": {"name": "trunk_link", "highway": "trunk_link", "lanes": 3, "speed_limit_mps": 13.9}, "geometry": {"type": "LineString", "coordinates": [[77.7013992, 12.9598046], [77.7014658, 12.9597508]]}}, {"type": "Feature", "properties": {"name": "Marathalli Bridge Service Road", "highway": "tertiary", "lanes": 2, "speed_limit_mps": 11.1}, "geometry": {"type": "LineString", "coordinates": [[77.7090164, 12.9566079], [77.7091559, 12.9566353], [77.7092491, 12.9566368], [77.7092957, 12.9566335], [77.7093249, 12.9566265], [77.7093453, 12.9566139], [77.7093595, 12.9565927], [77.7094392, 12.9564589], [77.7094526, 12.9564335], [77.7094748, 12.956404], [77.7094885, 12.9563873], [77.7095408, 12.9563106]]}}, {"type": "Feature", "properties": {"name": "Victorian Meadows Road", "highway": "residential", "lanes": 2, "speed_limit_mps": 8.3}, "geometry": {"type": "LineString", "coordinates": [[77.7113911, 12.9560917], [77.711392, 12.9560325], [77.7114845, 12.9550011]]}}, {"type": "Feature", "properties": {"name": "Victorian Meadows Road", "highway": "residential", "lanes": 2, "speed_limit_mps": 8.3}, "geometry": {"type": "LineString", "coordinates": [[77.7114845, 12.9550011], [77.7115111, 12.9547982]]}}, {"type": "Feature", "properties": {"name": "Victorian Meadows Road", "highway": "residential", "lanes": 2, "speed_limit_mps": 8.3}, "geometry": {"type": "LineString", "coordinates": [[77.7115111, 12.9547982], [77.7115583, 12.9544398]]}}, {"type": "Feature", "properties": {"name": "Victorian Meadows Road", "highway": "residential", "lanes": 2, "speed_limit_mps": 8.3}, "geometry": {"type": "LineString", "coordinates": [[77.7115583, 12.9544398], [77.711585, 12.954234], [77.7116203, 12.953962]]}}, {"type": "Feature", "properties": {"name": "Victorian Meadows Road", "highway": "residential", "lanes": 2, "speed_limit_mps": 8.3}, "geometry": {"type": "LineString", "coordinates": [[77.7116203, 12.953962], [77.7116229, 12.9539416], [77.71167, 12.9535791], [77.7117021, 12.9533629], [77.7117177, 12.9532577], [77.7117829, 12.9528184], [77.7118062, 12.9526615], [77.7117742, 12.9525776]]}}, {"type": "Feature", "properties": {"name": "1st Cross Road", "highway": "residential", "lanes": 2, "speed_limit_mps": 8.3}, "geometry": {"type": "LineString", "coordinates": [[77.7042988, 12.9603946], [77.7046679, 12.9604186], [77.7056944, 12.9604805]]}}, {"type": "Feature", "properties": {"name": "1st Cross Road", "highway": "residential", "lanes": 2, "speed_limit_mps": 8.3}, "geometry": {"type": "LineString", "coordinates": [[77.7056944, 12.9604805], [77.7057623, 12.9604846]]}}, {"type": "Feature", "properties": {"name": "unclassified", "highway": "unclassified", "lanes": 2, "speed_limit_mps": 8.3}, "geometry": {"type": "LineString", "coordinates": [[77.6948697, 12.9334827], [77.6948854, 12.9334999], [77.6949092, 12.933516]]}}, {"type": "Feature", "properties": {"name": "unclassified", "highway": "unclassified", "lanes": 2, "speed_limit_mps": 8.3}, "geometry": {"type": "LineString", "coordinates": [[77.6949092, 12.933516], [77.694934, 12.933525], [77.6949597, 12.9335279], [77.6949817, 12.9335257], [77.6950035, 12.933519], [77.6950198, 12.9335104], [77.6950306, 12.9335026]]}}, {"type": "Feature", "properties": {"name": "unclassified", "highway": "unclassified", "lanes": 2, "speed_limit_mps": 8.3}, "geometry": {"type": "LineString", "coordinates": [[77.6950306, 12.9335026], [77.6950431, 12.9334905], [77.6950564, 12.9334717], [77.6950659, 12.9334485], [77.6950692, 12.9334314], [77.6950693, 12.93341], [77.6950653, 12.9333902], [77.6950553, 12.9333672], [77.6950466, 12.9333545], [77.6950347, 12.9333418], [77.6950196, 12.9333304], [77.6949992, 12.9333202], [77.6949837, 12.9333156]]}}, {"type": "Feature", "properties": {"name": "unclassified", "highway": "unclassified", "lanes": 2, "speed_limit_mps": 8.3}, "geometry": {"type": "LineString", "coordinates": [[77.6949837, 12.9333156], [77.6949254, 12.9333182]]}}, {"type": "Feature", "properties": {"name": "unclassified", "highway": "unclassified", "lanes": 2, "speed_limit_mps": 8.3}, "geometry": {"type": "LineString", "coordinates": [[77.6949254, 12.9333182], [77.6948829, 12.9333432], [77.6948666, 12.9333628], [77.6948576, 12.9333797], [77.6948507, 12.9334037], [77.6948496, 12.9334281], [77.6948529, 12.9334475], [77.6948594, 12.9334652], [77.6948697, 12.9334827]]}}, {"type": "Feature", "properties": {"name": "tertiary", "highway": "tertiary", "lanes": 2, "speed_limit_mps": 11.1}, "geometry": {"type": "LineString", "coordinates": [[77.6903776, 12.9350372], [77.6901032, 12.9356001], [77.6900042, 12.935696], [77.6887981, 12.9356022]]}}, {"type": "Feature", "properties": {"name": "tertiary", "highway": "tertiary", "lanes": 2, "speed_limit_mps": 11.1}, "geometry": {"type": "LineString", "coordinates": [[77.6887981, 12.9356022], [77.6881229, 12.9355549], [77.6880619, 12.9355619], [77.6880052, 12.9355978], [77.6879874, 12.9356351], [77.6879793, 12.9356886], [77.6881688, 12.9362502], [77.6881607, 12.9363051]]}}, {"type": "Feature", "properties": {"name": "tertiary", "highway": "tertiary", "lanes": 2, "speed_limit_mps": 11.1}, "geometry": {"type": "LineString", "coordinates": [[77.6881607, 12.9363051], [77.6880899, 12.9367819]]}}, {"type": "Feature", "properties": {"name": "tertiary", "highway": "tertiary", "lanes": 2, "speed_limit_mps": 11.1}, "geometry": {"type": "LineString", "coordinates": [[77.6880899, 12.9367819], [77.6879213, 12.9377266], [77.6878956, 12.9378988], [77.6878544, 12.938174]]}}, {"type": "Feature", "properties": {"name": "tertiary", "highway": "tertiary", "lanes": 2, "speed_limit_mps": 11.1}, "geometry": {"type": "LineString", "coordinates": [[77.6878544, 12.938174], [77.6877584, 12.9387785], [77.6877938, 12.9388569], [77.687843, 12.9389123], [77.6879622, 12.9389808]]}}, {"type": "Feature", "properties": {"name": "Ecospace Internal Road", "highway": "unclassified", "lanes": 2, "speed_limit_mps": 8.3}, "geometry": {"type": "LineString", "coordinates": [[77.6810632, 12.9278189], [77.6810754, 12.9277771], [77.6810774, 12.9277341], [77.6810694, 12.9276884], [77.6810556, 12.9276487], [77.6810319, 12.9276081], [77.6810022, 12.927575]]}}, {"type": "Feature", "properties": {"name": "Ecospace Internal Road", "highway": "unclassified", "lanes": 2, "speed_limit_mps": 8.3}, "geometry": {"type": "LineString", "coordinates": [[77.6810022, 12.927575], [77.6809643, 12.9275482], [77.6809341, 12.9275358], [77.6809109, 12.9275301]]}}, {"type": "Feature", "properties": {"name": "Ecospace Internal Road", "highway": "unclassified", "lanes": 2, "speed_limit_mps": 8.3}, "geometry": {"type": "LineString", "coordinates": [[77.6809109, 12.9275301], [77.6808862, 12.9275273], [77.6808539, 12.9275288], [77.6808179, 12.9275344], [77.6807669, 12.9275501], [77.6807294, 12.927571], [77.6806945, 12.9276024], [77.680665, 12.927639]]}}, {"type": "Feature", "properties": {"name": "Ecospace Internal Road", "highway": "unclassified", "lanes": 2, "speed_limit_mps": 8.3}, "geometry": {"type": "LineString", "coordinates": [[77.6810022, 12.927575], [77.6810445, 12.9273761], [77.6811952, 12.926423], [77.6812352, 12.9261472], [77.6812517, 12.9259933]]}}, {"type": "Feature", "properties": {"name": "Ecospace Internal Road", "highway": "unclassified", "lanes": 2, "speed_limit_mps": 8.3}, "geometry": {"type": "LineString", "coordinates": [[77.6812517, 12.9259933], [77.6812776, 12.9257516], [77.6812833, 12.9256939], [77.6813015, 12.9254506], [77.6813126, 12.9253013]]}}, {"type": "Feature", "properties": {"name": "Ecospace Internal Road", "highway": "unclassified", "lanes": 2, "speed_limit_mps": 8.3}, "geometry": {"type": "LineString", "coordinates": [[77.6813126, 12.9253013], [77.6813461, 12.9247247]]}}, {"type": "Feature", "properties": {"name": "Ecospace Internal Road", "highway": "unclassified", "lanes": 2, "speed_limit_mps": 8.3}, "geometry": {"type": "LineString", "coordinates": [[77.6812824, 12.924516], [77.6812555, 12.9247199]]}}, {"type": "Feature", "properties": {"name": "Ecospace Internal Road", "highway": "unclassified", "lanes": 2, "speed_limit_mps": 8.3}, "geometry": {"type": "LineString", "coordinates": [[77.6812555, 12.9247199], [77.6812481, 12.9248158], [77.6812198, 12.9251797], [77.6812109, 12.9252942]]}}, {"type": "Feature", "properties": {"name": "Ecospace Internal Road", "highway": "unclassified", "lanes": 2, "speed_limit_mps": 8.3}, "geometry": {"type": "LineString", "coordinates": [[77.6812109, 12.9252942], [77.6812007, 12.9254265], [77.681187, 12.9256033], [77.6811804, 12.9256885], [77.6811761, 12.925742], [77.6811466, 12.9259825]]}}, {"type": "Feature", "properties": {"name": "Ecospace Internal Road", "highway": "unclassified", "lanes": 2, "speed_limit_mps": 8.3}, "geometry": {"type": "LineString", "coordinates": [[77.6811466, 12.9259825], [77.6811433, 12.926009], [77.6810942, 12.9264089], [77.6809955, 12.9270333], [77.6809439, 12.9273593], [77.6809109, 12.9275301]]}}, {"type": "Feature", "properties": {"name": "Ecospace Internal Road", "highway": "unclassified", "lanes": 2, "speed_limit_mps": 8.3}, "geometry": {"type": "LineString", "coordinates": [[77.6813042, 12.9243792], [77.6812824, 12.924516]]}}, {"type": "Feature", "properties": {"name": "residential", "highway": "residential", "lanes": 2, "speed_limit_mps": 8.3}, "geometry": {"type": "LineString", "coordinates": [[77.674705, 12.9240893], [77.6747439, 12.9246395]]}}, {"type": "Feature", "properties": {"name": "NR Layout Road", "highway": "residential", "lanes": 2, "speed_limit_mps": 8.3}, "geometry": {"type": "LineString", "coordinates": [[77.6756318, 12.9226284], [77.675799, 12.9224915], [77.6759054, 12.9224036], [77.676126, 12.9222668]]}}, {"type": "Feature", "properties": {"name": "NR Layout Road", "highway": "residential", "lanes": 2, "speed_limit_mps": 8.3}, "geometry": {"type": "LineString", "coordinates": [[77.676126, 12.9222668], [77.6763033, 12.9222385], [77.6767116, 12.9221735], [77.6770147, 12.9221391], [77.6772183, 12.9221115], [77.6775188, 12.9220075], [77.6778456, 12.9218992]]}}, {"type": "Feature", "properties": {"name": "NR Layout Road", "highway": "residential", "lanes": 2, "speed_limit_mps": 8.3}, "geometry": {"type": "LineString", "coordinates": [[77.6778456, 12.9218992], [77.6779748, 12.9218544], [77.6784761, 12.9217158]]}}, {"type": "Feature", "properties": {"name": "unclassified", "highway": "unclassified", "lanes": 2, "speed_limit_mps": 8.3}, "geometry": {"type": "LineString", "coordinates": [[77.6937359, 12.9480042], [77.6938352, 12.9479856], [77.6939736, 12.9479569], [77.6941094, 12.9479412], [77.6943053, 12.9479225], [77.6944233, 12.9479277], [77.6945224, 12.9479401], [77.6946107, 12.947961], [77.6946843, 12.9479784]]}}, {"type": "Feature", "properties": {"name": "unclassified", "highway": "unclassified", "lanes": 2, "speed_limit_mps": 8.3}, "geometry": {"type": "LineString", "coordinates": [[77.6946843, 12.9479784], [77.6947733, 12.9479995], [77.6949184, 12.9480563], [77.6951723, 12.9482028], [77.6952158, 12.9482151], [77.6952658, 12.9482178], [77.6954612, 12.9482155]]}}, {"type": "Feature", "properties": {"name": "unclassified", "highway": "unclassified", "lanes": 2, "speed_limit_mps": 8.3}, "geometry": {"type": "LineString", "coordinates": [[77.6954612, 12.9482155], [77.6957443, 12.9482087], [77.6958554, 12.9482067]]}}, {"type": "Feature", "properties": {"name": "unclassified", "highway": "unclassified", "lanes": 2, "speed_limit_mps": 8.3}, "geometry": {"type": "LineString", "coordinates": [[77.6958554, 12.9482067], [77.6959476, 12.9481771]]}}, {"type": "Feature", "properties": {"name": "tertiary", "highway": "tertiary", "lanes": 2, "speed_limit_mps": 11.1}, "geometry": {"type": "LineString", "coordinates": [[77.6850816, 12.9302775], [77.6851444, 12.9301286]]}}, {"type": "Feature", "properties": {"name": "tertiary", "highway": "tertiary", "lanes": 2, "speed_limit_mps": 11.1}, "geometry": {"type": "LineString", "coordinates": [[77.6678594, 12.9220808], [77.668255, 12.9222705], [77.6695001, 12.9228682]]}}, {"type": "Feature", "properties": {"name": "tertiary", "highway": "tertiary", "lanes": 2, "speed_limit_mps": 11.1}, "geometry": {"type": "LineString", "coordinates": [[77.6695001, 12.9228682], [77.6695689, 12.922901]]}}, {"type": "Feature", "properties": {"name": "Hyper Dr Lane", "highway": "residential", "lanes": 2, "speed_limit_mps": 8.3}, "geometry": {"type": "LineString", "coordinates": [[77.6704746, 12.9262443], [77.6708035, 12.9272736]]}}, {"type": "Feature", "properties": {"name": "tertiary", "highway": "tertiary", "lanes": 2, "speed_limit_mps": 11.1}, "geometry": {"type": "LineString", "coordinates": [[77.6653098, 12.9206436], [77.6653564, 12.9207097], [77.6653729, 12.9207372], [77.6655585, 12.9209342]]}}, {"type": "Feature", "properties": {"name": "residential", "highway": "residential", "lanes": 2, "speed_limit_mps": 8.3}, "geometry": {"type": "LineString", "coordinates": [[77.7092784, 12.9561609], [77.7092865, 12.9560624], [77.7092945, 12.9559638], [77.7093199, 12.9558646], [77.7093644, 12.9557686], [77.7094439, 12.9556384], [77.709692, 12.9552108], [77.7097269, 12.9551147], [77.7098144, 12.9548736], [77.7098078, 12.9548215]]}}, {"type": "Feature", "properties": {"name": "2nd Cross Road", "highway": "residential", "lanes": 2, "speed_limit_mps": 8.3}, "geometry": {"type": "LineString", "coordinates": [[77.70796, 12.9553819], [77.7078653, 12.9536499], [77.7075862, 12.9536968]]}}, {"type": "Feature", "properties": {"name": "residential", "highway": "residential", "lanes": 2, "speed_limit_mps": 8.3}, "geometry": {"type": "LineString", "coordinates": [[77.7081383, 12.9553676], [77.7081302, 12.955]]}}, {"type": "Feature", "properties": {"name": "residential", "highway": "residential", "lanes": 2, "speed_limit_mps": 8.3}, "geometry": {"type": "LineString", "coordinates": [[77.6964598, 12.954393], [77.6961578, 12.9544633]]}}, {"type": "Feature", "properties": {"name": "residential", "highway": "residential", "lanes": 2, "speed_limit_mps": 8.3}, "geometry": {"type": "LineString", "coordinates": [[77.6961578, 12.9544633], [77.69602, 12.9544932]]}}, {"type": "Feature", "properties": {"name": "1st A Main Road", "highway": "residential", "lanes": 2, "speed_limit_mps": 8.3}, "geometry": {"type": "LineString", "coordinates": [[77.7085177, 12.9533942], [77.7082827, 12.9534217]]}}, {"type": "Feature", "properties": {"name": "1st A Main Road", "highway": "residential", "lanes": 2, "speed_limit_mps": 8.3}, "geometry": {"type": "LineString", "coordinates": [[77.7082827, 12.9534217], [77.7075277, 12.9535162]]}}, {"type": "Feature", "properties": {"name": "2nd A Cross", "highway": "residential", "lanes": 2, "speed_limit_mps": 8.3}, "geometry": {"type": "LineString", "coordinates": [[77.7085062, 12.9530035], [77.7085177, 12.9533942]]}}, {"type": "Feature", "properties": {"name": "2nd A Cross", "highway": "residential", "lanes": 2, "speed_limit_mps": 8.3}, "geometry": {"type": "LineString", "coordinates": [[77.7085177, 12.9533942], [77.7085265, 12.9538375], [77.7085262, 12.9540039]]}}, {"type": "Feature", "properties": {"name": "3rd A Cross Road", "highway": "residential", "lanes": 2, "speed_limit_mps": 8.3}, "geometry": {"type": "LineString", "coordinates": [[77.7087984, 12.953016], [77.7088726, 12.9538307]]}}, {"type": "Feature", "properties": {"name": "2nd Cross Road", "highway": "residential", "lanes": 2, "speed_limit_mps": 8.3}, "geometry": {"type": "LineString", "coordinates": [[77.7087984, 12.953016], [77.7087667, 12.9520258]]}}, {"type": "Feature", "properties": {"name": "4th Cross Road", "highway": "residential", "lanes": 2, "speed_limit_mps": 8.3}, "geometry": {"type": "LineString", "coordinates": [[77.709367, 12.9530444], [77.7093591, 12.952412]]}}, {"type": "Feature", "properties": {"name": "5th Cross Road", "highway": "residential", "lanes": 2, "speed_limit_mps": 8.3}, "geometry": {"type": "LineString", "coordinates": [[77.709664, 12.953067], [77.7096461, 12.9523963]]}}, {"type": "Feature", "properties": {"name": "8th Cross Road", "highway": "residential", "lanes": 2, "speed_limit_mps": 8.3}, "geometry": {"type": "LineString", "coordinates": [[77.7105594, 12.9526277], [77.7105447, 12.9531152]]}}, {"type": "Feature", "properties": {"name": "Panathur Main Road", "highway": "tertiary", "lanes": 2, "speed_limit_mps": 11.1}, "geometry": {"type": "LineString", "coordinates": [[77.7006381, 12.9377299], [77.7006065, 12.9377396], [77.7005589, 12.9377543], [77.7005027, 12.9377662], [77.7004792, 12.9377712], [77.7002136, 12.9378274], [77.700156, 12.9378396], [77.6999806, 12.9378768], [77.6998305, 12.9379086], [77.6996368, 12.9379496], [77.6993715, 12.9380058], [77.6992673, 12.9380274]]}}, {"type": "Feature", "properties": {"name": "Panathur Main Road", "highway": "tertiary", "lanes": 2, "speed_limit_mps": 11.1}, "geometry": {"type": "LineString", "coordinates": [[77.6992673, 12.9380274], [77.6990382, 12.9380759]]}}, {"type": "Feature", "properties": {"name": "Panathur Main Road", "highway": "tertiary", "lanes": 2, "speed_limit_mps": 11.1}, "geometry": {"type": "LineString", "coordinates": [[77.6990382, 12.9380759], [77.6988487, 12.9381145], [77.6985702, 12.9381716]]}}, {"type": "Feature", "properties": {"name": "Panathur Main Road", "highway": "tertiary", "lanes": 2, "speed_limit_mps": 11.1}, "geometry": {"type": "LineString", "coordinates": [[77.6985702, 12.9381716], [77.6984745, 12.9381913], [77.6982309, 12.9382421]]}}, {"type": "Feature", "properties": {"name": "7th Main Road", "highway": "residential", "lanes": 2, "speed_limit_mps": 8.3}, "geometry": {"type": "LineString", "coordinates": [[77.6961401, 12.9539175], [77.6961844, 12.953908]]}}, {"type": "Feature", "properties": {"name": "7th Main Road", "highway": "residential", "lanes": 2, "speed_limit_mps": 8.3}, "geometry": {"type": "LineString", "coordinates": [[77.6961844, 12.953908], [77.696452, 12.9538378]]}}, {"type": "Feature", "properties": {"name": "7th Main Road", "highway": "residential", "lanes": 2, "speed_limit_mps": 8.3}, "geometry": {"type": "LineString", "coordinates": [[77.696452, 12.9538378], [77.6967075, 12.9537621]]}}, {"type": "Feature", "properties": {"name": "7th Main Road", "highway": "residential", "lanes": 2, "speed_limit_mps": 8.3}, "geometry": {"type": "LineString", "coordinates": [[77.6967075, 12.9537621], [77.6972267, 12.9535948]]}}, {"type": "Feature", "properties": {"name": "7th Main Road", "highway": "residential", "lanes": 2, "speed_limit_mps": 8.3}, "geometry": {"type": "LineString", "coordinates": [[77.6972267, 12.9535948], [77.6977618, 12.9534713], [77.6979388, 12.9534324], [77.6981101, 12.9534417]]}}, {"type": "Feature", "properties": {"name": "Munekolala Main Road", "highway": "tertiary", "lanes": 2, "speed_limit_mps": 11.1}, "geometry": {"type": "LineString", "coordinates": [[77.7048873, 12.9564855], [77.7049436, 12.9558315]]}}, {"type": "Feature", "properties": {"name": "Munekolala Main Road", "highway": "tertiary", "lanes": 2, "speed_limit_mps": 11.1}, "geometry": {"type": "LineString", "coordinates": [[77.7049436, 12.9558315], [77.7049677, 12.9556239]]}}, {"type": "Feature", "properties": {"name": "Munekolala Main Road", "highway": "tertiary", "lanes": 2, "speed_limit_mps": 11.1}, "geometry": {"type": "LineString", "coordinates": [[77.7049677, 12.9556239], [77.7050225, 12.9550065], [77.705039, 12.9548283], [77.7050536, 12.9546793]]}}, {"type": "Feature", "properties": {"name": "Munekolala Main Road", "highway": "tertiary", "lanes": 2, "speed_limit_mps": 11.1}, "geometry": {"type": "LineString", "coordinates": [[77.7050536, 12.9546793], [77.7051029, 12.9543937]]}}, {"type": "Feature", "properties": {"name": "Munekolala Main Road", "highway": "tertiary", "lanes": 2, "speed_limit_mps": 11.1}, "geometry": {"type": "LineString", "coordinates": [[77.7051029, 12.9543937], [77.7051722, 12.9541796]]}}, {"type": "Feature", "properties": {"name": "Munekolala Main Road", "highway": "tertiary", "lanes": 2, "speed_limit_mps": 11.1}, "geometry": {"type": "LineString", "coordinates": [[77.7051722, 12.9541796], [77.705228, 12.9540539], [77.705272, 12.953969]]}}, {"type": "Feature", "properties": {"name": "Munekolala Main Road", "highway": "tertiary", "lanes": 2, "speed_limit_mps": 11.1}, "geometry": {"type": "LineString", "coordinates": [[77.705272, 12.953969], [77.7057479, 12.9528868], [77.7058758, 12.9526034], [77.7059741, 12.9524668], [77.7060038, 12.9524573]]}}, {"type": "Feature", "properties": {"name": "residential", "highway": "residential", "lanes": 2, "speed_limit_mps": 8.3}, "geometry": {"type": "LineString", "coordinates": [[77.6761282, 12.9303228], [77.676714, 12.930375]]}}, {"type": "Feature", "properties": {"name": "residential", "highway": "residential", "lanes": 2, "speed_limit_mps": 8.3}, "geometry": {"type": "LineString", "coordinates": [[77.676714, 12.930375], [77.6770051, 12.9303813]]}}, {"type": "Feature", "properties": {"name": "4th B Cross Road", "highway": "residential", "lanes": 2, "speed_limit_mps": 8.3}, "geometry": {"type": "LineString", "coordinates": [[77.6764146, 12.9294941], [77.6761581, 12.9294743], [77.6757042, 12.929037]]}}, {"type": "Feature", "properties": {"name": "4th B Cross Road", "highway": "residential", "lanes": 2, "speed_limit_mps": 8.3}, "geometry": {"type": "LineString", "coordinates": [[77.6757042, 12.929037], [77.6755929, 12.9289284], [77.6755822, 12.9288421]]}}, {"type": "Feature", "properties": {"name": "4th B Cross Road", "highway": "residential", "lanes": 2, "speed_limit_mps": 8.3}, "geometry": {"type": "LineString", "coordinates": [[77.6755822, 12.9288421], [77.6753016, 12.9286719]]}}, {"type": "Feature", "properties": {"name": "4th B Cross Road", "highway": "residential", "lanes": 2, "speed_limit_mps": 8.3}, "geometry": {"type": "LineString", "coordinates": [[77.6753016, 12.9286719], [77.6750407, 12.9286669]]}}, {"type": "Feature", "properties": {"name": "4th B Cross Road", "highway": "residential", "lanes": 2, "speed_limit_mps": 8.3}, "geometry": {"type": "LineString", "coordinates": [[77.6750407, 12.9286669], [77.6750317, 12.9285633]]}}, {"type": "Feature", "properties": {"name": "4th B Cross Road", "highway": "residential", "lanes": 2, "speed_limit_mps": 8.3}, "geometry": {"type": "LineString", "coordinates": [[77.6750317, 12.9285633], [77.674997, 12.9284734], [77.6748599, 12.9283507]]}}, {"type": "Feature", "properties": {"name": "4th A Cross Road", "highway": "residential", "lanes": 2, "speed_limit_mps": 8.3}, "geometry": {"type": "LineString", "coordinates": [[77.6748599, 12.9283507], [77.6743336, 12.9283573]]}}, {"type": "Feature", "properties": {"name": "residential", "highway": "residential", "lanes": 2, "speed_limit_mps": 8.3}, "geometry": {"type": "LineString", "coordinates": [[77.6748599, 12.9283507], [77.6747933, 12.9282455], [77.6747681, 12.9281676], [77.6747607, 12.9280951]]}}, {"type": "Feature", "properties": {"name": "residential", "highway": "residential", "lanes": 2, "speed_limit_mps": 8.3}, "geometry": {"type": "LineString", "coordinates": [[77.6742869, 12.9278766], [77.6744861, 12.9278471], [77.6750694, 12.927747]]}}, {"type": "Feature", "properties": {"name": "residential", "highway": "residential", "lanes": 2, "speed_limit_mps": 8.3}, "geometry": {"type": "LineString", "coordinates": [[77.6750694, 12.927747], [77.6757001, 12.9276671]]}}, {"type": "Feature", "properties": {"name": "residential", "highway": "residential", "lanes": 2, "speed_limit_mps": 8.3}, "geometry": {"type": "LineString", "coordinates": [[77.6757001, 12.9276671], [77.676012, 12.9276297]]}}, {"type": "Feature", "properties": {"name": "residential", "highway": "residential", "lanes": 2, "speed_limit_mps": 8.3}, "geometry": {"type": "LineString", "coordinates": [[77.676012, 12.9276297], [77.6762243, 12.9276148]]}}, {"type": "Feature", "properties": {"name": "residential", "highway": "residential", "lanes": 2, "speed_limit_mps": 8.3}, "geometry": {"type": "LineString", "coordinates": [[77.6754832, 12.9273799], [77.6759879, 12.9273425]]}}, {"type": "Feature", "properties": {"name": "residential", "highway": "residential", "lanes": 2, "speed_limit_mps": 8.3}, "geometry": {"type": "LineString", "coordinates": [[77.6759879, 12.9273425], [77.6764465, 12.9272824]]}}, {"type": "Feature", "properties": {"name": "residential", "highway": "residential", "lanes": 2, "speed_limit_mps": 8.3}, "geometry": {"type": "LineString", "coordinates": [[77.6764153, 12.9270829], [77.6762085, 12.9271082], [77.676187, 12.9270344], [77.6757022, 12.9270429]]}}, {"type": "Feature", "properties": {"name": "residential", "highway": "residential", "lanes": 2, "speed_limit_mps": 8.3}, "geometry": {"type": "LineString", "coordinates": [[77.6764153, 12.9270829], [77.6772719, 12.926937]]}}, {"type": "Feature", "properties": {"name": "residential", "highway": "residential", "lanes": 2, "speed_limit_mps": 8.3}, "geometry": {"type": "LineString", "coordinates": [[77.6750401, 12.9287825], [77.6740989, 12.9287992]]}}, {"type": "Feature", "properties": {"name": "residential", "highway": "residential", "lanes": 2, "speed_limit_mps": 8.3}, "geometry": {"type": "LineString", "coordinates": [[77.6740989, 12.9287992], [77.6738741, 12.9288363], [77.6738374, 12.9288578], [77.6737972, 12.9288839], [77.6736909, 12.9289987]]}}, {"type": "Feature", "properties": {"name": "10th Cross Road", "highway": "residential", "lanes": 2, "speed_limit_mps": 8.3}, "geometry": {"type": "LineString", "coordinates": [[77.6763961, 12.9296356], [77.6764606, 12.9296484], [77.6770269, 12.9296738]]}}, {"type": "Feature", "properties": {"name": "10th Cross Road", "highway": "residential", "lanes": 2, "speed_limit_mps": 8.3}, "geometry": {"type": "LineString", "coordinates": [[77.6770269, 12.9296738], [77.6774281, 12.9296919], [77.6775846, 12.9297006]]}}, {"type": "Feature", "properties": {"name": "10th Cross Road", "highway": "residential", "lanes": 2, "speed_limit_mps": 8.3}, "geometry": {"type": "LineString", "coordinates": [[77.6775846, 12.9297006], [77.6779974, 12.9297175]]}}, {"type": "Feature", "properties": {"name": "9th Cross Road", "highway": "residential", "lanes": 2, "speed_limit_mps": 8.3}, "geometry": {"type": "LineString", "coordinates": [[77.6764421, 12.9293184], [77.6770523, 12.9293476]]}}, {"type": "Feature", "properties": {"name": "9th Cross Road", "highway": "residential", "lanes": 2, "speed_limit_mps": 8.3}, "geometry": {"type": "LineString", "coordinates": [[77.6770523, 12.9293476], [77.6776157, 12.9293572]]}}, {"type": "Feature", "properties": {"name": "9th Cross Road", "highway": "residential", "lanes": 2, "speed_limit_mps": 8.3}, "geometry": {"type": "LineString", "coordinates": [[77.6776157, 12.9293572], [77.6782189, 12.9293811]]}}, {"type": "Feature", "properties": {"name": "residential", "highway": "residential", "lanes": 2, "speed_limit_mps": 8.3}, "geometry": {"type": "LineString", "coordinates": [[77.6765233, 12.9285284], [77.6771744, 12.9285191]]}}, {"type": "Feature", "properties": {"name": "residential", "highway": "residential", "lanes": 2, "speed_limit_mps": 8.3}, "geometry": {"type": "LineString", "coordinates": [[77.6765356, 12.9282997], [77.6771855, 12.9282912], [77.677523, 12.9282452], [77.6777064, 12.9282296]]}}, {"type": "Feature", "properties": {"name": "residential", "highway": "residential", "lanes": 2, "speed_limit_mps": 8.3}, "geometry": {"type": "LineString", "coordinates": [[77.6765381, 12.9280545], [77.6768906, 12.9280384], [77.6771509, 12.9280307], [77.6777169, 12.9279833]]}}, {"type": "Feature", "properties": {"name": "residential", "highway": "residential", "lanes": 2, "speed_limit_mps": 8.3}, "geometry": {"type": "LineString", "coordinates": [[77.6764817, 12.9274579], [77.6772505, 12.927331]]}}, {"type": "Feature", "properties": {"name": "residential", "highway": "residential", "lanes": 2, "speed_limit_mps": 8.3}, "geometry": {"type": "LineString", "coordinates": [[77.6765302, 12.9277776], [77.6772781, 12.9276833]]}}, {"type": "Feature", "properties": {"name": "residential", "highway": "residential", "lanes": 2, "speed_limit_mps": 8.3}, "geometry": {"type": "LineString", "coordinates": [[77.6756385, 12.9303564], [77.6756033, 12.9302899], [77.6755569, 12.9301737], [77.6755063, 12.9300391], [77.6754496, 12.9299851]]}}, {"type": "Feature", "properties": {"name": "residential", "highway": "residential", "lanes": 2, "speed_limit_mps": 8.3}, "geometry": {"type": "LineString", "coordinates": [[77.6754496, 12.9299851], [77.6752733, 12.9300004], [77.6749951, 12.930031], [77.6749097, 12.9300023]]}}, {"type": "Feature", "properties": {"name": "Ashoka Lane", "highway": "residential", "lanes": 2, "speed_limit_mps": 8.3}, "geometry": {"type": "LineString", "coordinates": [[77.6738661, 12.9283461], [77.6735195, 12.9283754], [77.6734907, 12.9283728], [77.6734629, 12.9283516]]}}, {"type": "Feature", "properties": {"name": "Ashoka Lane", "highway": "residential", "lanes": 2, "speed_limit_mps": 8.3}, "geometry": {"type": "LineString", "coordinates": [[77.6734629, 12.9283516], [77.6734455, 12.928293]]}}, {"type": "Feature", "properties": {"name": "Kariyamma Agrahara Road", "highway": "tertiary", "lanes": 2, "speed_limit_mps": 11.1}, "geometry": {"type": "LineString", "coordinates": [[77.6914152, 12.9400784], [77.6919534, 12.9401548], [77.6922407, 12.9401624], [77.6927262, 12.9400952]]}}, {"type": "Feature", "properties": {"name": "Kariyamma Agrahara Road", "highway": "tertiary", "lanes": 2, "speed_limit_mps": 11.1}, "geometry": {"type": "LineString", "coordinates": [[77.6927262, 12.9400952], [77.6927772, 12.9400868], [77.6928474, 12.9400752], [77.6928815, 12.9400697], [77.6929145, 12.9400609], [77.6936473, 12.9398661], [77.6940163, 12.939768], [77.6941022, 12.9397452], [77.6943682, 12.9396719], [77.6944759, 12.9396422], [77.6945011, 12.9396353], [77.6947678, 12.9395292]]}}, {"type": "Feature", "properties": {"name": "Kariyamma Agrahara Road", "highway": "tertiary", "lanes": 2, "speed_limit_mps": 11.1}, "geometry": {"type": "LineString", "coordinates": [[77.6947678, 12.9395292], [77.6949651, 12.9394618], [77.6950142, 12.9394477]]}}, {"type": "Feature", "properties": {"name": "5th Cross Road", "highway": "residential", "lanes": 2, "speed_limit_mps": 8.3}, "geometry": {"type": "LineString", "coordinates": [[77.6873097, 12.9281457], [77.6872674, 12.9276003], [77.6872232, 12.9270017], [77.6872056, 12.9265582], [77.6871614, 12.9263989]]}}, {"type": "Feature", "properties": {"name": "residential", "highway": "residential", "lanes": 2, "speed_limit_mps": 8.3}, "geometry": {"type": "LineString", "coordinates": [[77.686074, 12.9281823], [77.6861187, 12.927639], [77.6860083, 12.9267969]]}}, {"type": "Feature", "properties": {"name": "MSR Road", "highway": "residential", "lanes": 2, "speed_limit_mps": 8.3}, "geometry": {"type": "LineString", "coordinates": [[77.7002628, 12.9514345], [77.7002788, 12.9514326], [77.7003211, 12.9514236], [77.7023454, 12.9509919]]}}, {"type": "Feature", "properties": {"name": "residential", "highway": "residential", "lanes": 2, "speed_limit_mps": 8.3}, "geometry": {"type": "LineString", "coordinates": [[77.6618559, 12.9225531], [77.6620161, 12.9225481]]}}, {"type": "Feature", "properties": {"name": "residential", "highway": "residential", "lanes": 2, "speed_limit_mps": 8.3}, "geometry": {"type": "LineString", "coordinates": [[77.6620161, 12.9225481], [77.6621964, 12.922544], [77.6622937, 12.9229316]]}}, {"type": "Feature", "properties": {"name": "residential", "highway": "residential", "lanes": 2, "speed_limit_mps": 8.3}, "geometry": {"type": "LineString", "coordinates": [[77.6622937, 12.9229316], [77.6623036, 12.9229768], [77.6623155, 12.9229965]]}}, {"type": "Feature", "properties": {"name": "residential", "highway": "residential", "lanes": 2, "speed_limit_mps": 8.3}, "geometry": {"type": "LineString", "coordinates": [[77.661829, 12.9222986], [77.662814, 12.922194], [77.6630406, 12.9221699]]}}, {"type": "Feature", "properties": {"name": "residential", "highway": "residential", "lanes": 2, "speed_limit_mps": 8.3}, "geometry": {"type": "LineString", "coordinates": [[77.6630406, 12.9221699], [77.6634086, 12.9221308]]}}, {"type": "Feature", "properties": {"name": "residential", "highway": "residential", "lanes": 2, "speed_limit_mps": 8.3}, "geometry": {"type": "LineString", "coordinates": [[77.6634086, 12.9221308], [77.663595, 12.922111]]}}, {"type": "Feature", "properties": {"name": "residential", "highway": "residential", "lanes": 2, "speed_limit_mps": 8.3}, "geometry": {"type": "LineString", "coordinates": [[77.6624661, 12.9226646], [77.6627702, 12.9226543]]}}, {"type": "Feature", "properties": {"name": "residential", "highway": "residential", "lanes": 2, "speed_limit_mps": 8.3}, "geometry": {"type": "LineString", "coordinates": [[77.6627702, 12.9226543], [77.6628919, 12.9226471], [77.6630505, 12.9226436]]}}, {"type": "Feature", "properties": {"name": "residential", "highway": "residential", "lanes": 2, "speed_limit_mps": 8.3}, "geometry": {"type": "LineString", "coordinates": [[77.6625358, 12.9228279], [77.6630208, 12.9228333]]}}, {"type": "Feature", "properties": {"name": "residential", "highway": "residential", "lanes": 2, "speed_limit_mps": 8.3}, "geometry": {"type": "LineString", "coordinates": [[77.6630294, 12.9229069], [77.6639236, 12.922963], [77.664049, 12.9229685]]}}, {"type": "Feature", "properties": {"name": "residential", "highway": "residential", "lanes": 2, "speed_limit_mps": 8.3}, "geometry": {"type": "LineString", "coordinates": [[77.6630505, 12.9226436], [77.6633195, 12.9226355], [77.6633166, 12.9227611], [77.6636398, 12.9227697], [77.663946, 12.9227315]]}}, {"type": "Feature", "properties": {"name": "residential", "highway": "residential", "lanes": 2, "speed_limit_mps": 8.3}, "geometry": {"type": "LineString", "coordinates": [[77.6630384, 12.9223639], [77.6633194, 12.9223469], [77.6633299, 12.9224214], [77.6633546, 12.9225215], [77.663639, 12.9224993]]}}, {"type": "Feature", "properties": {"name": "residential", "highway": "residential", "lanes": 2, "speed_limit_mps": 8.3}, "geometry": {"type": "LineString", "coordinates": [[77.6619321, 12.921969], [77.6623123, 12.921892], [77.6627825, 12.9218252], [77.6629937, 12.921803]]}}, {"type": "Feature", "properties": {"name": "residential", "highway": "residential", "lanes": 2, "speed_limit_mps": 8.3}, "geometry": {"type": "LineString", "coordinates": [[77.6629937, 12.921803], [77.6633832, 12.9217622]]}}, {"type": "Feature", "properties": {"name": "residential", "highway": "residential", "lanes": 2, "speed_limit_mps": 8.3}, "geometry": {"type": "LineString", "coordinates": [[77.6633832, 12.9217622], [77.6635251, 12.9217377]]}}, {"type": "Feature", "properties": {"name": "residential", "highway": "residential", "lanes": 2, "speed_limit_mps": 8.3}, "geometry": {"type": "LineString", "coordinates": [[77.6634086, 12.9221308], [77.6633832, 12.9217622]]}}, {"type": "Feature", "properties": {"name": "residential", "highway": "residential", "lanes": 2, "speed_limit_mps": 8.3}, "geometry": {"type": "LineString", "coordinates": [[77.6638407, 12.9225381], [77.6639723, 12.9225043], [77.6641516, 12.9224709]]}}, {"type": "Feature", "properties": {"name": "residential", "highway": "residential", "lanes": 2, "speed_limit_mps": 8.3}, "geometry": {"type": "LineString", "coordinates": [[77.6640402, 12.9236503], [77.6641709, 12.9236774], [77.6642403, 12.9236918], [77.664457, 12.9237367]]}}, {"type": "Feature", "properties": {"name": "residential", "highway": "residential", "lanes": 2, "speed_limit_mps": 8.3}, "geometry": {"type": "LineString", "coordinates": [[77.664457, 12.9237367], [77.6645191, 12.9231727]]}}, {"type": "Feature", "properties": {"name": "1st Main Road", "highway": "residential", "lanes": 2, "speed_limit_mps": 8.3}, "geometry": {"type": "LineString", "coordinates": [[77.6954577, 12.9521612], [77.6957994, 12.9520617], [77.6964393, 12.9518792], [77.6967611, 12.951793], [77.6974908, 12.9515522], [77.6979386, 12.9514205]]}}, {"type": "Feature", "properties": {"name": "2nd Cross Road", "highway": "residential", "lanes": 2, "speed_limit_mps": 8.3}, "geometry": {"type": "LineString", "coordinates": [[77.6953988, 12.9519847], [77.6958176, 12.951858], [77.6960311, 12.9518019], [77.6962466, 12.9517318], [77.6973181, 12.9513735], [77.6972772, 12.951249]]}}, {"type": "Feature", "properties": {"name": "residential", "highway": "residential", "lanes": 2, "speed_limit_mps": 8.3}, "geometry": {"type": "LineString", "coordinates": [[77.6972772, 12.951249], [77.6978797, 12.9511028]]}}, {"type": "Feature", "properties": {"name": "residential", "highway": "residential", "lanes": 2, "speed_limit_mps": 8.3}, "geometry": {"type": "LineString", "coordinates": [[77.695234, 12.9500612], [77.695262, 12.9502757], [77.6952932, 12.9504285], [77.6953328, 12.9505508], [77.6954004, 12.9507161], [77.695549, 12.9510894]]}}, {"type": "Feature", "properties": {"name": "residential", "highway": "residential", "lanes": 2, "speed_limit_mps": 8.3}, "geometry": {"type": "LineString", "coordinates": [[77.6949318, 12.9500649], [77.6949763, 12.9503027], [77.6950182, 12.9504814], [77.6951331, 12.9507871], [77.6952843, 12.9511594]]}}, {"type": "Feature", "properties": {"name": "residential", "highway": "residential", "lanes": 2, "speed_limit_mps": 8.3}, "geometry": {"type": "LineString", "coordinates": [[77.6960379, 12.9500266], [77.6962117, 12.9504707], [77.6968805, 12.9502573]]}}, {"type": "Feature", "properties": {"name": "residential", "highway": "residential", "lanes": 2, "speed_limit_mps": 8.3}, "geometry": {"type": "LineString", "coordinates": [[77.6971079, 12.9509001], [77.6961695, 12.9511762], [77.6962575, 12.9514542]]}}, {"type": "Feature", "properties": {"name": "residential", "highway": "residential", "lanes": 2, "speed_limit_mps": 8.3}, "geometry": {"type": "LineString", "coordinates": [[77.6963204, 12.953428], [77.6964147, 12.9536985]]}}, {"type": "Feature", "properties": {"name": "residential", "highway": "residential", "lanes": 2, "speed_limit_mps": 8.3}, "geometry": {"type": "LineString", "coordinates": [[77.6967319, 12.9535418], [77.6966384, 12.9533095]]}}, {"type": "Feature", "properties": {"name": "7th Cross Road", "highway": "residential", "lanes": 2, "speed_limit_mps": 8.3}, "geometry": {"type": "LineString", "coordinates": [[77.6979631, 12.9539202], [77.6988003, 12.9537704]]}}, {"type": "Feature", "properties": {"name": "residential", "highway": "residential", "lanes": 2, "speed_limit_mps": 8.3}, "geometry": {"type": "LineString", "coordinates": [[77.6994853, 12.957028], [77.6994857, 12.9569718], [77.699477, 12.9569378], [77.6992803, 12.9559599]]}}, {"type": "Feature", "properties": {"name": "residential", "highway": "residential", "lanes": 2, "speed_limit_mps": 8.3}, "geometry": {"type": "LineString", "coordinates": [[77.6713337, 12.9252831], [77.6712159, 12.9249743]]}}, {"type": "Feature", "properties": {"name": "residential", "highway": "residential", "lanes": 2, "speed_limit_mps": 8.3}, "geometry": {"type": "LineString", "coordinates": [[77.6715257, 12.9258089], [77.6720806, 12.9256315], [77.6721194, 12.925641], [77.6721483, 12.925671], [77.67219, 12.9257799]]}}, {"type": "Feature", "properties": {"name": "residential", "highway": "residential", "lanes": 2, "speed_limit_mps": 8.3}, "geometry": {"type": "LineString", "coordinates": [[77.67219, 12.9257799], [77.672263, 12.9260416]]}}, {"type": "Feature", "properties": {"name": "residential", "highway": "residential", "lanes": 2, "speed_limit_mps": 8.3}, "geometry": {"type": "LineString", "coordinates": [[77.67219, 12.9257799], [77.6726672, 12.925671]]}}, {"type": "Feature", "properties": {"name": "residential", "highway": "residential", "lanes": 2, "speed_limit_mps": 8.3}, "geometry": {"type": "LineString", "coordinates": [[77.6726672, 12.925671], [77.6727985, 12.9260274]]}}, {"type": "Feature", "properties": {"name": "residential", "highway": "residential", "lanes": 2, "speed_limit_mps": 8.3}, "geometry": {"type": "LineString", "coordinates": [[77.6727985, 12.9260274], [77.6729494, 12.9264572], [77.672969, 12.9264757], [77.6729896, 12.9264839], [77.673757, 12.9263757], [77.6738114, 12.926368], [77.673822, 12.9263705], [77.6738297, 12.9263741], [77.6738362, 12.9263853], [77.6738927, 12.9268206]]}}, {"type": "Feature", "properties": {"name": "residential", "highway": "residential", "lanes": 2, "speed_limit_mps": 8.3}, "geometry": {"type": "LineString", "coordinates": [[77.6750417, 12.9254339], [77.6750305, 12.9255117], [77.6749864, 12.9261709], [77.6748949, 12.9261753]]}}, {"type": "Feature", "properties": {"name": "residential", "highway": "residential", "lanes": 2, "speed_limit_mps": 8.3}, "geometry": {"type": "LineString", "coordinates": [[77.6985702, 12.9381716], [77.6985766, 12.9382161], [77.6986294, 12.9385949]]}}, {"type": "Feature", "properties": {"name": "residential", "highway": "residential", "lanes": 2, "speed_limit_mps": 8.3}, "geometry": {"type": "LineString", "coordinates": [[77.6986294, 12.9385949], [77.6986901, 12.9388428]]}}, {"type": "Feature", "properties": {"name": "residential", "highway": "residential", "lanes": 2, "speed_limit_mps": 8.3}, "geometry": {"type": "LineString", "coordinates": [[77.6986901, 12.9388428], [77.6987263, 12.939002]]}}, {"type": "Feature", "properties": {"name": "residential", "highway": "residential", "lanes": 2, "speed_limit_mps": 8.3}, "geometry": {"type": "LineString", "coordinates": [[77.6738074, 12.9237522], [77.6738154, 12.9243926], [77.6738182, 12.9244308]]}}, {"type": "Feature", "properties": {"name": "residential", "highway": "residential", "lanes": 2, "speed_limit_mps": 8.3}, "geometry": {"type": "LineString", "coordinates": [[77.6770164, 12.9300208], [77.6770269, 12.9296738]]}}, {"type": "Feature", "properties": {"name": "residential", "highway": "residential", "lanes": 2, "speed_limit_mps": 8.3}, "geometry": {"type": "LineString", "coordinates": [[77.6770269, 12.9296738], [77.6770523, 12.9293476]]}}, {"type": "Feature", "properties": {"name": "residential", "highway": "residential", "lanes": 2, "speed_limit_mps": 8.3}, "geometry": {"type": "LineString", "coordinates": [[77.6770523, 12.9293476], [77.6770635, 12.9290178]]}}, {"type": "Feature", "properties": {"name": "residential", "highway": "residential", "lanes": 2, "speed_limit_mps": 8.3}, "geometry": {"type": "LineString", "coordinates": [[77.6770635, 12.9290178], [77.6764817, 12.9289817]]}}, {"type": "Feature", "properties": {"name": "residential", "highway": "residential", "lanes": 2, "speed_limit_mps": 8.3}, "geometry": {"type": "LineString", "coordinates": [[77.6774128, 12.9262199], [77.6775015, 12.9260911], [77.6776243, 12.925976], [77.677726, 12.9258939], [77.6777933, 12.925869]]}}, {"type": "Feature", "properties": {"name": "residential", "highway": "residential", "lanes": 2, "speed_limit_mps": 8.3}, "geometry": {"type": "LineString", "coordinates": [[77.6777933, 12.925869], [77.6779022, 12.9258544]]}}, {"type": "Feature", "properties": {"name": "residential", "highway": "residential", "lanes": 2, "speed_limit_mps": 8.3}, "geometry": {"type": "LineString", "coordinates": [[77.6779022, 12.9258544], [77.6780276, 12.9258194], [77.678342, 12.9257558], [77.678378, 12.9257409], [77.6783954, 12.9257115], [77.6783954, 12.9255322], [77.6783875, 12.9254648]]}}, {"type": "Feature", "properties": {"name": "residential", "highway": "residential", "lanes": 2, "speed_limit_mps": 8.3}, "geometry": {"type": "LineString", "coordinates": [[77.7023469, 12.9541998], [77.7024581, 12.9537241]]}}, {"type": "Feature", "properties": {"name": "2nd Cross Road", "highway": "residential", "lanes": 2, "speed_limit_mps": 8.3}, "geometry": {"type": "LineString", "coordinates": [[77.7030725, 12.9540626], [77.7039629, 12.9541463], [77.7048282, 12.9542461]]}}, {"type": "Feature", "properties": {"name": "3rd A Cross Road", "highway": "residential", "lanes": 2, "speed_limit_mps": 8.3}, "geometry": {"type": "LineString", "coordinates": [[77.7005622, 12.9531818], [77.7017934, 12.9530366]]}}, {"type": "Feature", "properties": {"name": "3rd A Cross Road", "highway": "residential", "lanes": 2, "speed_limit_mps": 8.3}, "geometry": {"type": "LineString", "coordinates": [[77.7017934, 12.9530366], [77.7020291, 12.9530088]]}}, {"type": "Feature", "properties": {"name": "3rd A Cross Road", "highway": "residential", "lanes": 2, "speed_limit_mps": 8.3}, "geometry": {"type": "LineString", "coordinates": [[77.7020291, 12.9530088], [77.7022471, 12.9529831]]}}, {"type": "Feature", "properties": {"name": "3rd A Cross Road", "highway": "residential", "lanes": 2, "speed_limit_mps": 8.3}, "geometry": {"type": "LineString", "coordinates": [[77.7022471, 12.9529831], [77.70249, 12.9529544]]}}, {"type": "Feature", "properties": {"name": "3rd A Cross Road", "highway": "residential", "lanes": 2, "speed_limit_mps": 8.3}, "geometry": {"type": "LineString", "coordinates": [[77.70249, 12.9529544], [77.7027683, 12.9529216]]}}, {"type": "Feature", "properties": {"name": "3rd A Cross Road", "highway": "residential", "lanes": 2, "speed_limit_mps": 8.3}, "geometry": {"type": "LineString", "coordinates": [[77.7027683, 12.9529216], [77.7030451, 12.952889]]}}, {"type": "Feature", "properties": {"name": "3rd A Cross Road", "highway": "residential", "lanes": 2, "speed_limit_mps": 8.3}, "geometry": {"type": "LineString", "coordinates": [[77.7030451, 12.952889], [77.7033249, 12.952856]]}}, {"type": "Feature", "properties": {"name": "3rd A Cross Road", "highway": "residential", "lanes": 2, "speed_limit_mps": 8.3}, "geometry": {"type": "LineString", "coordinates": [[77.7033249, 12.952856], [77.7036074, 12.9528227]]}}, {"type": "Feature", "properties": {"name": "3rd A Cross Road", "highway": "residential", "lanes": 2, "speed_limit_mps": 8.3}, "geometry": {"type": "LineString", "coordinates": [[77.7036074, 12.9528227], [77.7038847, 12.95279]]}}, {"type": "Feature", "properties": {"name": "3rd A Cross Road", "highway": "residential", "lanes": 2, "speed_limit_mps": 8.3}, "geometry": {"type": "LineString", "coordinates": [[77.7038847, 12.95279], [77.7041544, 12.9527582]]}}, {"type": "Feature", "properties": {"name": "3rd A Cross Road", "highway": "residential", "lanes": 2, "speed_limit_mps": 8.3}, "geometry": {"type": "LineString", "coordinates": [[77.7041544, 12.9527582], [77.7043111, 12.9527397]]}}, {"type": "Feature", "properties": {"name": "residential", "highway": "residential", "lanes": 2, "speed_limit_mps": 8.3}, "geometry": {"type": "LineString", "coordinates": [[77.6968217, 12.9398113], [77.6965065, 12.9399161], [77.6963402, 12.9399518]]}}, {"type": "Feature", "properties": {"name": "residential", "highway": "residential", "lanes": 2, "speed_limit_mps": 8.3}, "geometry": {"type": "LineString", "coordinates": [[77.6738403, 12.9260957], [77.6733751, 12.926203], [77.6733667, 12.9262036], [77.6733585, 12.9261988], [77.673355, 12.9261917], [77.6732605, 12.9258073]]}}, {"type": "Feature", "properties": {"name": "residential", "highway": "residential", "lanes": 2, "speed_limit_mps": 8.3}, "geometry": {"type": "LineString", "coordinates": [[77.6732605, 12.9258073], [77.6731832, 12.9254691], [77.6731832, 12.9254601], [77.6731876, 12.9254533], [77.673196, 12.9254476], [77.6736893, 12.9253052]]}}, {"type": "Feature", "properties": {"name": "tertiary", "highway": "tertiary", "lanes": 2, "speed_limit_mps": 11.1}, "geometry": {"type": "LineString", "coordinates": [[77.6977953, 12.9436599], [77.6979368, 12.943528], [77.6981581, 12.9432657], [77.698212, 12.9432048], [77.6982849, 12.9431288], [77.6984028, 12.9430344], [77.6985104, 12.942961], [77.6986275, 12.9429034], [77.6988015, 12.942862], [77.6988336, 12.9428531], [77.6990598, 12.9428058], [77.6991762, 12.9427741], [77.6992648, 12.9427476]]}}, {"type": "Feature", "properties": {"name": "2nd Cross Road", "highway": "residential", "lanes": 2, "speed_limit_mps": 8.3}, "geometry": {"type": "LineString", "coordinates": [[77.7022714, 12.9567959], [77.7022681, 12.9567358], [77.7022761, 12.956584], [77.7023093, 12.9564477], [77.7023822, 12.9561371], [77.7024447, 12.9558778], [77.7024932, 12.9556495], [77.7025343, 12.9554798], [77.7025885, 12.955182], [77.7026909, 12.9547478]]}}, {"type": "Feature", "properties": {"name": "1st Cross Road", "highway": "residential", "lanes": 2, "speed_limit_mps": 8.3}, "geometry": {"type": "LineString", "coordinates": [[77.7025526, 12.9567717], [77.7025537, 12.9567097], [77.7026061, 12.9565166], [77.7026655, 12.9562365], [77.7028643, 12.9556272], [77.703064, 12.9551438], [77.7031301, 12.9549695]]}}, {"type": "Feature", "properties": {"name": "residential", "highway": "residential", "lanes": 2, "speed_limit_mps": 8.3}, "geometry": {"type": "LineString", "coordinates": [[77.6739842, 12.9267465], [77.674116, 12.9267329]]}}, {"type": "Feature", "properties": {"name": "residential", "highway": "residential", "lanes": 2, "speed_limit_mps": 8.3}, "geometry": {"type": "LineString", "coordinates": [[77.674116, 12.9267329], [77.6743038, 12.9267136]]}}, {"type": "Feature", "properties": {"name": "Central Avenue", "highway": "tertiary", "lanes": 2, "speed_limit_mps": 11.1}, "geometry": {"type": "LineString", "coordinates": [[77.684931, 12.9293129], [77.684858, 12.9291527], [77.6847721, 12.9289913], [77.6847464, 12.9288777]]}}, {"type": "Feature", "properties": {"name": "residential", "highway": "residential", "lanes": 2, "speed_limit_mps": 8.3}, "geometry": {"type": "LineString", "coordinates": [[77.7000169, 12.9497961], [77.7002173, 12.9497502], [77.7004044, 12.9497004], [77.701576, 12.9493871]]}}, {"type": "Feature", "properties": {"name": "PBR Road", "highway": "residential", "lanes": 2, "speed_limit_mps": 8.3}, "geometry": {"type": "LineString", "coordinates": [[77.7000792, 12.9503842], [77.7007342, 12.9502167]]}}, {"type": "Feature", "properties": {"name": "PBR Road", "highway": "residential", "lanes": 2, "speed_limit_mps": 8.3}, "geometry": {"type": "LineString", "coordinates": [[77.7007342, 12.9502167], [77.7013525, 12.950057]]}}, {"type": "Feature", "properties": {"name": "PBR Road", "highway": "residential", "lanes": 2, "speed_limit_mps": 8.3}, "geometry": {"type": "LineString", "coordinates": [[77.7013525, 12.950057], [77.7019529, 12.949908]]}}, {"type": "Feature", "properties": {"name": "residential", "highway": "residential", "lanes": 2, "speed_limit_mps": 8.3}, "geometry": {"type": "LineString", "coordinates": [[77.7022488, 12.9493834], [77.7019037, 12.9487822]]}}, {"type": "Feature", "properties": {"name": "residential", "highway": "residential", "lanes": 2, "speed_limit_mps": 8.3}, "geometry": {"type": "LineString", "coordinates": [[77.7019037, 12.9487822], [77.7017611, 12.9485115]]}}, {"type": "Feature", "properties": {"name": "residential", "highway": "residential", "lanes": 2, "speed_limit_mps": 8.3}, "geometry": {"type": "LineString", "coordinates": [[77.7017611, 12.9485115], [77.7017141, 12.9483846], [77.7016814, 12.9482192], [77.7014779, 12.9472775], [77.7014741, 12.9472627], [77.7014643, 12.9472246]]}}, {"type": "Feature", "properties": {"name": "residential", "highway": "residential", "lanes": 2, "speed_limit_mps": 8.3}, "geometry": {"type": "LineString", "coordinates": [[77.7027068, 12.9491823], [77.7024967, 12.9486183], [77.7023679, 12.9482079], [77.7022989, 12.9480387]]}}, {"type": "Feature", "properties": {"name": "residential", "highway": "residential", "lanes": 2, "speed_limit_mps": 8.3}, "geometry": {"type": "LineString", "coordinates": [[77.702985, 12.9490642], [77.7028116, 12.9484455], [77.7026934, 12.9481078]]}}, {"type": "Feature", "properties": {"name": "residential", "highway": "residential", "lanes": 2, "speed_limit_mps": 8.3}, "geometry": {"type": "LineString", "coordinates": [[77.7026273, 12.9479145], [77.7022989, 12.9480387]]}}, {"type": "Feature", "properties": {"name": "residential", "highway": "residential", "lanes": 2, "speed_limit_mps": 8.3}, "geometry": {"type": "LineString", "coordinates": [[77.7022989, 12.9480387], [77.702264, 12.9480593]]}}, {"type": "Feature", "properties": {"name": "residential", "highway": "residential", "lanes": 2, "speed_limit_mps": 8.3}, "geometry": {"type": "LineString", "coordinates": [[77.702264, 12.9480593], [77.7021213, 12.9481108]]}}, {"type": "Feature", "properties": {"name": "residential", "highway": "residential", "lanes": 2, "speed_limit_mps": 8.3}, "geometry": {"type": "LineString", "coordinates": [[77.702264, 12.9480593], [77.7021519, 12.9477328]]}}, {"type": "Feature", "properties": {"name": "residential", "highway": "residential", "lanes": 2, "speed_limit_mps": 8.3}, "geometry": {"type": "LineString", "coordinates": [[77.7021519, 12.9477328], [77.7020878, 12.9475461], [77.7021775, 12.9474305], [77.7021185, 12.9471769], [77.7020816, 12.9470338], [77.7024833, 12.9469279]]}}, {"type": "Feature", "properties": {"name": "residential", "highway": "residential", "lanes": 2, "speed_limit_mps": 8.3}, "geometry": {"type": "LineString", "coordinates": [[77.7034987, 12.948834], [77.7032203, 12.9480752]]}}, {"type": "Feature", "properties": {"name": "residential", "highway": "residential", "lanes": 2, "speed_limit_mps": 8.3}, "geometry": {"type": "LineString", "coordinates": [[77.7037144, 12.948741], [77.7033808, 12.94806]]}}, {"type": "Feature", "properties": {"name": "residential", "highway": "residential", "lanes": 2, "speed_limit_mps": 8.3}, "geometry": {"type": "LineString", "coordinates": [[77.7027484, 12.9479967], [77.7030318, 12.9478566]]}}, {"type": "Feature", "properties": {"name": "residential", "highway": "residential", "lanes": 2, "speed_limit_mps": 8.3}, "geometry": {"type": "LineString", "coordinates": [[77.7031552, 12.9480814], [77.7032203, 12.9480752]]}}, {"type": "Feature", "properties": {"name": "residential", "highway": "residential", "lanes": 2, "speed_limit_mps": 8.3}, "geometry": {"type": "LineString", "coordinates": [[77.7032203, 12.9480752], [77.7033808, 12.94806]]}}, {"type": "Feature", "properties": {"name": "residential", "highway": "residential", "lanes": 2, "speed_limit_mps": 8.3}, "geometry": {"type": "LineString", "coordinates": [[77.7033808, 12.94806], [77.7035683, 12.9480422]]}}, {"type": "Feature", "properties": {"name": "residential", "highway": "residential", "lanes": 2, "speed_limit_mps": 8.3}, "geometry": {"type": "LineString", "coordinates": [[77.7031552, 12.9480814], [77.7030318, 12.9478566]]}}, {"type": "Feature", "properties": {"name": "residential", "highway": "residential", "lanes": 2, "speed_limit_mps": 8.3}, "geometry": {"type": "LineString", "coordinates": [[77.7030318, 12.9478566], [77.7028973, 12.9476058]]}}, {"type": "Feature", "properties": {"name": "residential", "highway": "residential", "lanes": 2, "speed_limit_mps": 8.3}, "geometry": {"type": "LineString", "coordinates": [[77.7028973, 12.9476058], [77.7027609, 12.9473521]]}}, {"type": "Feature", "properties": {"name": "residential", "highway": "residential", "lanes": 2, "speed_limit_mps": 8.3}, "geometry": {"type": "LineString", "coordinates": [[77.7028973, 12.9476058], [77.702589, 12.9477641]]}}, {"type": "Feature", "properties": {"name": "residential", "highway": "residential", "lanes": 2, "speed_limit_mps": 8.3}, "geometry": {"type": "LineString", "coordinates": [[77.7027609, 12.9473521], [77.7023908, 12.9475449]]}}, {"type": "Feature", "properties": {"name": "residential", "highway": "residential", "lanes": 2, "speed_limit_mps": 8.3}, "geometry": {"type": "LineString", "coordinates": [[77.6703635, 12.9262124], [77.6702746, 12.9251493]]}}, {"type": "Feature", "properties": {"name": "tertiary", "highway": "tertiary", "lanes": 2, "speed_limit_mps": 11.1}, "geometry": {"type": "LineString", "coordinates": [[77.6785911, 12.9304076], [77.6784889, 12.9303617], [77.6784777, 12.9303551]]}}, {"type": "Feature", "properties": {"name": "tertiary", "highway": "tertiary", "lanes": 2, "speed_limit_mps": 11.1}, "geometry": {"type": "LineString", "coordinates": [[77.6784777, 12.9303551], [77.6783253, 12.930265], [77.6781429, 12.9301866], [77.6779417, 12.930116], [77.6775731, 12.9300611]]}}, {"type": "Feature", "properties": {"name": "tertiary", "highway": "tertiary", "lanes": 2, "speed_limit_mps": 11.1}, "geometry": {"type": "LineString", "coordinates": [[77.6775731, 12.9300611], [77.6770164, 12.9300208]]}}, {"type": "Feature", "properties": {"name": "tertiary", "highway": "tertiary", "lanes": 2, "speed_limit_mps": 11.1}, "geometry": {"type": "LineString", "coordinates": [[77.6770164, 12.9300208], [77.6764327, 12.9300121]]}}, {"type": "Feature", "properties": {"name": "tertiary", "highway": "tertiary", "lanes": 2, "speed_limit_mps": 11.1}, "geometry": {"type": "LineString", "coordinates": [[77.6758978, 12.930536], [77.6759076, 12.9305215], [77.6759277, 12.930449], [77.6759612, 12.9303457], [77.6761282, 12.9303228]]}}, {"type": "Feature", "properties": {"name": "tertiary", "highway": "tertiary", "lanes": 2, "speed_limit_mps": 11.1}, "geometry": {"type": "LineString", "coordinates": [[77.6761282, 12.9303228], [77.6762316, 12.9300138]]}}, {"type": "Feature", "properties": {"name": "5th Cross Road", "highway": "residential", "lanes": 2, "speed_limit_mps": 8.3}, "geometry": {"type": "LineString", "coordinates": [[77.6653306, 12.9230168], [77.665255, 12.9230318], [77.6650468, 12.9231331], [77.6648561, 12.9231662], [77.6645191, 12.9231727]]}}, {"type": "Feature", "properties": {"name": "5th Cross Road", "highway": "residential", "lanes": 2, "speed_limit_mps": 8.3}, "geometry": {"type": "LineString", "coordinates": [[77.6645191, 12.9231727], [77.664071, 12.9231317]]}}, {"type": "Feature", "properties": {"name": "5th Cross Road", "highway": "residential", "lanes": 2, "speed_limit_mps": 8.3}, "geometry": {"type": "LineString", "coordinates": [[77.664071, 12.9231317], [77.6637294, 12.9231878], [77.6635432, 12.9231844], [77.6630553, 12.9230921]]}}, {"type": "Feature", "properties": {"name": "5th Cross Road", "highway": "residential", "lanes": 2, "speed_limit_mps": 8.3}, "geometry": {"type": "LineString", "coordinates": [[77.6630553, 12.9230921], [77.6623681, 12.9230012], [77.6623155, 12.9229965]]}}, {"type": "Feature", "properties": {"name": "residential", "highway": "residential", "lanes": 2, "speed_limit_mps": 8.3}, "geometry": {"type": "LineString", "coordinates": [[77.6695624, 12.9233008], [77.6694985, 12.9233022], [77.6694748, 12.9233007], [77.6694629, 12.9232999], [77.6694052, 12.923293]]}}, {"type": "Feature", "properties": {"name": "residential", "highway": "residential", "lanes": 2, "speed_limit_mps": 8.3}, "geometry": {"type": "LineString", "coordinates": [[77.6694052, 12.923293], [77.6683722, 12.9232052], [77.6683566, 12.9231988], [77.6683471, 12.9231838], [77.6683353, 12.9229162], [77.6683421, 12.9228993], [77.6683547, 12.9228864], [77.6688842, 12.922795], [77.6689291, 12.9228022], [77.6689769, 12.9228149], [77.6693711, 12.9230215], [77.6693918, 12.9230361], [77.6694073, 12.9230583], [77.6694063, 12.9231687]]}}, {"type": "Feature", "properties": {"name": "residential", "highway": "residential", "lanes": 2, "speed_limit_mps": 8.3}, "geometry": {"type": "LineString", "coordinates": [[77.6694063, 12.9231687], [77.6694052, 12.923293]]}}, {"type": "Feature", "properties": {"name": "residential", "highway": "residential", "lanes": 2, "speed_limit_mps": 8.3}, "geometry": {"type": "LineString", "coordinates": [[77.6670161, 12.9247861], [77.6670989, 12.9247821], [77.6674315, 12.9247658], [77.6674758, 12.9247636], [77.6675217, 12.9247614]]}}, {"type": "Feature", "properties": {"name": "1st Main Road", "highway": "tertiary", "lanes": 2, "speed_limit_mps": 11.1}, "geometry": {"type": "LineString", "coordinates": [[77.6693034, 12.9272318], [77.6693378, 12.9279847], [77.6693394, 12.9280209], [77.6693771, 12.9288442]]}}, {"type": "Feature", "properties": {"name": "residential", "highway": "residential", "lanes": 2, "speed_limit_mps": 8.3}, "geometry": {"type": "LineString", "coordinates": [[77.7000866, 12.9581891], [77.7000635, 12.9580645], [77.6999157, 12.9570805]]}}, {"type": "Feature", "properties": {"name": "3rd Main Cross Road", "highway": "residential", "lanes": 2, "speed_limit_mps": 8.3}, "geometry": {"type": "LineString", "coordinates": [[77.699692, 12.959], [77.7004152, 12.9590579]]}}, {"type": "Feature", "properties": {"name": "3rd Main Cross Road", "highway": "residential", "lanes": 2, "speed_limit_mps": 8.3}, "geometry": {"type": "LineString", "coordinates": [[77.7004152, 12.9590579], [77.7008172, 12.9590995]]}}, {"type": "Feature", "properties": {"name": "residential", "highway": "residential", "lanes": 2, "speed_limit_mps": 8.3}, "geometry": {"type": "LineString", "coordinates": [[77.6830317, 12.9308629], [77.6840728, 12.9310193]]}}, {"type": "Feature", "properties": {"name": "3rd Cross Road", "highway": "residential", "lanes": 2, "speed_limit_mps": 8.3}, "geometry": {"type": "LineString", "coordinates": [[77.6994677, 12.9571243], [77.6995174, 12.9573971], [77.699618, 12.9578997], [77.6996851, 12.9582434], [77.6997181, 12.958462]]}}, {"type": "Feature", "properties": {"name": "Marathahalli Underpass", "highway": "trunk", "lanes": 6, "speed_limit_mps": 22.2}, "geometry": {"type": "LineString", "coordinates": [[77.7003591, 12.954278], [77.7005975, 12.9552616], [77.7006431, 12.9554367], [77.7006887, 12.9555883], [77.7007423, 12.955753], [77.7008432, 12.9560428], [77.7009354, 12.9563176], [77.7009998, 12.9565607], [77.701043, 12.9567742]]}}, {"type": "Feature", "properties": {"name": "Outer Ring Road", "highway": "trunk", "lanes": 6, "speed_limit_mps": 22.2}, "geometry": {"type": "LineString", "coordinates": [[77.7000543, 12.9524376], [77.6999703, 12.9521804], [77.699924, 12.9520018], [77.6996083, 12.9502273], [77.6995123, 12.9496882], [77.6993624, 12.9488458], [77.6993, 12.9485568], [77.6992423, 12.9483213], [77.6991604, 12.9480295], [77.6991016, 12.94782], [77.6987508, 12.9467376], [77.6985419, 12.946124], [77.6985278, 12.9460851]]}}, {"type": "Feature", "properties": {"name": "Outer Ring Road", "highway": "trunk", "lanes": 6, "speed_limit_mps": 22.2}, "geometry": {"type": "LineString", "coordinates": [[77.662394, 12.9212807], [77.66226, 12.9213196], [77.6620564, 12.9213728]]}}, {"type": "Feature", "properties": {"name": "primary_link", "highway": "primary_link", "lanes": 3, "speed_limit_mps": 11.1}, "geometry": {"type": "LineString", "coordinates": [[77.6649477, 12.9206943], [77.664959, 12.9206562], [77.6649621, 12.9206077], [77.6649536, 12.9205753], [77.6648998, 12.9205222]]}}, {"type": "Feature", "properties": {"name": "Outer Ring Road", "highway": "trunk", "lanes": 6, "speed_limit_mps": 22.2}, "geometry": {"type": "LineString", "coordinates": [[77.695249, 12.9396463], [77.6960769, 12.9409927], [77.6962219, 12.9412314]]}}, {"type": "Feature", "properties": {"name": "Outer Ring Road", "highway": "trunk", "lanes": 6, "speed_limit_mps": 22.2}, "geometry": {"type": "LineString", "coordinates": [[77.6984464, 12.9461947], [77.6986454, 12.9468495], [77.6988799, 12.9475122], [77.6989918, 12.9478403], [77.6990227, 12.9479427], [77.6990541, 12.9480686], [77.6991376, 12.9484036], [77.6991982, 12.9486586], [77.6992246, 12.94877], [77.6992843, 12.9490868], [77.6994257, 12.9499234], [77.6997166, 12.9516441], [77.699806, 12.9520254], [77.700024, 12.9529057], [77.7000909, 12.9531761], [77.7001447, 12.9534147]]}}, {"type": "Feature", "properties": {"name": "Outer Ring Road", "highway": "trunk", "lanes": 6, "speed_limit_mps": 22.2}, "geometry": {"type": "LineString", "coordinates": [[77.6948818, 12.9391416], [77.695249, 12.9396463]]}}, {"type": "Feature", "properties": {"name": "Outer Ring Road", "highway": "trunk", "lanes": 6, "speed_limit_mps": 22.2}, "geometry": {"type": "LineString", "coordinates": [[77.686987, 12.9317954], [77.6872753, 12.9320458], [77.68733, 12.9320929]]}}, {"type": "Feature", "properties": {"name": "Outer Ring Road", "highway": "trunk", "lanes": 6, "speed_limit_mps": 22.2}, "geometry": {"type": "LineString", "coordinates": [[77.68733, 12.9320929], [77.6880915, 12.9327487], [77.6894086, 12.9339593]]}}, {"type": "Feature", "properties": {"name": "Outer Ring Road", "highway": "trunk", "lanes": 6, "speed_limit_mps": 22.2}, "geometry": {"type": "LineString", "coordinates": [[77.6894086, 12.9339593], [77.6896834, 12.9342068], [77.6899563, 12.9344583], [77.6903922, 12.9348599], [77.6904581, 12.9349227]]}}, {"type": "Feature", "properties": {"name": "Outer Ring Road", "highway": "trunk", "lanes": 6, "speed_limit_mps": 22.2}, "geometry": {"type": "LineString", "coordinates": [[77.6904581, 12.9349227], [77.6910068, 12.9354262], [77.6911134, 12.9355201], [77.6924183, 12.9367277], [77.6931763, 12.9374551]]}}, {"type": "Feature", "properties": {"name": "Outer Ring Road", "highway": "trunk", "lanes": 6, "speed_limit_mps": 22.2}, "geometry": {"type": "LineString", "coordinates": [[77.6819101, 12.9286159], [77.6825992, 12.9289641], [77.6833531, 12.9293316], [77.6843262, 12.9297729]]}}, {"type": "Feature", "properties": {"name": "Outer Ring Road", "highway": "trunk", "lanes": 6, "speed_limit_mps": 22.2}, "geometry": {"type": "LineString", "coordinates": [[77.6795192, 12.927507], [77.679761, 12.9276205]]}}, {"type": "Feature", "properties": {"name": "Outer Ring Road", "highway": "trunk", "lanes": 6, "speed_limit_mps": 22.2}, "geometry": {"type": "LineString", "coordinates": [[77.679761, 12.9276205], [77.680202, 12.9278304], [77.6805921, 12.9280152], [77.6807901, 12.928109]]}}, {"type": "Feature", "properties": {"name": "Outer Ring Road", "highway": "trunk", "lanes": 6, "speed_limit_mps": 22.2}, "geometry": {"type": "LineString", "coordinates": [[77.6807901, 12.928109], [77.6813432, 12.9283711], [77.6817242, 12.9285307]]}}, {"type": "Feature", "properties": {"name": "Outer Ring Road", "highway": "trunk", "lanes": 6, "speed_limit_mps": 22.2}, "geometry": {"type": "LineString", "coordinates": [[77.6817242, 12.9285307], [77.6819101, 12.9286159]]}}, {"type": "Feature", "properties": {"name": "Outer Ring Road", "highway": "trunk", "lanes": 6, "speed_limit_mps": 22.2}, "geometry": {"type": "LineString", "coordinates": [[77.6752903, 12.9254641], [77.6756063, 12.92562], [77.6763224, 12.9259834], [77.6770573, 12.9263389], [77.6786437, 12.9270879]]}}, {"type": "Feature", "properties": {"name": "Outer Ring Road", "highway": "trunk", "lanes": 6, "speed_limit_mps": 22.2}, "geometry": {"type": "LineString", "coordinates": [[77.6635896, 12.9211189], [77.6639564, 12.9210171], [77.6643062, 12.9209196], [77.6646317, 12.9208374], [77.6647433, 12.9208113], [77.6648463, 12.9208114]]}}, {"type": "Feature", "properties": {"name": "Outer Ring Road", "highway": "trunk", "lanes": 6, "speed_limit_mps": 22.2}, "geometry": {"type": "LineString", "coordinates": [[77.6543918, 12.9237946], [77.6550183, 12.9236734], [77.6553864, 12.923603], [77.6556513, 12.9235332], [77.6557534, 12.9234971], [77.6565126, 12.9232519], [77.659737, 12.9221233], [77.6600035, 12.9220272], [77.6602414, 12.9219543], [77.6612471, 12.9217012]]}}, {"type": "Feature", "properties": {"name": "Outer Ring Road", "highway": "trunk", "lanes": 6, "speed_limit_mps": 22.2}, "geometry": {"type": "LineString", "coordinates": [[77.6612471, 12.9217012], [77.6622734, 12.9214429], [77.6629056, 12.921278]]}}, {"type": "Feature", "properties": {"name": "residential", "highway": "residential", "lanes": 2, "speed_limit_mps": 8.3}, "geometry": {"type": "LineString", "coordinates": [[77.6987773, 12.9569898], [77.6987752, 12.956916], [77.6987756, 12.9569032], [77.6987739, 12.9568889], [77.6987393, 12.9566537], [77.6987114, 12.9564492]]}}, {"type": "Feature", "properties": {"name": "residential", "highway": "residential", "lanes": 2, "speed_limit_mps": 8.3}, "geometry": {"type": "LineString", "coordinates": [[77.6987114, 12.9564492], [77.698786, 12.9564341], [77.6989415, 12.9564093]]}}, {"type": "Feature", "properties": {"name": "residential", "highway": "residential", "lanes": 2, "speed_limit_mps": 8.3}, "geometry": {"type": "LineString", "coordinates": [[77.6987114, 12.9564492], [77.6986693, 12.9562511]]}}, {"type": "Feature", "properties": {"name": "Outer Ring Road", "highway": "trunk", "lanes": 6, "speed_limit_mps": 22.2}, "geometry": {"type": "LineString", "coordinates": [[77.6931763, 12.9374551], [77.6943844, 12.9385968], [77.6946419, 12.9388739], [77.6948818, 12.9391416]]}}, {"type": "Feature", "properties": {"name": "Marathahalli Underpass", "highway": "trunk", "lanes": 6, "speed_limit_mps": 22.2}, "geometry": {"type": "LineString", "coordinates": [[77.701043, 12.9567742], [77.7011116, 12.9571351]]}}, {"type": "Feature", "properties": {"name": "Marathahalli Underpass", "highway": "trunk", "lanes": 6, "speed_limit_mps": 22.2}, "geometry": {"type": "LineString", "coordinates": [[77.7011116, 12.9571351], [77.7011248, 12.9572987], [77.7011436, 12.9575326], [77.701157, 12.9578227], [77.701165, 12.9581443], [77.7011516, 12.958667], [77.701157, 12.958918], [77.7012244, 12.9596219]]}}, {"type": "Feature", "properties": {"name": "Marathahalli Underpass", "highway": "trunk", "lanes": 6, "speed_limit_mps": 22.2}, "geometry": {"type": "LineString", "coordinates": [[77.7011743, 12.9567622], [77.7010685, 12.9563408], [77.7009853, 12.9560611], [77.7009132, 12.9558492], [77.700861, 12.9556621], [77.7008196, 12.9555166], [77.70078, 12.9553652], [77.7007318, 12.9551885], [77.7004863, 12.9542547]]}}, {"type": "Feature", "properties": {"name": "Marathahalli Underpass", "highway": "trunk", "lanes": 6, "speed_limit_mps": 22.2}, "geometry": {"type": "LineString", "coordinates": [[77.7013772, 12.9595932], [77.7012988, 12.9589304], [77.7012835, 12.9586934], [77.70129, 12.9580066], [77.7012865, 12.9578177], [77.7012766, 12.9575752], [77.7012505, 12.9573319], [77.7012291, 12.9571244]]}}, {"type": "Feature", "properties": {"name": "Marathahalli Underpass", "highway": "trunk", "lanes": 6, "speed_limit_mps": 22.2}, "geometry": {"type": "LineString", "coordinates": [[77.7012291, 12.9571244], [77.7011743, 12.9567622]]}}, {"type": "Feature", "properties": {"name": "Outer Ring Road", "highway": "trunk", "lanes": 6, "speed_limit_mps": 22.2}, "geometry": {"type": "LineString", "coordinates": [[77.6636681, 12.9209154], [77.6629848, 12.921113]]}}, {"type": "Feature", "properties": {"name": "Outer Ring Road", "highway": "trunk", "lanes": 6, "speed_limit_mps": 22.2}, "geometry": {"type": "LineString", "coordinates": [[77.6665944, 12.9212222], [77.665695, 12.9208011], [77.6654636, 12.9207104], [77.6652808, 12.9206571], [77.6651394, 12.9206429], [77.6649773, 12.9206326], [77.6647695, 12.9206449], [77.6645539, 12.9206777], [77.6636681, 12.9209154]]}}, {"type": "Feature", "properties": {"name": "Outer Ring Road", "highway": "trunk", "lanes": 6, "speed_limit_mps": 22.2}, "geometry": {"type": "LineString", "coordinates": [[77.6821232, 12.9285399], [77.6819058, 12.9284422], [77.6818124, 12.9284002], [77.6816974, 12.9283494]]}}, {"type": "Feature", "properties": {"name": "Outer Ring Road", "highway": "trunk", "lanes": 6, "speed_limit_mps": 22.2}, "geometry": {"type": "LineString", "coordinates": [[77.6816974, 12.9283494], [77.6814491, 12.9282322], [77.6811445, 12.928084], [77.6805853, 12.9278118]]}}, {"type": "Feature", "properties": {"name": "Outer Ring Road", "highway": "trunk", "lanes": 6, "speed_limit_mps": 22.2}, "geometry": {"type": "LineString", "coordinates": [[77.6805853, 12.9278118], [77.6802049, 12.9276259]]}}, {"type": "Feature", "properties": {"name": "Outer Ring Road", "highway": "trunk", "lanes": 6, "speed_limit_mps": 22.2}, "geometry": {"type": "LineString", "coordinates": [[77.6802049, 12.9276259], [77.6796103, 12.927337]]}}, {"type": "Feature", "properties": {"name": "Outer Ring Road", "highway": "trunk", "lanes": 6, "speed_limit_mps": 22.2}, "geometry": {"type": "LineString", "coordinates": [[77.6951759, 12.9392056], [77.6949622, 12.9389359], [77.6947172, 12.9386544], [77.6943202, 12.9382675], [77.6937945, 12.9377708], [77.6936575, 12.9376496], [77.6933901, 12.9374131]]}}, {"type": "Feature", "properties": {"name": "Outer Ring Road", "highway": "trunk", "lanes": 6, "speed_limit_mps": 22.2}, "geometry": {"type": "LineString", "coordinates": [[77.6844011, 12.9296237], [77.6835263, 12.9291972], [77.6830926, 12.9289877], [77.6824197, 12.9286801], [77.6822419, 12.928596], [77.6821232, 12.9285399]]}}, {"type": "Feature", "properties": {"name": "Outer Ring Road", "highway": "trunk", "lanes": 6, "speed_limit_mps": 22.2}, "geometry": {"type": "LineString", "coordinates": [[77.696385, 12.9411823], [77.6962272, 12.9408868], [77.6960019, 12.9404921], [77.6955381, 12.9397457]]}}, {"type": "Feature", "properties": {"name": "Outer Ring Road", "highway": "trunk", "lanes": 6, "speed_limit_mps": 22.2}, "geometry": {"type": "LineString", "coordinates": [[77.6743673, 12.9247796], [77.6741772, 12.9247011], [77.6740256, 12.924633]]}}, {"type": "Feature", "properties": {"name": "Outer Ring Road", "highway": "trunk", "lanes": 6, "speed_limit_mps": 22.2}, "geometry": {"type": "LineString", "coordinates": [[77.6740256, 12.924633], [77.673894, 12.9245828], [77.6737739, 12.924529], [77.6735108, 12.9244158]]}}, {"type": "Feature", "properties": {"name": "Outer Ring Road", "highway": "trunk", "lanes": 6, "speed_limit_mps": 22.2}, "geometry": {"type": "LineString", "coordinates": [[77.6735108, 12.9244158], [77.6727392, 12.924084], [77.6726685, 12.9240522], [77.6717518, 12.9236517]]}}, {"type": "Feature", "properties": {"name": "Outer Ring Road", "highway": "trunk", "lanes": 6, "speed_limit_mps": 22.2}, "geometry": {"type": "LineString", "coordinates": [[77.6717518, 12.9236517], [77.6704761, 12.9230635], [77.6698691, 12.9227855], [77.6686777, 12.9222205], [77.6680325, 12.9219032]]}}, {"type": "Feature", "properties": {"name": "Outer Ring Road", "highway": "trunk", "lanes": 6, "speed_limit_mps": 22.2}, "geometry": {"type": "LineString", "coordinates": [[77.6787585, 12.9269214], [77.6771438, 12.9261543], [77.6762528, 12.9257328], [77.6753544, 12.9252815]]}}, {"type": "Feature", "properties": {"name": "Outer Ring Road", "highway": "trunk", "lanes": 6, "speed_limit_mps": 22.2}, "geometry": {"type": "LineString", "coordinates": [[77.6955381, 12.9397457], [77.6951759, 12.9392056]]}}, {"type": "Feature", "properties": {"name": "Outer Ring Road", "highway": "trunk", "lanes": 6, "speed_limit_mps": 22.2}, "geometry": {"type": "LineString", "coordinates": [[77.6678812, 12.9218265], [77.6665944, 12.9212222]]}}, {"type": "Feature", "properties": {"name": "Outer Ring Road", "highway": "trunk", "lanes": 6, "speed_limit_mps": 22.2}, "geometry": {"type": "LineString", "coordinates": [[77.6933901, 12.9374131], [77.6927441, 12.9368624]]}}, {"type": "Feature", "properties": {"name": "Outer Ring Road", "highway": "trunk", "lanes": 6, "speed_limit_mps": 22.2}, "geometry": {"type": "LineString", "coordinates": [[77.6927441, 12.9368624], [77.6925884, 12.9367296], [77.6922522, 12.9364193], [77.6919069, 12.9360892]]}}, {"type": "Feature", "properties": {"name": "Outer Ring Road", "highway": "trunk", "lanes": 6, "speed_limit_mps": 22.2}, "geometry": {"type": "LineString", "coordinates": [[77.6919069, 12.9360892], [77.6917455, 12.93594], [77.6912039, 12.9354307], [77.6910678, 12.9353086], [77.690477, 12.9347802], [77.6904559, 12.9347613], [77.6900523, 12.9343866], [77.6897702, 12.9341247], [77.688613, 12.933062], [77.6884336, 12.9328978]]}}, {"type": "Feature", "properties": {"name": "Outer Ring Road", "highway": "trunk", "lanes": 6, "speed_limit_mps": 22.2}, "geometry": {"type": "LineString", "coordinates": [[77.6884336, 12.9328978], [77.6877366, 12.9322663], [77.6874519, 12.9320032], [77.6873446, 12.931904], [77.6872247, 12.9317906]]}}, {"type": "Feature", "properties": {"name": "residential", "highway": "residential", "lanes": 2, "speed_limit_mps": 8.3}, "geometry": {"type": "LineString", "coordinates": [[77.675558, 12.9268174], [77.6763617, 12.926814]]}}, {"type": "Feature", "properties": {"name": "tertiary", "highway": "tertiary", "lanes": 2, "speed_limit_mps": 11.1}, "geometry": {"type": "LineString", "coordinates": [[77.6785816, 12.9304776], [77.678497, 12.9307116]]}}, {"type": "Feature", "properties": {"name": "residential", "highway": "residential", "lanes": 2, "speed_limit_mps": 8.3}, "geometry": {"type": "LineString", "coordinates": [[77.6654511, 12.921859], [77.665374, 12.9218586], [77.6645239, 12.9218676]]}}, {"type": "Feature", "properties": {"name": "residential", "highway": "residential", "lanes": 2, "speed_limit_mps": 8.3}, "geometry": {"type": "LineString", "coordinates": [[77.6654204, 12.9220916], [77.665342, 12.9220943], [77.664525, 12.9221007]]}}, {"type": "Feature", "properties": {"name": "residential", "highway": "residential", "lanes": 2, "speed_limit_mps": 8.3}, "geometry": {"type": "LineString", "coordinates": [[77.6620161, 12.9225481], [77.6621188, 12.9229052], [77.662146, 12.9229312], [77.6622937, 12.9229316]]}}, {"type": "Feature", "properties": {"name": "1st Main Road", "highway": "residential", "lanes": 2, "speed_limit_mps": 8.3}, "geometry": {"type": "LineString", "coordinates": [[77.7033616, 12.951406], [77.703032, 12.9514776]]}}, {"type": "Feature", "properties": {"name": "1st Main Road", "highway": "residential", "lanes": 2, "speed_limit_mps": 8.3}, "geometry": {"type": "LineString", "coordinates": [[77.703032, 12.9514776], [77.7030087, 12.9514826], [77.7026291, 12.9515635], [77.7021374, 12.9516682], [77.701402, 12.9518248], [77.7010774, 12.9518891], [77.7003758, 12.952028]]}}, {"type": "Feature", "properties": {"name": "1st Main Road", "highway": "residential", "lanes": 2, "speed_limit_mps": 8.3}, "geometry": {"type": "LineString", "coordinates": [[77.7003758, 12.952028], [77.7001511, 12.9520762], [77.7001076, 12.9520855]]}}, {"type": "Feature", "properties": {"name": "residential", "highway": "residential", "lanes": 2, "speed_limit_mps": 8.3}, "geometry": {"type": "LineString", "coordinates": [[77.7038169, 12.9490499], [77.7036809, 12.9487546]]}}, {"type": "Feature", "properties": {"name": "10th Cross Road", "highway": "residential", "lanes": 2, "speed_limit_mps": 8.3}, "geometry": {"type": "LineString", "coordinates": [[77.7028022, 12.9595667], [77.704114, 12.9595035]]}}, {"type": "Feature", "properties": {"name": "Varthur Road", "highway": "primary", "lanes": 4, "speed_limit_mps": 16.7}, "geometry": {"type": "LineString", "coordinates": [[77.70256, 12.9568921], [77.7028056, 12.9568602]]}}, {"type": "Feature", "properties": {"name": "Varthur Road", "highway": "primary", "lanes": 4, "speed_limit_mps": 16.7}, "geometry": {"type": "LineString", "coordinates": [[77.7028056, 12.9568602], [77.7029803, 12.9568485]]}}, {"type": "Feature", "properties": {"name": "Varthur Road", "highway": "primary", "lanes": 4, "speed_limit_mps": 16.7}, "geometry": {"type": "LineString", "coordinates": [[77.7010345, 12.9569884], [77.7012937, 12.956972]]}}, {"type": "Feature", "properties": {"name": "Varthur Road", "highway": "primary", "lanes": 4, "speed_limit_mps": 16.7}, "geometry": {"type": "LineString", "coordinates": [[77.701027, 12.9569097], [77.7009594, 12.9569136], [77.7009285, 12.9569154]]}}, {"type": "Feature", "properties": {"name": "Varthur Road", "highway": "primary", "lanes": 4, "speed_limit_mps": 16.7}, "geometry": {"type": "LineString", "coordinates": [[77.7032775, 12.9567168], [77.7025526, 12.9567717]]}}, {"type": "Feature", "properties": {"name": "Varthur Road", "highway": "primary", "lanes": 4, "speed_limit_mps": 16.7}, "geometry": {"type": "LineString", "coordinates": [[77.7025526, 12.9567717], [77.7022714, 12.9567959]]}}, {"type": "Feature", "properties": {"name": "Varthur Road", "highway": "primary", "lanes": 4, "speed_limit_mps": 16.7}, "geometry": {"type": "LineString", "coordinates": [[77.7022714, 12.9567959], [77.7019945, 12.9568302]]}}, {"type": "Feature", "properties": {"name": "Varthur Road", "highway": "primary", "lanes": 4, "speed_limit_mps": 16.7}, "geometry": {"type": "LineString", "coordinates": [[77.7019945, 12.9568302], [77.7018608, 12.9568418], [77.7017176, 12.9568547]]}}, {"type": "Feature", "properties": {"name": "Varthur Road", "highway": "primary", "lanes": 4, "speed_limit_mps": 16.7}, "geometry": {"type": "LineString", "coordinates": [[77.7017176, 12.9568547], [77.7014596, 12.9568724]]}}, {"type": "Feature", "properties": {"name": "Varthur Road", "highway": "primary", "lanes": 4, "speed_limit_mps": 16.7}, "geometry": {"type": "LineString", "coordinates": [[77.7009389, 12.9569925], [77.7010345, 12.9569884]]}}, {"type": "Feature", "properties": {"name": "residential", "highway": "residential", "lanes": 2, "speed_limit_mps": 8.3}, "geometry": {"type": "LineString", "coordinates": [[77.6791416, 12.9290378], [77.6794085, 12.927551]]}}, {"type": "Feature", "properties": {"name": "residential", "highway": "residential", "lanes": 2, "speed_limit_mps": 8.3}, "geometry": {"type": "LineString", "coordinates": [[77.6748949, 12.9261753], [77.6749502, 12.9266764], [77.6750694, 12.927747]]}}, {"type": "Feature", "properties": {"name": "residential", "highway": "residential", "lanes": 2, "speed_limit_mps": 8.3}, "geometry": {"type": "LineString", "coordinates": [[77.7036085, 12.9469613], [77.7033798, 12.9470883], [77.7030933, 12.9465781]]}}, {"type": "Feature", "properties": {"name": "residential", "highway": "residential", "lanes": 2, "speed_limit_mps": 8.3}, "geometry": {"type": "LineString", "coordinates": [[77.7030933, 12.9465781], [77.7029604, 12.9463328]]}}, {"type": "Feature", "properties": {"name": "Bellanduru Main Road", "highway": "tertiary", "lanes": 2, "speed_limit_mps": 11.1}, "geometry": {"type": "LineString", "coordinates": [[77.6695743, 12.9187095], [77.6695994, 12.918745], [77.6696287, 12.9187817], [77.6699293, 12.9191582], [77.6700595, 12.9193314], [77.6701747, 12.919502], [77.6702046, 12.919567], [77.6702574, 12.9197023], [77.6704631, 12.9200233], [77.6706049, 12.9203243]]}}, {"type": "Feature", "properties": {"name": "Bellanduru Main Road", "highway": "tertiary", "lanes": 2, "speed_limit_mps": 11.1}, "geometry": {"type": "LineString", "coordinates": [[77.6706049, 12.9203243], [77.6706134, 12.9203434], [77.6707233, 12.9205696]]}}, {"type": "Feature", "properties": {"name": "Bellanduru Main Road", "highway": "tertiary", "lanes": 2, "speed_limit_mps": 11.1}, "geometry": {"type": "LineString", "coordinates": [[77.6707233, 12.9205696], [77.6708607, 12.9208345], [77.6711311, 12.9211846], [77.6712431, 12.9213061], [77.6713366, 12.9213686], [77.6717031, 12.9215217]]}}, {"type": "Feature", "properties": {"name": "Bellanduru Main Road", "highway": "tertiary", "lanes": 2, "speed_limit_mps": 11.1}, "geometry": {"type": "LineString", "coordinates": [[77.6717031, 12.9215217], [77.6717618, 12.9215774], [77.671898, 12.9219188], [77.672025, 12.9221948], [77.6721254, 12.9223581]]}}, {"type": "Feature", "properties": {"name": "Bellanduru Main Road", "highway": "tertiary", "lanes": 2, "speed_limit_mps": 11.1}, "geometry": {"type": "LineString", "coordinates": [[77.6721254, 12.9223581], [77.6721629, 12.922413]]}}, {"type": "Feature", "properties": {"name": "tertiary", "highway": "tertiary", "lanes": 2, "speed_limit_mps": 11.1}, "geometry": {"type": "LineString", "coordinates": [[77.6784461, 12.9304055], [77.6784777, 12.9303551]]}}, {"type": "Feature", "properties": {"name": "tertiary", "highway": "tertiary", "lanes": 2, "speed_limit_mps": 11.1}, "geometry": {"type": "LineString", "coordinates": [[77.6783512, 12.9308072], [77.6783709, 12.9307166]]}}, {"type": "Feature", "properties": {"name": "tertiary", "highway": "tertiary", "lanes": 2, "speed_limit_mps": 11.1}, "geometry": {"type": "LineString", "coordinates": [[77.6783709, 12.9307166], [77.6784461, 12.9304055]]}}, {"type": "Feature", "properties": {"name": "tertiary", "highway": "tertiary", "lanes": 2, "speed_limit_mps": 11.1}, "geometry": {"type": "LineString", "coordinates": [[77.6695689, 12.922901], [77.6696546, 12.9229427]]}}, {"type": "Feature", "properties": {"name": "tertiary", "highway": "tertiary", "lanes": 2, "speed_limit_mps": 11.1}, "geometry": {"type": "LineString", "coordinates": [[77.6696546, 12.9229427], [77.6699402, 12.9230858], [77.6702086, 12.9232134], [77.6702665, 12.9232396], [77.6707038, 12.9234192], [77.670801, 12.9234653], [77.6713199, 12.9237112], [77.6718437, 12.923947]]}}, {"type": "Feature", "properties": {"name": "Bellandur Main Road", "highway": "tertiary", "lanes": 2, "speed_limit_mps": 11.1}, "geometry": {"type": "LineString", "coordinates": [[77.6762307, 12.926016], [77.6762416, 12.9260693]]}}, {"type": "Feature", "properties": {"name": "Bellandur Main Road", "highway": "tertiary", "lanes": 2, "speed_limit_mps": 11.1}, "geometry": {"type": "LineString", "coordinates": [[77.6762416, 12.9260693], [77.6763522, 12.9267537]]}}, {"type": "Feature", "properties": {"name": "Bellandur Main Road", "highway": "tertiary", "lanes": 2, "speed_limit_mps": 11.1}, "geometry": {"type": "LineString", "coordinates": [[77.6763522, 12.9267537], [77.6763617, 12.926814]]}}, {"type": "Feature", "properties": {"name": "Bellandur Main Road", "highway": "tertiary", "lanes": 2, "speed_limit_mps": 11.1}, "geometry": {"type": "LineString", "coordinates": [[77.6763617, 12.926814], [77.6764153, 12.9270829]]}}, {"type": "Feature", "properties": {"name": "Bellandur Main Road", "highway": "tertiary", "lanes": 2, "speed_limit_mps": 11.1}, "geometry": {"type": "LineString", "coordinates": [[77.6764153, 12.9270829], [77.6764465, 12.9272824]]}}, {"type": "Feature", "properties": {"name": "Bellandur Main Road", "highway": "tertiary", "lanes": 2, "speed_limit_mps": 11.1}, "geometry": {"type": "LineString", "coordinates": [[77.6764465, 12.9272824], [77.6764817, 12.9274579]]}}, {"type": "Feature", "properties": {"name": "Bellandur Main Road", "highway": "tertiary", "lanes": 2, "speed_limit_mps": 11.1}, "geometry": {"type": "LineString", "coordinates": [[77.6764817, 12.9274579], [77.6765189, 12.9276388], [77.6765302, 12.9277776]]}}, {"type": "Feature", "properties": {"name": "Bellandur Main Road", "highway": "tertiary", "lanes": 2, "speed_limit_mps": 11.1}, "geometry": {"type": "LineString", "coordinates": [[77.6765302, 12.9277776], [77.6765381, 12.9280545]]}}, {"type": "Feature", "properties": {"name": "Bellandur Main Road", "highway": "tertiary", "lanes": 2, "speed_limit_mps": 11.1}, "geometry": {"type": "LineString", "coordinates": [[77.6765381, 12.9280545], [77.6765356, 12.9282997]]}}, {"type": "Feature", "properties": {"name": "Bellandur Main Road", "highway": "tertiary", "lanes": 2, "speed_limit_mps": 11.1}, "geometry": {"type": "LineString", "coordinates": [[77.6765356, 12.9282997], [77.6765233, 12.9285284]]}}, {"type": "Feature", "properties": {"name": "Bellandur Main Road", "highway": "tertiary", "lanes": 2, "speed_limit_mps": 11.1}, "geometry": {"type": "LineString", "coordinates": [[77.6765233, 12.9285284], [77.6765162, 12.9286845], [77.6764817, 12.9289817]]}}, {"type": "Feature", "properties": {"name": "Bellandur Main Road", "highway": "tertiary", "lanes": 2, "speed_limit_mps": 11.1}, "geometry": {"type": "LineString", "coordinates": [[77.6764817, 12.9289817], [77.6764421, 12.9293184]]}}, {"type": "Feature", "properties": {"name": "Bellandur Main Road", "highway": "tertiary", "lanes": 2, "speed_limit_mps": 11.1}, "geometry": {"type": "LineString", "coordinates": [[77.6764421, 12.9293184], [77.6764146, 12.9294941]]}}, {"type": "Feature", "properties": {"name": "Bellandur Main Road", "highway": "tertiary", "lanes": 2, "speed_limit_mps": 11.1}, "geometry": {"type": "LineString", "coordinates": [[77.6764146, 12.9294941], [77.6763961, 12.9296356]]}}, {"type": "Feature", "properties": {"name": "Bellandur Main Road", "highway": "tertiary", "lanes": 2, "speed_limit_mps": 11.1}, "geometry": {"type": "LineString", "coordinates": [[77.6763961, 12.9296356], [77.6763901, 12.9296676]]}}, {"type": "Feature", "properties": {"name": "residential", "highway": "residential", "lanes": 2, "speed_limit_mps": 8.3}, "geometry": {"type": "LineString", "coordinates": [[77.7007681, 12.9583639], [77.701033, 12.9583444], [77.7010847, 12.9583413]]}}, {"type": "Feature", "properties": {"name": "Varthur Road", "highway": "primary", "lanes": 4, "speed_limit_mps": 16.7}, "geometry": {"type": "LineString", "coordinates": [[77.7102922, 12.9562465], [77.7104677, 12.9562342], [77.7105804, 12.9562253], [77.710733, 12.9562125], [77.7110413, 12.9561841]]}}, {"type": "Feature", "properties": {"name": "Varthur Road", "highway": "primary", "lanes": 4, "speed_limit_mps": 16.7}, "geometry": {"type": "LineString", "coordinates": [[77.7110413, 12.9561841], [77.7120233, 12.9561196], [77.7121074, 12.9561158], [77.7129227, 12.9560615]]}}, {"type": "Feature", "properties": {"name": "6th Cross Road", "highway": "residential", "lanes": 2, "speed_limit_mps": 8.3}, "geometry": {"type": "LineString", "coordinates": [[77.7075449, 12.9545549], [77.7071504, 12.9545077], [77.7067153, 12.9544646]]}}, {"type": "Feature", "properties": {"name": "6th Cross Road", "highway": "residential", "lanes": 2, "speed_limit_mps": 8.3}, "geometry": {"type": "LineString", "coordinates": [[77.7067153, 12.9544646], [77.7060494, 12.9543607], [77.70596, 12.9543866], [77.7051722, 12.9541796]]}}, {"type": "Feature", "properties": {"name": "residential", "highway": "residential", "lanes": 2, "speed_limit_mps": 8.3}, "geometry": {"type": "LineString", "coordinates": [[77.7075928, 12.9542718], [77.7070599, 12.9542169], [77.706755, 12.9541827]]}}, {"type": "Feature", "properties": {"name": "residential", "highway": "residential", "lanes": 2, "speed_limit_mps": 8.3}, "geometry": {"type": "LineString", "coordinates": [[77.706755, 12.9541827], [77.7061003, 12.9540902]]}}, {"type": "Feature", "properties": {"name": "residential", "highway": "residential", "lanes": 2, "speed_limit_mps": 8.3}, "geometry": {"type": "LineString", "coordinates": [[77.7076186, 12.9539941], [77.7071692, 12.9539536], [77.7067902, 12.9538956]]}}, {"type": "Feature", "properties": {"name": "residential", "highway": "residential", "lanes": 2, "speed_limit_mps": 8.3}, "geometry": {"type": "LineString", "coordinates": [[77.7067902, 12.9538956], [77.706195, 12.9538281]]}}, {"type": "Feature", "properties": {"name": "9th Cross Road", "highway": "residential", "lanes": 2, "speed_limit_mps": 8.3}, "geometry": {"type": "LineString", "coordinates": [[77.7075688, 12.9536409], [77.7072554, 12.9536471]]}}, {"type": "Feature", "properties": {"name": "10th Cross Road", "highway": "residential", "lanes": 2, "speed_limit_mps": 8.3}, "geometry": {"type": "LineString", "coordinates": [[77.7073499, 12.9529525], [77.7073087, 12.9530047], [77.7072537, 12.9532145], [77.7071974, 12.9534386], [77.7071041, 12.9537226]]}}, {"type": "Feature", "properties": {"name": "11th Cross Road", "highway": "residential", "lanes": 2, "speed_limit_mps": 8.3}, "geometry": {"type": "LineString", "coordinates": [[77.7071838, 12.952599], [77.7071558, 12.9526493], [77.7069747, 12.9532119], [77.7068011, 12.953749]]}}, {"type": "Feature", "properties": {"name": "6th Cross Road", "highway": "residential", "lanes": 2, "speed_limit_mps": 8.3}, "geometry": {"type": "LineString", "coordinates": [[77.7047968, 12.9590187], [77.7047129, 12.9590093]]}}, {"type": "Feature", "properties": {"name": "6th Cross Road", "highway": "residential", "lanes": 2, "speed_limit_mps": 8.3}, "geometry": {"type": "LineString", "coordinates": [[77.7047129, 12.9590093], [77.7044692, 12.9590005]]}}, {"type": "Feature", "properties": {"name": "7th Cross Road", "highway": "residential", "lanes": 2, "speed_limit_mps": 8.3}, "geometry": {"type": "LineString", "coordinates": [[77.7047626, 12.9593049], [77.704664, 12.9592957]]}}, {"type": "Feature", "properties": {"name": "7th Cross Road", "highway": "residential", "lanes": 2, "speed_limit_mps": 8.3}, "geometry": {"type": "LineString", "coordinates": [[77.704664, 12.9592957], [77.7044353, 12.9592738]]}}, {"type": "Feature", "properties": {"name": "3rd Cross Road", "highway": "residential", "lanes": 2, "speed_limit_mps": 8.3}, "geometry": {"type": "LineString", "coordinates": [[77.7050536, 12.9575138], [77.704728, 12.9574604]]}}, {"type": "Feature", "properties": {"name": "2nd Cross Road", "highway": "residential", "lanes": 2, "speed_limit_mps": 8.3}, "geometry": {"type": "LineString", "coordinates": [[77.7050704, 12.9573674], [77.7047873, 12.9573359]]}}, {"type": "Feature", "properties": {"name": "1st Cross Road", "highway": "residential", "lanes": 2, "speed_limit_mps": 8.3}, "geometry": {"type": "LineString", "coordinates": [[77.7050926, 12.9571531], [77.7048745, 12.9571429]]}}, {"type": "Feature", "properties": {"name": "3rd Cross Road", "highway": "residential", "lanes": 2, "speed_limit_mps": 8.3}, "geometry": {"type": "LineString", "coordinates": [[77.6965383, 12.954127], [77.696452, 12.9538378]]}}, {"type": "Feature", "properties": {"name": "2nd Cross Road", "highway": "residential", "lanes": 2, "speed_limit_mps": 8.3}, "geometry": {"type": "LineString", "coordinates": [[77.6962644, 12.9541971], [77.6961844, 12.953908]]}}, {"type": "Feature", "properties": {"name": "9th Cross Road", "highway": "residential", "lanes": 2, "speed_limit_mps": 8.3}, "geometry": {"type": "LineString", "coordinates": [[77.6981685, 12.9526261], [77.6983225, 12.9525871], [77.6982956, 12.9524439], [77.6989504, 12.9523102]]}}, {"type": "Feature", "properties": {"name": "residential", "highway": "residential", "lanes": 2, "speed_limit_mps": 8.3}, "geometry": {"type": "LineString", "coordinates": [[77.6995253, 12.9512682], [77.699486, 12.9512778], [77.6980358, 12.9516332]]}}, {"type": "Feature", "properties": {"name": "residential", "highway": "residential", "lanes": 2, "speed_limit_mps": 8.3}, "geometry": {"type": "LineString", "coordinates": [[77.6977053, 12.9502574], [77.6986639, 12.9500451]]}}, {"type": "Feature", "properties": {"name": "residential", "highway": "residential", "lanes": 2, "speed_limit_mps": 8.3}, "geometry": {"type": "LineString", "coordinates": [[77.695234, 12.9500612], [77.6955092, 12.950055]]}}, {"type": "Feature", "properties": {"name": "residential", "highway": "residential", "lanes": 2, "speed_limit_mps": 8.3}, "geometry": {"type": "LineString", "coordinates": [[77.6955092, 12.950055], [77.695737, 12.9500463]]}}, {"type": "Feature", "properties": {"name": "residential", "highway": "residential", "lanes": 2, "speed_limit_mps": 8.3}, "geometry": {"type": "LineString", "coordinates": [[77.695737, 12.9500463], [77.6960379, 12.9500266]]}}, {"type": "Feature", "properties": {"name": "residential", "highway": "residential", "lanes": 2, "speed_limit_mps": 8.3}, "geometry": {"type": "LineString", "coordinates": [[77.7024578, 12.9455137], [77.7028811, 12.9454834]]}}, {"type": "Feature", "properties": {"name": "residential", "highway": "residential", "lanes": 2, "speed_limit_mps": 8.3}, "geometry": {"type": "LineString", "coordinates": [[77.7021122, 12.9456374], [77.7021826, 12.9461091]]}}, {"type": "Feature", "properties": {"name": "residential", "highway": "residential", "lanes": 2, "speed_limit_mps": 8.3}, "geometry": {"type": "LineString", "coordinates": [[77.7025415, 12.9464138], [77.7024599, 12.9458823]]}}, {"type": "Feature", "properties": {"name": "residential", "highway": "residential", "lanes": 2, "speed_limit_mps": 8.3}, "geometry": {"type": "LineString", "coordinates": [[77.7018009, 12.9456304], [77.7018792, 12.9461496]]}}, {"type": "Feature", "properties": {"name": "residential", "highway": "residential", "lanes": 2, "speed_limit_mps": 8.3}, "geometry": {"type": "LineString", "coordinates": [[77.7028679, 12.9508832], [77.703032, 12.9514776]]}}, {"type": "Feature", "properties": {"name": "trunk_link", "highway": "trunk_link", "lanes": 3, "speed_limit_mps": 13.9}, "geometry": {"type": "LineString", "coordinates": [[77.666087, 12.9208824], [77.6660115, 12.9208908], [77.6659629, 12.9209073], [77.6659331, 12.9209409], [77.6659262, 12.9209797], [77.6659322, 12.9210217], [77.6659542, 12.9210601], [77.6659924, 12.9211461]]}}, {"type": "Feature", "properties": {"name": "1st Main Road", "highway": "tertiary", "lanes": 2, "speed_limit_mps": 11.1}, "geometry": {"type": "LineString", "coordinates": [[77.7014658, 12.9597508], [77.7016099, 12.9595283], [77.7016285, 12.9594826]]}}, {"type": "Feature", "properties": {"name": "1st Main Road", "highway": "tertiary", "lanes": 2, "speed_limit_mps": 11.1}, "geometry": {"type": "LineString", "coordinates": [[77.7016285, 12.9594826], [77.7016577, 12.959411]]}}, {"type": "Feature", "properties": {"name": "1st Main Road", "highway": "tertiary", "lanes": 2, "speed_limit_mps": 11.1}, "geometry": {"type": "LineString", "coordinates": [[77.7016577, 12.959411], [77.7016539, 12.959335], [77.7016459, 12.9591773]]}}, {"type": "Feature", "properties": {"name": "1st Main Road", "highway": "tertiary", "lanes": 2, "speed_limit_mps": 11.1}, "geometry": {"type": "LineString", "coordinates": [[77.7016459, 12.9591773], [77.7016398, 12.9590566], [77.7015979, 12.9589501]]}}, {"type": "Feature", "properties": {"name": "1st Main Road", "highway": "tertiary", "lanes": 2, "speed_limit_mps": 11.1}, "geometry": {"type": "LineString", "coordinates": [[77.7015979, 12.9589501], [77.7015781, 12.9588998], [77.701551, 12.9587414]]}}, {"type": "Feature", "properties": {"name": "1st Main Road", "highway": "tertiary", "lanes": 2, "speed_limit_mps": 11.1}, "geometry": {"type": "LineString", "coordinates": [[77.701551, 12.9587414], [77.7015585, 12.9585038]]}}, {"type": "Feature", "properties": {"name": "1st Main Road", "highway": "tertiary", "lanes": 2, "speed_limit_mps": 11.1}, "geometry": {"type": "LineString", "coordinates": [[77.7015585, 12.9585038], [77.7015532, 12.9581458]]}}, {"type": "Feature", "properties": {"name": "1st Main Road", "highway": "tertiary", "lanes": 2, "speed_limit_mps": 11.1}, "geometry": {"type": "LineString", "coordinates": [[77.7015532, 12.9581458], [77.7015521, 12.9577755]]}}, {"type": "Feature", "properties": {"name": "1st Main Road", "highway": "tertiary", "lanes": 2, "speed_limit_mps": 11.1}, "geometry": {"type": "LineString", "coordinates": [[77.7015521, 12.9577755], [77.701551, 12.9574387]]}}, {"type": "Feature", "properties": {"name": "1st Main Road", "highway": "tertiary", "lanes": 2, "speed_limit_mps": 11.1}, "geometry": {"type": "LineString", "coordinates": [[77.701551, 12.9574387], [77.7015365, 12.957187]]}}, {"type": "Feature", "properties": {"name": "Bellandur Main Road", "highway": "tertiary", "lanes": 2, "speed_limit_mps": 11.1}, "geometry": {"type": "LineString", "coordinates": [[77.6761658, 12.9257883], [77.6761705, 12.9258201], [77.6762307, 12.926016]]}}, {"type": "Feature", "properties": {"name": "primary_link", "highway": "primary_link", "lanes": 3, "speed_limit_mps": 11.1}, "geometry": {"type": "LineString", "coordinates": [[77.6654346, 12.9203873], [77.6654156, 12.9204503], [77.6654129, 12.9204699], [77.6654216, 12.9204929], [77.6654364, 12.9205079], [77.6654619, 12.9205157], [77.6654947, 12.9205223], [77.6655365, 12.9205145]]}}, {"type": "Feature", "properties": {"name": "Sarjapura Road", "highway": "primary", "lanes": 4, "speed_limit_mps": 16.7}, "geometry": {"type": "LineString", "coordinates": [[77.6676429, 12.9194283], [77.6676094, 12.9194448], [77.6674568, 12.9195245], [77.6671398, 12.919686], [77.666985, 12.9197731], [77.6668582, 12.9198365]]}}, {"type": "Feature", "properties": {"name": "Sarjapura Road", "highway": "primary", "lanes": 4, "speed_limit_mps": 16.7}, "geometry": {"type": "LineString", "coordinates": [[77.6668582, 12.9198365], [77.6667954, 12.9198679]]}}, {"type": "Feature", "properties": {"name": "Sarjapura Road", "highway": "primary", "lanes": 4, "speed_limit_mps": 16.7}, "geometry": {"type": "LineString", "coordinates": [[77.6667954, 12.9198679], [77.6667793, 12.9198759], [77.6665738, 12.9199759], [77.6664593, 12.9200271], [77.666417, 12.9200461], [77.6663922, 12.9200572], [77.6660675, 12.9201931], [77.6657561, 12.920298], [77.6657051, 12.9203128]]}}, {"type": "Feature", "properties": {"name": "Sarjapura Road", "highway": "primary", "lanes": 4, "speed_limit_mps": 16.7}, "geometry": {"type": "LineString", "coordinates": [[77.6657051, 12.9203128], [77.6656618, 12.9203253]]}}, {"type": "Feature", "properties": {"name": "Sarjapura Road", "highway": "primary", "lanes": 4, "speed_limit_mps": 16.7}, "geometry": {"type": "LineString", "coordinates": [[77.6656618, 12.9203253], [77.6655505, 12.920357], [77.6654346, 12.9203873]]}}, {"type": "Feature", "properties": {"name": "Sarjapura Road", "highway": "primary", "lanes": 4, "speed_limit_mps": 16.7}, "geometry": {"type": "LineString", "coordinates": [[77.6655365, 12.9205145], [77.665646, 12.9204611]]}}, {"type": "Feature", "properties": {"name": "Sarjapura Road", "highway": "primary", "lanes": 4, "speed_limit_mps": 16.7}, "geometry": {"type": "LineString", "coordinates": [[77.665646, 12.9204611], [77.6661174, 12.9202676], [77.6664963, 12.9200863], [77.6668194, 12.9199412], [77.6669822, 12.9198603], [77.6670935, 12.919805]]}}, {"type": "Feature", "properties": {"name": "Sarjapura Road", "highway": "primary", "lanes": 4, "speed_limit_mps": 16.7}, "geometry": {"type": "LineString", "coordinates": [[77.6670935, 12.919805], [77.6671698, 12.9197657], [77.6672551, 12.9197231], [77.6672927, 12.9197047], [77.6675508, 12.91957], [77.6677991, 12.9194391], [77.6680792, 12.9192865], [77.6682994, 12.9191645], [77.6684564, 12.9190784], [77.6684825, 12.9190611]]}}, {"type": "Feature", "properties": {"name": "Sarjapura Road", "highway": "primary", "lanes": 4, "speed_limit_mps": 16.7}, "geometry": {"type": "LineString", "coordinates": [[77.6684825, 12.9190611], [77.6685555, 12.9190265], [77.6686529, 12.9189905], [77.6689104, 12.9189097], [77.6690309, 12.9188739], [77.6695743, 12.9187095]]}}, {"type": "Feature", "properties": {"name": "Sarjapura Road", "highway": "primary", "lanes": 4, "speed_limit_mps": 16.7}, "geometry": {"type": "LineString", "coordinates": [[77.6695743, 12.9187095], [77.6697902, 12.9186405], [77.6703071, 12.918459], [77.6705507, 12.9183701]]}}, {"type": "Feature", "properties": {"name": "Sarjapura Road", "highway": "primary", "lanes": 4, "speed_limit_mps": 16.7}, "geometry": {"type": "LineString", "coordinates": [[77.6705507, 12.9183701], [77.6707882, 12.9182699], [77.6708356, 12.9182499], [77.6708845, 12.9182292], [77.6709242, 12.9182088], [77.6709745, 12.9181866], [77.671159, 12.9180964], [77.6715879, 12.9178795]]}}, {"type": "Feature", "properties": {"name": "Outer Ring Road", "highway": "trunk", "lanes": 6, "speed_limit_mps": 22.2}, "geometry": {"type": "LineString", "coordinates": [[77.6662615, 12.9212738], [77.6680451, 12.922053], [77.6704187, 12.923181], [77.6725796, 12.9241634], [77.6726301, 12.9241861], [77.6726684, 12.9242033], [77.6735137, 12.9245832], [77.6738264, 12.924724], [77.673989, 12.9248019], [77.6741134, 12.9248645]]}}, {"type": "Feature", "properties": {"name": "Outer Ring Road", "highway": "trunk", "lanes": 6, "speed_limit_mps": 22.2}, "geometry": {"type": "LineString", "coordinates": [[77.6741134, 12.9248645], [77.674278, 12.9249455]]}}, {"type": "Feature", "properties": {"name": "Haralur Road", "highway": "tertiary", "lanes": 2, "speed_limit_mps": 11.1}, "geometry": {"type": "LineString", "coordinates": [[77.6685522, 12.9182753], [77.6682998, 12.9175812]]}}, {"type": "Feature", "properties": {"name": "Haralur Road", "highway": "tertiary", "lanes": 2, "speed_limit_mps": 11.1}, "geometry": {"type": "LineString", "coordinates": [[77.6682998, 12.9175812], [77.6682474, 12.9174623], [77.6681138, 12.9171591], [77.6679943, 12.9168878], [77.6679574, 12.916804], [77.6676835, 12.9161823], [77.6674951, 12.9157261]]}}, {"type": "Feature", "properties": {"name": "tertiary", "highway": "tertiary", "lanes": 2, "speed_limit_mps": 11.1}, "geometry": {"type": "LineString", "coordinates": [[77.6554029, 12.9236617], [77.6554514, 12.923647], [77.6556715, 12.9236018], [77.6562509, 12.9234364], [77.6566778, 12.9232918], [77.6573994, 12.9230425], [77.6599797, 12.9221196], [77.6612672, 12.9217875], [77.661466, 12.9217362]]}}, {"type": "Feature", "properties": {"name": "tertiary", "highway": "tertiary", "lanes": 2, "speed_limit_mps": 11.1}, "geometry": {"type": "LineString", "coordinates": [[77.661466, 12.9217362], [77.6616849, 12.9216797]]}}, {"type": "Feature", "properties": {"name": "tertiary", "highway": "tertiary", "lanes": 2, "speed_limit_mps": 11.1}, "geometry": {"type": "LineString", "coordinates": [[77.6616849, 12.9216797], [77.6626871, 12.9214212], [77.6629056, 12.921278]]}}, {"type": "Feature", "properties": {"name": "residential", "highway": "residential", "lanes": 2, "speed_limit_mps": 8.3}, "geometry": {"type": "LineString", "coordinates": [[77.6662075, 12.9178819], [77.6662951, 12.9181798]]}}, {"type": "Feature", "properties": {"name": "residential", "highway": "residential", "lanes": 2, "speed_limit_mps": 8.3}, "geometry": {"type": "LineString", "coordinates": [[77.6662951, 12.9181798], [77.6667051, 12.9196687]]}}, {"type": "Feature", "properties": {"name": "residential", "highway": "residential", "lanes": 2, "speed_limit_mps": 8.3}, "geometry": {"type": "LineString", "coordinates": [[77.6667051, 12.9196687], [77.6667512, 12.9197244]]}}, {"type": "Feature", "properties": {"name": "unclassified", "highway": "unclassified", "lanes": 2, "speed_limit_mps": 8.3}, "geometry": {"type": "LineString", "coordinates": [[77.6670935, 12.919805], [77.6671099, 12.919865], [77.6671907, 12.9201328], [77.6672464, 12.9203459], [77.6673298, 12.9206415], [77.6674249, 12.9210116], [77.6674393, 12.9210292], [77.6674593, 12.9210356], [77.6674776, 12.921038], [77.667659, 12.9210323], [77.6676697, 12.9210282], [77.6676775, 12.9210199], [77.6676804, 12.9210072], [77.6676295, 12.9207877]]}}, {"type": "Feature", "properties": {"name": "residential", "highway": "residential", "lanes": 2, "speed_limit_mps": 8.3}, "geometry": {"type": "LineString", "coordinates": [[77.6684825, 12.9190611], [77.6685039, 12.9191278], [77.6685141, 12.9191595], [77.6685194, 12.9191762], [77.669103, 12.9211542]]}}, {"type": "Feature", "properties": {"name": "Sarjapura Road", "highway": "primary", "lanes": 4, "speed_limit_mps": 16.7}, "geometry": {"type": "LineString", "coordinates": [[77.6648998, 12.9205222], [77.6646905, 12.9205614], [77.6636514, 12.9208504], [77.6624187, 12.9211891]]}}, {"type": "Feature", "properties": {"name": "Sarjapur Road", "highway": "primary", "lanes": 4, "speed_limit_mps": 16.7}, "geometry": {"type": "LineString", "coordinates": [[77.6654346, 12.9203873], [77.6653207, 12.920419]]}}, {"type": "Feature", "properties": {"name": "residential", "highway": "residential", "lanes": 2, "speed_limit_mps": 8.3}, "geometry": {"type": "LineString", "coordinates": [[77.6676429, 12.9194283], [77.6676248, 12.9193387], [77.6674485, 12.9186194], [77.6674092, 12.918386]]}}, {"type": "Feature", "properties": {"name": "residential", "highway": "residential", "lanes": 2, "speed_limit_mps": 8.3}, "geometry": {"type": "LineString", "coordinates": [[77.6720238, 12.9224548], [77.6719614, 12.9223427], [77.6719495, 12.9223196], [77.6718852, 12.9221785], [77.6718315, 12.9220713], [77.6716686, 12.9220869], [77.6716424, 12.9220791], [77.6715526, 12.9220039], [77.6715231, 12.9219955], [77.6712361, 12.9220367], [77.6712273, 12.922051], [77.6712039, 12.922102], [77.671163, 12.9221386], [77.6711086, 12.9221569], [77.6710633, 12.9221548], [77.6710322, 12.9221392], [77.6709759, 12.9220948], [77.6703945, 12.92217], [77.670369, 12.9221993], [77.6704449, 12.9227328], [77.6705213, 12.9227961], [77.6707149, 12.9228132]]}}, {"type": "Feature", "properties": {"name": "Bellanduru Main Road", "highway": "tertiary", "lanes": 2, "speed_limit_mps": 11.1}, "geometry": {"type": "LineString", "coordinates": [[77.6721629, 12.922413], [77.6724804, 12.9228551], [77.6725065, 12.9228822], [77.672547, 12.9229084], [77.6726111, 12.9229236], [77.672684, 12.9229276], [77.6730488, 12.9229195], [77.673472, 12.922881]]}}, {"type": "Feature", "properties": {"name": "Bellanduru Main Road", "highway": "tertiary", "lanes": 2, "speed_limit_mps": 11.1}, "geometry": {"type": "LineString", "coordinates": [[77.673472, 12.922881], [77.6737023, 12.922842]]}}, {"type": "Feature", "properties": {"name": "Bellanduru Main Road", "highway": "tertiary", "lanes": 2, "speed_limit_mps": 11.1}, "geometry": {"type": "LineString", "coordinates": [[77.6737023, 12.922842], [77.673865, 12.9228159], [77.6740189, 12.9227942]]}}, {"type": "Feature", "properties": {"name": "Bellanduru Main Road", "highway": "tertiary", "lanes": 2, "speed_limit_mps": 11.1}, "geometry": {"type": "LineString", "coordinates": [[77.6740189, 12.9227942], [77.6745328, 12.9227073]]}}, {"type": "Feature", "properties": {"name": "Bellanduru Main Road", "highway": "tertiary", "lanes": 2, "speed_limit_mps": 11.1}, "geometry": {"type": "LineString", "coordinates": [[77.6745328, 12.9227073], [77.6749683, 12.9226369]]}}, {"type": "Feature", "properties": {"name": "Bellanduru Main Road", "highway": "tertiary", "lanes": 2, "speed_limit_mps": 11.1}, "geometry": {"type": "LineString", "coordinates": [[77.6749683, 12.9226369], [77.6751632, 12.922612], [77.675441, 12.9225905], [77.6755627, 12.9225934], [77.6756318, 12.9226284]]}}, {"type": "Feature", "properties": {"name": "residential", "highway": "residential", "lanes": 2, "speed_limit_mps": 8.3}, "geometry": {"type": "LineString", "coordinates": [[77.674156, 12.9301], [77.6741652, 12.9300713], [77.6741797, 12.930061], [77.6746146, 12.9300708], [77.6746286, 12.9300668], [77.6746427, 12.9300518], [77.6747447, 12.9295061], [77.6747433, 12.9294793], [77.6747272, 12.9294375], [77.6746642, 12.9293362], [77.6744599, 12.9290503], [77.6744202, 12.9290345], [77.6743892, 12.9290105], [77.6737058, 12.9290603], [77.67368, 12.9291075], [77.673668, 12.9291325], [77.6736668, 12.9291652], [77.6736634, 12.9294093], [77.6736801, 12.9294373], [77.6736977, 12.9294701], [77.6736384, 12.930012], [77.6736378, 12.9300277], [77.6736432, 12.930037], [77.6741343, 12.9300858]]}}, {"type": "Feature", "properties": {"name": "residential", "highway": "residential", "lanes": 2, "speed_limit_mps": 8.3}, "geometry": {"type": "LineString", "coordinates": [[77.684693, 12.9327737], [77.6853941, 12.9327212]]}}, {"type": "Feature", "properties": {"name": "residential", "highway": "residential", "lanes": 2, "speed_limit_mps": 8.3}, "geometry": {"type": "LineString", "coordinates": [[77.6858636, 12.9327856], [77.685936, 12.9333535], [77.6859573, 12.9335915], [77.6859465, 12.9336218], [77.6859184, 12.9336535], [77.6858122, 12.9336777], [77.6851213, 12.9337372], [77.6847676, 12.9337608], [77.6844987, 12.9337611], [77.6844047, 12.9337487], [77.684315, 12.9337], [77.6842821, 12.9336476], [77.6842615, 12.9329845], [77.6842785, 12.9329215], [77.6843365, 12.932863], [77.6844053, 12.932819], [77.684693, 12.9327737]]}}, {"type": "Feature", "properties": {"name": "residential", "highway": "residential", "lanes": 2, "speed_limit_mps": 8.3}, "geometry": {"type": "LineString", "coordinates": [[77.6654784, 12.9216642], [77.6653952, 12.9216654], [77.6653744, 12.9216651], [77.6653535, 12.9216647], [77.6653147, 12.9216661]]}}, {"type": "Feature", "properties": {"name": "residential", "highway": "residential", "lanes": 2, "speed_limit_mps": 8.3}, "geometry": {"type": "LineString", "coordinates": [[77.6653147, 12.9216661], [77.665301, 12.9216787], [77.6652832, 12.9216929], [77.6652659, 12.9216973], [77.6647585, 12.9216982]]}}, {"type": "Feature", "properties": {"name": "residential", "highway": "residential", "lanes": 2, "speed_limit_mps": 8.3}, "geometry": {"type": "LineString", "coordinates": [[77.7011807, 12.9600013], [77.7011314, 12.9600083], [77.7011251, 12.9600092], [77.7009681, 12.9600254]]}}, {"type": "Feature", "properties": {"name": "residential", "highway": "residential", "lanes": 2, "speed_limit_mps": 8.3}, "geometry": {"type": "LineString", "coordinates": [[77.6832077, 12.9315829], [77.6831665, 12.9317208]]}}, {"type": "Feature", "properties": {"name": "residential", "highway": "residential", "lanes": 2, "speed_limit_mps": 8.3}, "geometry": {"type": "LineString", "coordinates": [[77.6830789, 12.9321238], [77.6830769, 12.9321629], [77.6829982, 12.9333005], [77.6829717, 12.933684], [77.6829778, 12.933764]]}}, {"type": "Feature", "properties": {"name": "residential", "highway": "residential", "lanes": 2, "speed_limit_mps": 8.3}, "geometry": {"type": "LineString", "coordinates": [[77.6830493, 12.9337599], [77.6830608, 12.9336872], [77.683169, 12.9321701], [77.6831718, 12.9321243]]}}, {"type": "Feature", "properties": {"name": "residential", "highway": "residential", "lanes": 2, "speed_limit_mps": 8.3}, "geometry": {"type": "LineString", "coordinates": [[77.6825292, 12.9348233], [77.6824895, 12.9340091], [77.6825027, 12.9339512], [77.6825523, 12.9339093], [77.6829778, 12.933764]]}}, {"type": "Feature", "properties": {"name": "residential", "highway": "residential", "lanes": 2, "speed_limit_mps": 8.3}, "geometry": {"type": "LineString", "coordinates": [[77.6829778, 12.933764], [77.6830047, 12.9337548], [77.6830493, 12.9337599]]}}, {"type": "Feature", "properties": {"name": "residential", "highway": "residential", "lanes": 2, "speed_limit_mps": 8.3}, "geometry": {"type": "LineString", "coordinates": [[77.6830493, 12.9337599], [77.6835925, 12.9338224], [77.6840647, 12.9338514], [77.6843255, 12.9338836], [77.684385, 12.9339029], [77.6844015, 12.9339383], [77.6843817, 12.9343406], [77.684385, 12.9343792], [77.6844114, 12.9343985], [77.684702, 12.934421], [77.6847284, 12.9344661], [77.684735, 12.9345079], [77.6847416, 12.934627], [77.6847152, 12.9346785], [77.684669, 12.9346946], [77.6843024, 12.9346914], [77.6842463, 12.9346946], [77.6842265, 12.9347364], [77.684243, 12.9356183], [77.6842298, 12.9357084], [77.6841968, 12.9357599], [77.6841307, 12.9357985], [77.6835793, 12.9358339], [77.6835495, 12.9357953], [77.6835396, 12.9357406], [77.683533, 12.9354928]]}}, {"type": "Feature", "properties": {"name": "residential", "highway": "residential", "lanes": 2, "speed_limit_mps": 8.3}, "geometry": {"type": "LineString", "coordinates": [[77.6698379, 12.9183448], [77.6698664, 12.9184282]]}}, {"type": "Feature", "properties": {"name": "residential", "highway": "residential", "lanes": 2, "speed_limit_mps": 8.3}, "geometry": {"type": "LineString", "coordinates": [[77.6975068, 12.9369131], [77.6975875, 12.936906], [77.697637, 12.9369016], [77.6984667, 12.9368771], [77.6985444, 12.9368308], [77.6985756, 12.9365968], [77.6985142, 12.9365477], [77.6981053, 12.9365769]]}}, {"type": "Feature", "properties": {"name": "Spice Garden Road", "highway": "residential", "lanes": 2, "speed_limit_mps": 8.3}, "geometry": {"type": "LineString", "coordinates": [[77.7090164, 12.9566079], [77.7090045, 12.9566625], [77.708917, 12.957065], [77.7088529, 12.9573601], [77.7087871, 12.9577434]]}}, {"type": "Feature", "properties": {"name": "Spice Garden Road", "highway": "residential", "lanes": 2, "speed_limit_mps": 8.3}, "geometry": {"type": "LineString", "coordinates": [[77.7087871, 12.9577434], [77.7086743, 12.9582728], [77.7085615, 12.9588025]]}}, {"type": "Feature", "properties": {"name": "Spice Garden Road", "highway": "residential", "lanes": 2, "speed_limit_mps": 8.3}, "geometry": {"type": "LineString", "coordinates": [[77.7085615, 12.9588025], [77.7085153, 12.9589504], [77.7084862, 12.9590762], [77.7084433, 12.959271], [77.7083695, 12.9596584]]}}, {"type": "Feature", "properties": {"name": "Spice Garden Road", "highway": "residential", "lanes": 2, "speed_limit_mps": 8.3}, "geometry": {"type": "LineString", "coordinates": [[77.7083695, 12.9596584], [77.7083501, 12.9597654]]}}, {"type": "Feature", "properties": {"name": "Spice Garden Road", "highway": "residential", "lanes": 2, "speed_limit_mps": 8.3}, "geometry": {"type": "LineString", "coordinates": [[77.7083695, 12.9596584], [77.7084809, 12.9596896], [77.7085197, 12.959694], [77.7085874, 12.9596978], [77.7088586, 12.9596351]]}}, {"type": "Feature", "properties": {"name": "Spice Garden Road", "highway": "residential", "lanes": 2, "speed_limit_mps": 8.3}, "geometry": {"type": "LineString", "coordinates": [[77.7088586, 12.9596351], [77.7089671, 12.9595954], [77.7093981, 12.9594052]]}}, {"type": "Feature", "properties": {"name": "residential", "highway": "residential", "lanes": 2, "speed_limit_mps": 8.3}, "geometry": {"type": "LineString", "coordinates": [[77.7090068, 12.958974], [77.7088586, 12.9596351]]}}, {"type": "Feature", "properties": {"name": "residential", "highway": "residential", "lanes": 2, "speed_limit_mps": 8.3}, "geometry": {"type": "LineString", "coordinates": [[77.7092716, 12.9590617], [77.7093981, 12.9594052]]}}, {"type": "Feature", "properties": {"name": "unclassified", "highway": "unclassified", "lanes": 2, "speed_limit_mps": 8.3}, "geometry": {"type": "LineString", "coordinates": [[77.6812109, 12.9252942], [77.6813126, 12.9253013]]}}, {"type": "Feature", "properties": {"name": "unclassified", "highway": "unclassified", "lanes": 2, "speed_limit_mps": 8.3}, "geometry": {"type": "LineString", "coordinates": [[77.6945383, 12.9365374], [77.6945604, 12.9366438]]}}, {"type": "Feature", "properties": {"name": "residential", "highway": "residential", "lanes": 2, "speed_limit_mps": 8.3}, "geometry": {"type": "LineString", "coordinates": [[77.676012, 12.9276297], [77.6759879, 12.9273425]]}}, {"type": "Feature", "properties": {"name": "residential", "highway": "residential", "lanes": 2, "speed_limit_mps": 8.3}, "geometry": {"type": "LineString", "coordinates": [[77.6757342, 12.9279901], [77.6757001, 12.9276671]]}}, {"type": "Feature", "properties": {"name": "5th Cross Road", "highway": "residential", "lanes": 2, "speed_limit_mps": 8.3}, "geometry": {"type": "LineString", "coordinates": [[77.7051029, 12.9543937], [77.7059877, 12.9546534], [77.7060243, 12.9546532]]}}, {"type": "Feature", "properties": {"name": "5th Cross Road", "highway": "residential", "lanes": 2, "speed_limit_mps": 8.3}, "geometry": {"type": "LineString", "coordinates": [[77.7060243, 12.9546532], [77.7063101, 12.9546852]]}}, {"type": "Feature", "properties": {"name": "5th Cross Road", "highway": "residential", "lanes": 2, "speed_limit_mps": 8.3}, "geometry": {"type": "LineString", "coordinates": [[77.7063101, 12.9546852], [77.7065959, 12.9547182]]}}, {"type": "Feature", "properties": {"name": "5th Cross Road", "highway": "residential", "lanes": 2, "speed_limit_mps": 8.3}, "geometry": {"type": "LineString", "coordinates": [[77.7065959, 12.9547182], [77.7068571, 12.9547475]]}}, {"type": "Feature", "properties": {"name": "5th Cross Road", "highway": "residential", "lanes": 2, "speed_limit_mps": 8.3}, "geometry": {"type": "LineString", "coordinates": [[77.7068571, 12.9547475], [77.7071721, 12.9547845]]}}, {"type": "Feature", "properties": {"name": "residential", "highway": "residential", "lanes": 2, "speed_limit_mps": 8.3}, "geometry": {"type": "LineString", "coordinates": [[77.7013905, 12.9490125], [77.7019037, 12.9487822]]}}, {"type": "Feature", "properties": {"name": "1st Main Road", "highway": "residential", "lanes": 2, "speed_limit_mps": 8.3}, "geometry": {"type": "LineString", "coordinates": [[77.7016644, 12.9497025], [77.701576, 12.9493871]]}}, {"type": "Feature", "properties": {"name": "1st Main Road", "highway": "residential", "lanes": 2, "speed_limit_mps": 8.3}, "geometry": {"type": "LineString", "coordinates": [[77.701576, 12.9493871], [77.7015335, 12.9492537], [77.7013905, 12.9490125]]}}, {"type": "Feature", "properties": {"name": "1st Main Road", "highway": "residential", "lanes": 2, "speed_limit_mps": 8.3}, "geometry": {"type": "LineString", "coordinates": [[77.7013905, 12.9490125], [77.7013408, 12.9489406], [77.701318, 12.9489119], [77.7012724, 12.9489054], [77.7009961, 12.9489662], [77.7008566, 12.9490014], [77.7006152, 12.9490557], [77.7004127, 12.9490903], [77.7001675, 12.9491442]]}}, {"type": "Feature", "properties": {"name": "1st Main Road", "highway": "residential", "lanes": 2, "speed_limit_mps": 8.3}, "geometry": {"type": "LineString", "coordinates": [[77.7001675, 12.9491442], [77.6998823, 12.949202]]}}, {"type": "Feature", "properties": {"name": "residential", "highway": "residential", "lanes": 2, "speed_limit_mps": 8.3}, "geometry": {"type": "LineString", "coordinates": [[77.6880899, 12.9367819], [77.687923, 12.9367826], [77.6877553, 12.9368324], [77.6876588, 12.9368441]]}}, {"type": "Feature", "properties": {"name": "residential", "highway": "residential", "lanes": 2, "speed_limit_mps": 8.3}, "geometry": {"type": "LineString", "coordinates": [[77.6876588, 12.9368441], [77.6874697, 12.9368741], [77.6871076, 12.9368963], [77.6867375, 12.9369447], [77.6863767, 12.9370257], [77.6860351, 12.9371081]]}}, {"type": "Feature", "properties": {"name": "tertiary", "highway": "tertiary", "lanes": 2, "speed_limit_mps": 11.1}, "geometry": {"type": "LineString", "coordinates": [[77.6685522, 12.9182753], [77.6685419, 12.918345], [77.6687407, 12.9187768], [77.6687378, 12.9188242], [77.6687251, 12.9188543], [77.6687125, 12.9188802]]}}, {"type": "Feature", "properties": {"name": "residential", "highway": "residential", "lanes": 2, "speed_limit_mps": 8.3}, "geometry": {"type": "LineString", "coordinates": [[77.7028679, 12.9508832], [77.7030349, 12.9508735]]}}, {"type": "Feature", "properties": {"name": "residential", "highway": "residential", "lanes": 2, "speed_limit_mps": 8.3}, "geometry": {"type": "LineString", "coordinates": [[77.6778292, 12.926801], [77.6778299, 12.9270056], [77.6778352, 12.9270631], [77.677843, 12.927176]]}}, {"type": "Feature", "properties": {"name": "residential", "highway": "residential", "lanes": 2, "speed_limit_mps": 8.3}, "geometry": {"type": "LineString", "coordinates": [[77.677843, 12.927176], [77.6778567, 12.9273951], [77.67786, 12.927442]]}}, {"type": "Feature", "properties": {"name": "residential", "highway": "residential", "lanes": 2, "speed_limit_mps": 8.3}, "geometry": {"type": "LineString", "coordinates": [[77.67786, 12.927442], [77.6778724, 12.927615]]}}, {"type": "Feature", "properties": {"name": "tertiary", "highway": "tertiary", "lanes": 2, "speed_limit_mps": 11.1}, "geometry": {"type": "LineString", "coordinates": [[77.6950142, 12.9394477], [77.6951897, 12.9394213]]}}, {"type": "Feature", "properties": {"name": "residential", "highway": "residential", "lanes": 2, "speed_limit_mps": 8.3}, "geometry": {"type": "LineString", "coordinates": [[77.7117742, 12.9525776], [77.71191, 12.9525845], [77.711969, 12.9525192], [77.7121031, 12.9523676], [77.7122616, 12.9521763], [77.7123284, 12.9520957], [77.7125021, 12.9518831], [77.7128541, 12.9514998], [77.7125001, 12.9511965]]}}, {"type": "Feature", "properties": {"name": "residential", "highway": "residential", "lanes": 2, "speed_limit_mps": 8.3}, "geometry": {"type": "LineString", "coordinates": [[77.700933, 12.9505837], [77.7010967, 12.950541]]}}, {"type": "Feature", "properties": {"name": "residential", "highway": "residential", "lanes": 2, "speed_limit_mps": 8.3}, "geometry": {"type": "LineString", "coordinates": [[77.7010967, 12.950541], [77.7014437, 12.9504597]]}}, {"type": "Feature", "properties": {"name": "residential", "highway": "residential", "lanes": 2, "speed_limit_mps": 8.3}, "geometry": {"type": "LineString", "coordinates": [[77.7014437, 12.9504597], [77.7017982, 12.9503857]]}}, {"type": "Feature", "properties": {"name": "residential", "highway": "residential", "lanes": 2, "speed_limit_mps": 8.3}, "geometry": {"type": "LineString", "coordinates": [[77.7017982, 12.9503857], [77.7020919, 12.9503201]]}}, {"type": "Feature", "properties": {"name": "residential", "highway": "residential", "lanes": 2, "speed_limit_mps": 8.3}, "geometry": {"type": "LineString", "coordinates": [[77.7020919, 12.9503201], [77.7025388, 12.9502312], [77.7025773, 12.9501862]]}}, {"type": "Feature", "properties": {"name": "Central Avenue", "highway": "tertiary", "lanes": 2, "speed_limit_mps": 11.1}, "geometry": {"type": "LineString", "coordinates": [[77.6846702, 12.9293166], [77.684666, 12.9295055], [77.6846658, 12.9295306], [77.6846588, 12.9296093]]}}, {"type": "Feature", "properties": {"name": "Central Avenue", "highway": "tertiary", "lanes": 2, "speed_limit_mps": 11.1}, "geometry": {"type": "LineString", "coordinates": [[77.6857818, 12.9260059], [77.6857599, 12.9260822], [77.6857402, 12.9261628], [77.6857304, 12.9264271], [77.6857204, 12.926815], [77.6856805, 12.9269827], [77.6856278, 12.9271291], [77.6855806, 12.9272142], [77.6855238, 12.9272905], [77.68545, 12.9273441], [77.6853642, 12.9273951], [77.685304, 12.9274197], [77.6852053, 12.9274609], [77.6850771, 12.9275116], [77.68499, 12.9275428], [77.6849054, 12.927584], [77.6848127, 12.9276564], [77.6847549, 12.9277305], [77.6847098, 12.9278105], [77.6846796, 12.9279108], [77.6846642, 12.9279998], [77.6846678, 12.9281595], [77.6846619, 12.9286534], [77.6846655, 12.9289558], [77.6846737, 12.9290434]]}}, {"type": "Feature", "properties": {"name": "residential", "highway": "residential", "lanes": 2, "speed_limit_mps": 8.3}, "geometry": {"type": "LineString", "coordinates": [[77.6750323, 12.9236822], [77.674695, 12.9236953], [77.6746373, 12.9227698], [77.6749737, 12.9227397]]}}, {"type": "Feature", "properties": {"name": "residential", "highway": "residential", "lanes": 2, "speed_limit_mps": 8.3}, "geometry": {"type": "LineString", "coordinates": [[77.6749657, 12.9229944], [77.6754507, 12.922962]]}}, {"type": "Feature", "properties": {"name": "residential", "highway": "residential", "lanes": 2, "speed_limit_mps": 8.3}, "geometry": {"type": "LineString", "coordinates": [[77.6749769, 12.9232774], [77.6752784, 12.9232663]]}}, {"type": "Feature", "properties": {"name": "residential", "highway": "residential", "lanes": 2, "speed_limit_mps": 8.3}, "geometry": {"type": "LineString", "coordinates": [[77.6752784, 12.9232663], [77.6755091, 12.9232593]]}}, {"type": "Feature", "properties": {"name": "residential", "highway": "residential", "lanes": 2, "speed_limit_mps": 8.3}, "geometry": {"type": "LineString", "coordinates": [[77.6749683, 12.9226369], [77.6749725, 12.9227212], [77.6749737, 12.9227397]]}}, {"type": "Feature", "properties": {"name": "residential", "highway": "residential", "lanes": 2, "speed_limit_mps": 8.3}, "geometry": {"type": "LineString", "coordinates": [[77.6749737, 12.9227397], [77.6749657, 12.9229944]]}}, {"type": "Feature", "properties": {"name": "residential", "highway": "residential", "lanes": 2, "speed_limit_mps": 8.3}, "geometry": {"type": "LineString", "coordinates": [[77.6749657, 12.9229944], [77.6749769, 12.9232774]]}}, {"type": "Feature", "properties": {"name": "residential", "highway": "residential", "lanes": 2, "speed_limit_mps": 8.3}, "geometry": {"type": "LineString", "coordinates": [[77.6749769, 12.9232774], [77.6750323, 12.9236822]]}}, {"type": "Feature", "properties": {"name": "residential", "highway": "residential", "lanes": 2, "speed_limit_mps": 8.3}, "geometry": {"type": "LineString", "coordinates": [[77.6750323, 12.9236822], [77.6752964, 12.9236682], [77.6752784, 12.9232663]]}}, {"type": "Feature", "properties": {"name": "residential", "highway": "residential", "lanes": 2, "speed_limit_mps": 8.3}, "geometry": {"type": "LineString", "coordinates": [[77.6959878, 12.949121], [77.6954824, 12.9491559]]}}, {"type": "Feature", "properties": {"name": "residential", "highway": "residential", "lanes": 2, "speed_limit_mps": 8.3}, "geometry": {"type": "LineString", "coordinates": [[77.6954824, 12.9491559], [77.6953145, 12.9491675]]}}, {"type": "Feature", "properties": {"name": "residential", "highway": "residential", "lanes": 2, "speed_limit_mps": 8.3}, "geometry": {"type": "LineString", "coordinates": [[77.6953145, 12.9491675], [77.694993, 12.9491896]]}}, {"type": "Feature", "properties": {"name": "residential", "highway": "residential", "lanes": 2, "speed_limit_mps": 8.3}, "geometry": {"type": "LineString", "coordinates": [[77.694993, 12.9491896], [77.6945123, 12.9492228]]}}, {"type": "Feature", "properties": {"name": "tertiary", "highway": "tertiary", "lanes": 2, "speed_limit_mps": 11.1}, "geometry": {"type": "LineString", "coordinates": [[77.7031862, 12.9569184], [77.7032653, 12.956918], [77.7043495, 12.9568739]]}}, {"type": "Feature", "properties": {"name": "residential", "highway": "residential", "lanes": 2, "speed_limit_mps": 8.3}, "geometry": {"type": "LineString", "coordinates": [[77.6770635, 12.9290178], [77.6776226, 12.9290405]]}}, {"type": "Feature", "properties": {"name": "residential", "highway": "residential", "lanes": 2, "speed_limit_mps": 8.3}, "geometry": {"type": "LineString", "coordinates": [[77.6776226, 12.9290405], [77.6776476, 12.9290415]]}}, {"type": "Feature", "properties": {"name": "residential", "highway": "residential", "lanes": 2, "speed_limit_mps": 8.3}, "geometry": {"type": "LineString", "coordinates": [[77.6776476, 12.9290415], [77.6782047, 12.9290538], [77.6782737, 12.9290003], [77.678461, 12.9290077]]}}, {"type": "Feature", "properties": {"name": "residential", "highway": "residential", "lanes": 2, "speed_limit_mps": 8.3}, "geometry": {"type": "LineString", "coordinates": [[77.6687163, 12.9266812], [77.6687305, 12.9265938], [77.6687577, 12.9264975], [77.668764, 12.9263521], [77.6687728, 12.9259394], [77.6687595, 12.9259017], [77.6687265, 12.9258844], [77.6686746, 12.9258736], [77.6680291, 12.9259024]]}}, {"type": "Feature", "properties": {"name": "residential", "highway": "residential", "lanes": 2, "speed_limit_mps": 8.3}, "geometry": {"type": "LineString", "coordinates": [[77.6684009, 12.9233957], [77.6684302, 12.9234338]]}}, {"type": "Feature", "properties": {"name": "residential", "highway": "residential", "lanes": 2, "speed_limit_mps": 8.3}, "geometry": {"type": "LineString", "coordinates": [[77.6684302, 12.9234338], [77.6687949, 12.9234408], [77.6688169, 12.9234543], [77.6688281, 12.9234702], [77.668831, 12.9234886], [77.6688338, 12.9244382], [77.6688222, 12.9244597], [77.6687838, 12.9244769], [77.668756, 12.9244815], [77.6680733, 12.9244385], [77.6680458, 12.924423], [77.6680242, 12.9244026], [77.6680093, 12.9243683], [77.6680277, 12.9240215], [77.6683974, 12.9240335], [77.6684239, 12.9240258], [77.6684482, 12.9240062], [77.6684589, 12.9239823]]}}, {"type": "Feature", "properties": {"name": "residential", "highway": "residential", "lanes": 2, "speed_limit_mps": 8.3}, "geometry": {"type": "LineString", "coordinates": [[77.6755822, 12.9288421], [77.6755761, 12.9287519]]}}, {"type": "Feature", "properties": {"name": "residential", "highway": "residential", "lanes": 2, "speed_limit_mps": 8.3}, "geometry": {"type": "LineString", "coordinates": [[77.6755761, 12.9287519], [77.6755573, 12.9284768]]}}, {"type": "Feature", "properties": {"name": "residential", "highway": "residential", "lanes": 2, "speed_limit_mps": 8.3}, "geometry": {"type": "LineString", "coordinates": [[77.6755573, 12.9284768], [77.6755447, 12.9282911]]}}, {"type": "Feature", "properties": {"name": "residential", "highway": "residential", "lanes": 2, "speed_limit_mps": 8.3}, "geometry": {"type": "LineString", "coordinates": [[77.6754088, 12.9294695], [77.6752693, 12.9294936], [77.6750629, 12.9295293], [77.67493, 12.9295675], [77.6749132, 12.9297017], [77.6749045, 12.9299428], [77.6749097, 12.9300023]]}}, {"type": "Feature", "properties": {"name": "residential", "highway": "residential", "lanes": 2, "speed_limit_mps": 8.3}, "geometry": {"type": "LineString", "coordinates": [[77.6745864, 12.9291283], [77.6747978, 12.9291147], [77.6750757, 12.9290956], [77.6753604, 12.9290757]]}}, {"type": "Feature", "properties": {"name": "residential", "highway": "residential", "lanes": 2, "speed_limit_mps": 8.3}, "geometry": {"type": "LineString", "coordinates": [[77.6753604, 12.9290757], [77.6756385, 12.9290601], [77.6756755, 12.9290471]]}}, {"type": "Feature", "properties": {"name": "residential", "highway": "residential", "lanes": 2, "speed_limit_mps": 8.3}, "geometry": {"type": "LineString", "coordinates": [[77.6756755, 12.9290471], [77.6757042, 12.929037]]}}, {"type": "Feature", "properties": {"name": "residential", "highway": "residential", "lanes": 2, "speed_limit_mps": 8.3}, "geometry": {"type": "LineString", "coordinates": [[77.6754496, 12.9299851], [77.6754481, 12.9299387], [77.6754239, 12.9298472], [77.6754105, 12.9296904], [77.6754088, 12.9294695]]}}, {"type": "Feature", "properties": {"name": "residential", "highway": "residential", "lanes": 2, "speed_limit_mps": 8.3}, "geometry": {"type": "LineString", "coordinates": [[77.6754088, 12.9294695], [77.6754045, 12.9294356]]}}, {"type": "Feature", "properties": {"name": "residential", "highway": "residential", "lanes": 2, "speed_limit_mps": 8.3}, "geometry": {"type": "LineString", "coordinates": [[77.6754045, 12.9294356], [77.6753876, 12.9293046], [77.6753604, 12.9290757]]}}, {"type": "Feature", "properties": {"name": "4th Cross Road", "highway": "residential", "lanes": 2, "speed_limit_mps": 8.3}, "geometry": {"type": "LineString", "coordinates": [[77.6760792, 12.9216645], [77.6769269, 12.9215832]]}}, {"type": "Feature", "properties": {"name": "4th Cross Road", "highway": "residential", "lanes": 2, "speed_limit_mps": 8.3}, "geometry": {"type": "LineString", "coordinates": [[77.6769269, 12.9215832], [77.6770507, 12.9215222]]}}, {"type": "Feature", "properties": {"name": "residential", "highway": "residential", "lanes": 2, "speed_limit_mps": 8.3}, "geometry": {"type": "LineString", "coordinates": [[77.6960017, 12.9535273], [77.6960702, 12.9537419], [77.6960991, 12.9537595], [77.6961401, 12.9539175]]}}, {"type": "Feature", "properties": {"name": "residential", "highway": "residential", "lanes": 2, "speed_limit_mps": 8.3}, "geometry": {"type": "LineString", "coordinates": [[77.672881, 12.9281606], [77.6728879, 12.9282277], [77.6728691, 12.9282447], [77.6724252, 12.9283402], [77.6723742, 12.9283258], [77.672352, 12.9282996]]}}, {"type": "Feature", "properties": {"name": "residential", "highway": "residential", "lanes": 2, "speed_limit_mps": 8.3}, "geometry": {"type": "LineString", "coordinates": [[77.6958554, 12.9482067], [77.6958533, 12.9481504]]}}, {"type": "Feature", "properties": {"name": "residential", "highway": "residential", "lanes": 2, "speed_limit_mps": 8.3}, "geometry": {"type": "LineString", "coordinates": [[77.6958533, 12.9481504], [77.6958438, 12.946694]]}}, {"type": "Feature", "properties": {"name": "residential", "highway": "residential", "lanes": 2, "speed_limit_mps": 8.3}, "geometry": {"type": "LineString", "coordinates": [[77.6950689, 12.9480667], [77.6950577, 12.9466795]]}}, {"type": "Feature", "properties": {"name": "residential", "highway": "residential", "lanes": 2, "speed_limit_mps": 8.3}, "geometry": {"type": "LineString", "coordinates": [[77.6954612, 12.9482155], [77.6954601, 12.9481478]]}}, {"type": "Feature", "properties": {"name": "residential", "highway": "residential", "lanes": 2, "speed_limit_mps": 8.3}, "geometry": {"type": "LineString", "coordinates": [[77.6954601, 12.9481478], [77.6954438, 12.9466829]]}}, {"type": "Feature", "properties": {"name": "residential", "highway": "residential", "lanes": 2, "speed_limit_mps": 8.3}, "geometry": {"type": "LineString", "coordinates": [[77.6946843, 12.9479784], [77.6946796, 12.9479155]]}}, {"type": "Feature", "properties": {"name": "residential", "highway": "residential", "lanes": 2, "speed_limit_mps": 8.3}, "geometry": {"type": "LineString", "coordinates": [[77.6946796, 12.9479155], [77.6946562, 12.9466983]]}}, {"type": "Feature", "properties": {"name": "residential", "highway": "residential", "lanes": 2, "speed_limit_mps": 8.3}, "geometry": {"type": "LineString", "coordinates": [[77.6959476, 12.9481771], [77.6962352, 12.9481512], [77.6962231, 12.9467344], [77.696211, 12.9467174], [77.6961252, 12.9467017], [77.6958438, 12.946694]]}}, {"type": "Feature", "properties": {"name": "residential", "highway": "residential", "lanes": 2, "speed_limit_mps": 8.3}, "geometry": {"type": "LineString", "coordinates": [[77.6958438, 12.946694], [77.6954438, 12.9466829]]}}, {"type": "Feature", "properties": {"name": "residential", "highway": "residential", "lanes": 2, "speed_limit_mps": 8.3}, "geometry": {"type": "LineString", "coordinates": [[77.6954438, 12.9466829], [77.6950577, 12.9466795]]}}, {"type": "Feature", "properties": {"name": "residential", "highway": "residential", "lanes": 2, "speed_limit_mps": 8.3}, "geometry": {"type": "LineString", "coordinates": [[77.6950577, 12.9466795], [77.6946562, 12.9466983]]}}, {"type": "Feature", "properties": {"name": "residential", "highway": "residential", "lanes": 2, "speed_limit_mps": 8.3}, "geometry": {"type": "LineString", "coordinates": [[77.6946562, 12.9466983], [77.694263, 12.9467245]]}}, {"type": "Feature", "properties": {"name": "residential", "highway": "residential", "lanes": 2, "speed_limit_mps": 8.3}, "geometry": {"type": "LineString", "coordinates": [[77.694263, 12.9467245], [77.6936937, 12.9467632], [77.6937055, 12.9471053]]}}, {"type": "Feature", "properties": {"name": "unclassified", "highway": "unclassified", "lanes": 2, "speed_limit_mps": 8.3}, "geometry": {"type": "LineString", "coordinates": [[77.6959476, 12.9481771], [77.6958533, 12.9481504]]}}, {"type": "Feature", "properties": {"name": "unclassified", "highway": "unclassified", "lanes": 2, "speed_limit_mps": 8.3}, "geometry": {"type": "LineString", "coordinates": [[77.6958533, 12.9481504], [77.6957484, 12.9481499], [77.6954601, 12.9481478]]}}, {"type": "Feature", "properties": {"name": "unclassified", "highway": "unclassified", "lanes": 2, "speed_limit_mps": 8.3}, "geometry": {"type": "LineString", "coordinates": [[77.6954601, 12.9481478], [77.695244, 12.9481622], [77.6952199, 12.9481552], [77.6951993, 12.9481447], [77.6951075, 12.9480855], [77.6950689, 12.9480667]]}}, {"type": "Feature", "properties": {"name": "unclassified", "highway": "unclassified", "lanes": 2, "speed_limit_mps": 8.3}, "geometry": {"type": "LineString", "coordinates": [[77.6950689, 12.9480667], [77.6949236, 12.9479962], [77.6947752, 12.9479381], [77.6946796, 12.9479155]]}}, {"type": "Feature", "properties": {"name": "unclassified", "highway": "unclassified", "lanes": 2, "speed_limit_mps": 8.3}, "geometry": {"type": "LineString", "coordinates": [[77.6946796, 12.9479155], [77.6946103, 12.947899], [77.6945203, 12.9478777], [77.6944181, 12.947865], [77.6942977, 12.9478597]]}}, {"type": "Feature", "properties": {"name": "residential", "highway": "residential", "lanes": 2, "speed_limit_mps": 8.3}, "geometry": {"type": "LineString", "coordinates": [[77.7049436, 12.9558315], [77.7053225, 12.9558448], [77.7060574, 12.955997], [77.7064249, 12.9560637], [77.7065248, 12.9560748], [77.7066884, 12.9560683]]}}, {"type": "Feature", "properties": {"name": "residential", "highway": "residential", "lanes": 2, "speed_limit_mps": 8.3}, "geometry": {"type": "LineString", "coordinates": [[77.7066884, 12.9560683], [77.706657, 12.9553858]]}}, {"type": "Feature", "properties": {"name": "residential", "highway": "residential", "lanes": 2, "speed_limit_mps": 8.3}, "geometry": {"type": "LineString", "coordinates": [[77.6720282, 12.9178452], [77.6720872, 12.9179837], [77.6722187, 12.918253], [77.6723313, 12.9185406], [77.672385, 12.9186817], [77.6724071, 12.9187916], [77.6724923, 12.9192569], [77.6726032, 12.9196943], [77.672681, 12.9200318]]}}, {"type": "Feature", "properties": {"name": "tertiary", "highway": "tertiary", "lanes": 2, "speed_limit_mps": 11.1}, "geometry": {"type": "LineString", "coordinates": [[77.6763901, 12.9296676], [77.6762316, 12.9300138]]}}, {"type": "Feature", "properties": {"name": "Bellandur Main Road", "highway": "tertiary", "lanes": 2, "speed_limit_mps": 11.1}, "geometry": {"type": "LineString", "coordinates": [[77.6764327, 12.9300121], [77.6764006, 12.9297792], [77.6764001, 12.9296881], [77.6763901, 12.9296676]]}}, {"type": "Feature", "properties": {"name": "tertiary", "highway": "tertiary", "lanes": 2, "speed_limit_mps": 11.1}, "geometry": {"type": "LineString", "coordinates": [[77.6859455, 12.9305213], [77.6858974, 12.930482], [77.6858056, 12.9304069], [77.6857525, 12.9303635], [77.6856946, 12.9303161], [77.6855379, 12.9301753], [77.6852915, 12.9299886], [77.6852157, 12.9299311]]}}, {"type": "Feature", "properties": {"name": "Panathur Main Road", "highway": "tertiary", "lanes": 2, "speed_limit_mps": 11.1}, "geometry": {"type": "LineString", "coordinates": [[77.695406, 12.9393876], [77.6951897, 12.9394213]]}}, {"type": "Feature", "properties": {"name": "tertiary", "highway": "tertiary", "lanes": 2, "speed_limit_mps": 11.1}, "geometry": {"type": "LineString", "coordinates": [[77.662077, 12.9212854], [77.6611995, 12.9215097]]}}, {"type": "Feature", "properties": {"name": "tertiary", "highway": "tertiary", "lanes": 2, "speed_limit_mps": 11.1}, "geometry": {"type": "LineString", "coordinates": [[77.6611995, 12.9215097], [77.6599181, 12.9218373], [77.6574943, 12.922701], [77.6567343, 12.9229718], [77.6563173, 12.9231], [77.6553383, 12.9234009]]}}, {"type": "Feature", "properties": {"name": "Outer Ring Road", "highway": "trunk", "lanes": 6, "speed_limit_mps": 22.2}, "geometry": {"type": "LineString", "coordinates": [[77.6611877, 12.9215817], [77.6602077, 12.9218173], [77.6599561, 12.9218994], [77.6571955, 12.9228942], [77.6564713, 12.9231438], [77.6559408, 12.9233113], [77.6556263, 12.9234122], [77.655362, 12.923474], [77.6549903, 12.9235456], [77.6548266, 12.9235804]]}}, {"type": "Feature", "properties": {"name": "residential", "highway": "residential", "lanes": 2, "speed_limit_mps": 8.3}, "geometry": {"type": "LineString", "coordinates": [[77.6780437, 12.9262173], [77.6780023, 12.9262161], [77.6779543, 12.9262234], [77.6779351, 12.9262332], [77.6779229, 12.9262445], [77.677815, 12.926389]]}}, {"type": "Feature", "properties": {"name": "RMZ Internal Road Circle", "highway": "unclassified", "lanes": 2, "speed_limit_mps": 8.3}, "geometry": {"type": "LineString", "coordinates": [[77.6813587, 12.9245157], [77.6812824, 12.924516]]}}, {"type": "Feature", "properties": {"name": "RMZ Internal Road Circle", "highway": "unclassified", "lanes": 2, "speed_limit_mps": 8.3}, "geometry": {"type": "LineString", "coordinates": [[77.6813461, 12.9247247], [77.6812555, 12.9247199]]}}, {"type": "Feature", "properties": {"name": "Ecospace Internal Road", "highway": "unclassified", "lanes": 2, "speed_limit_mps": 8.3}, "geometry": {"type": "LineString", "coordinates": [[77.6813461, 12.9247247], [77.6813587, 12.9245157]]}}, {"type": "Feature", "properties": {"name": "Ecospace Internal Road", "highway": "unclassified", "lanes": 2, "speed_limit_mps": 8.3}, "geometry": {"type": "LineString", "coordinates": [[77.6813587, 12.9245157], [77.6813776, 12.9243711]]}}, {"type": "Feature", "properties": {"name": "Service Road", "highway": "tertiary", "lanes": 2, "speed_limit_mps": 11.1}, "geometry": {"type": "LineString", "coordinates": [[77.6865467, 12.9315494], [77.6867143, 12.9316771], [77.6872096, 12.9321266]]}}, {"type": "Feature", "properties": {"name": "tertiary", "highway": "tertiary", "lanes": 2, "speed_limit_mps": 11.1}, "geometry": {"type": "LineString", "coordinates": [[77.6850816, 12.9302775], [77.6853412, 12.930471], [77.6855706, 12.9306594], [77.6856214, 12.9307012], [77.6858208, 12.9308823], [77.685941, 12.9309915], [77.6862167, 12.9312485], [77.6863535, 12.931374], [77.6864473, 12.9314602], [77.6865467, 12.9315494]]}}, {"type": "Feature", "properties": {"name": "residential", "highway": "residential", "lanes": 2, "speed_limit_mps": 8.3}, "geometry": {"type": "LineString", "coordinates": [[77.7110413, 12.9561841], [77.7110275, 12.9562539], [77.7108572, 12.9567361]]}}, {"type": "Feature", "properties": {"name": "residential", "highway": "residential", "lanes": 2, "speed_limit_mps": 8.3}, "geometry": {"type": "LineString", "coordinates": [[77.7005827, 12.9555618], [77.7005467, 12.9555752], [77.70006, 12.955737]]}}, {"type": "Feature", "properties": {"name": "residential", "highway": "residential", "lanes": 2, "speed_limit_mps": 8.3}, "geometry": {"type": "LineString", "coordinates": [[77.7065959, 12.9547182], [77.7065858, 12.9549658]]}}, {"type": "Feature", "properties": {"name": "residential", "highway": "residential", "lanes": 2, "speed_limit_mps": 8.3}, "geometry": {"type": "LineString", "coordinates": [[77.7068571, 12.9547475], [77.7068312, 12.9549916]]}}, {"type": "Feature", "properties": {"name": "1st Cross Road", "highway": "residential", "lanes": 2, "speed_limit_mps": 8.3}, "geometry": {"type": "LineString", "coordinates": [[77.7066884, 12.9560683], [77.7069077, 12.9560636], [77.7069281, 12.9563172], [77.706926, 12.956371]]}}, {"type": "Feature", "properties": {"name": "residential", "highway": "residential", "lanes": 2, "speed_limit_mps": 8.3}, "geometry": {"type": "LineString", "coordinates": [[77.7050536, 12.9546793], [77.7055552, 12.9548135], [77.7057594, 12.9548806], [77.7059072, 12.9549227], [77.7059937, 12.9549305]]}}, {"type": "Feature", "properties": {"name": "residential", "highway": "residential", "lanes": 2, "speed_limit_mps": 8.3}, "geometry": {"type": "LineString", "coordinates": [[77.7093585, 12.9588026], [77.7092716, 12.9590617]]}}, {"type": "Feature", "properties": {"name": "residential", "highway": "residential", "lanes": 2, "speed_limit_mps": 8.3}, "geometry": {"type": "LineString", "coordinates": [[77.7090052, 12.9586698], [77.7090761, 12.9586941]]}}, {"type": "Feature", "properties": {"name": "residential", "highway": "residential", "lanes": 2, "speed_limit_mps": 8.3}, "geometry": {"type": "LineString", "coordinates": [[77.7090761, 12.9586941], [77.7093585, 12.9588026]]}}, {"type": "Feature", "properties": {"name": "residential", "highway": "residential", "lanes": 2, "speed_limit_mps": 8.3}, "geometry": {"type": "LineString", "coordinates": [[77.7093585, 12.9588026], [77.7096234, 12.9589021]]}}, {"type": "Feature", "properties": {"name": "residential", "highway": "residential", "lanes": 2, "speed_limit_mps": 8.3}, "geometry": {"type": "LineString", "coordinates": [[77.7096234, 12.9589021], [77.7098954, 12.9590012]]}}, {"type": "Feature", "properties": {"name": "residential", "highway": "residential", "lanes": 2, "speed_limit_mps": 8.3}, "geometry": {"type": "LineString", "coordinates": [[77.7098954, 12.9590012], [77.7099399, 12.9590197]]}}, {"type": "Feature", "properties": {"name": "residential", "highway": "residential", "lanes": 2, "speed_limit_mps": 8.3}, "geometry": {"type": "LineString", "coordinates": [[77.709775, 12.9577026], [77.7100892, 12.9569929]]}}, {"type": "Feature", "properties": {"name": "residential", "highway": "residential", "lanes": 2, "speed_limit_mps": 8.3}, "geometry": {"type": "LineString", "coordinates": [[77.7090761, 12.9586941], [77.7093569, 12.9579408]]}}, {"type": "Feature", "properties": {"name": "residential", "highway": "residential", "lanes": 2, "speed_limit_mps": 8.3}, "geometry": {"type": "LineString", "coordinates": [[77.7093569, 12.9579408], [77.7094894, 12.957605], [77.7097716, 12.9568821]]}}, {"type": "Feature", "properties": {"name": "residential", "highway": "residential", "lanes": 2, "speed_limit_mps": 8.3}, "geometry": {"type": "LineString", "coordinates": [[77.7093863, 12.9579513], [77.7093569, 12.9579408]]}}, {"type": "Feature", "properties": {"name": "residential", "highway": "residential", "lanes": 2, "speed_limit_mps": 8.3}, "geometry": {"type": "LineString", "coordinates": [[77.7093569, 12.9579408], [77.7092983, 12.9579184]]}}, {"type": "Feature", "properties": {"name": "residential", "highway": "residential", "lanes": 2, "speed_limit_mps": 8.3}, "geometry": {"type": "LineString", "coordinates": [[77.7092983, 12.9579184], [77.7087871, 12.9577434]]}}, {"type": "Feature", "properties": {"name": "residential", "highway": "residential", "lanes": 2, "speed_limit_mps": 8.3}, "geometry": {"type": "LineString", "coordinates": [[77.7072765, 12.9556954], [77.7079006, 12.9556499], [77.7082738, 12.9556093], [77.7083083, 12.9555981]]}}, {"type": "Feature", "properties": {"name": "2A Cross Road", "highway": "residential", "lanes": 2, "speed_limit_mps": 8.3}, "geometry": {"type": "LineString", "coordinates": [[77.7058214, 12.9556795], [77.7058449, 12.9553939], [77.706359, 12.955477]]}}, {"type": "Feature", "properties": {"name": "2nd Cross Road", "highway": "residential", "lanes": 2, "speed_limit_mps": 8.3}, "geometry": {"type": "LineString", "coordinates": [[77.7049677, 12.9556239], [77.7055103, 12.9556193], [77.7058214, 12.9556795]]}}, {"type": "Feature", "properties": {"name": "2nd Cross Road", "highway": "residential", "lanes": 2, "speed_limit_mps": 8.3}, "geometry": {"type": "LineString", "coordinates": [[77.7058214, 12.9556795], [77.7063833, 12.9557932]]}}, {"type": "Feature", "properties": {"name": "residential", "highway": "residential", "lanes": 2, "speed_limit_mps": 8.3}, "geometry": {"type": "LineString", "coordinates": [[77.7043029, 12.9526033], [77.7045895, 12.9525912], [77.7048693, 12.9525793]]}}, {"type": "Feature", "properties": {"name": "residential", "highway": "residential", "lanes": 2, "speed_limit_mps": 8.3}, "geometry": {"type": "LineString", "coordinates": [[77.7048939, 12.9539283], [77.7049526, 12.952893]]}}, {"type": "Feature", "properties": {"name": "residential", "highway": "residential", "lanes": 2, "speed_limit_mps": 8.3}, "geometry": {"type": "LineString", "coordinates": [[77.7023184, 12.9606851], [77.7022648, 12.9602668], [77.7022313, 12.9599595]]}}, {"type": "Feature", "properties": {"name": "residential", "highway": "residential", "lanes": 2, "speed_limit_mps": 8.3}, "geometry": {"type": "LineString", "coordinates": [[77.6975463, 12.9570102], [77.6975843, 12.957172], [77.6977211, 12.9584842]]}}, {"type": "Feature", "properties": {"name": "residential", "highway": "residential", "lanes": 2, "speed_limit_mps": 8.3}, "geometry": {"type": "LineString", "coordinates": [[77.7091627, 12.953978], [77.7088867, 12.9539807], [77.7087785, 12.9540248]]}}, {"type": "Feature", "properties": {"name": "residential", "highway": "residential", "lanes": 2, "speed_limit_mps": 8.3}, "geometry": {"type": "LineString", "coordinates": [[77.7087785, 12.9540248], [77.7087579, 12.9542548]]}}, {"type": "Feature", "properties": {"name": "residential", "highway": "residential", "lanes": 2, "speed_limit_mps": 8.3}, "geometry": {"type": "LineString", "coordinates": [[77.7087579, 12.9542548], [77.7087477, 12.9543686], [77.7087075, 12.9546979], [77.7086578, 12.9547397], [77.7084942, 12.9547463], [77.7083158, 12.954745]]}}, {"type": "Feature", "properties": {"name": "residential", "highway": "residential", "lanes": 2, "speed_limit_mps": 8.3}, "geometry": {"type": "LineString", "coordinates": [[77.7083158, 12.954745], [77.7082944, 12.954724], [77.7083024, 12.9545803], [77.7083319, 12.9540497], [77.708348, 12.9540196], [77.7084017, 12.9540039], [77.7085262, 12.9540039]]}}, {"type": "Feature", "properties": {"name": "residential", "highway": "residential", "lanes": 2, "speed_limit_mps": 8.3}, "geometry": {"type": "LineString", "coordinates": [[77.7085262, 12.9540039], [77.7086712, 12.9540039], [77.7087785, 12.9540248]]}}, {"type": "Feature", "properties": {"name": "residential", "highway": "residential", "lanes": 2, "speed_limit_mps": 8.3}, "geometry": {"type": "LineString", "coordinates": [[77.705272, 12.953969], [77.7060219, 12.9541307]]}}, {"type": "Feature", "properties": {"name": "residential", "highway": "residential", "lanes": 2, "speed_limit_mps": 8.3}, "geometry": {"type": "LineString", "coordinates": [[77.6970521, 12.9571667], [77.6971322, 12.9578772], [77.697184, 12.95829], [77.6972578, 12.9586136]]}}, {"type": "Feature", "properties": {"name": "residential", "highway": "residential", "lanes": 2, "speed_limit_mps": 8.3}, "geometry": {"type": "LineString", "coordinates": [[77.697399, 12.9570561], [77.6975146, 12.9583744]]}}, {"type": "Feature", "properties": {"name": "residential", "highway": "residential", "lanes": 2, "speed_limit_mps": 8.3}, "geometry": {"type": "LineString", "coordinates": [[77.7043286, 12.9530033], [77.704843, 12.9529765]]}}, {"type": "Feature", "properties": {"name": "residential", "highway": "residential", "lanes": 2, "speed_limit_mps": 8.3}, "geometry": {"type": "LineString", "coordinates": [[77.7095453, 12.9543158], [77.7098976, 12.9543775]]}}, {"type": "Feature", "properties": {"name": "residential", "highway": "residential", "lanes": 2, "speed_limit_mps": 8.3}, "geometry": {"type": "LineString", "coordinates": [[77.6993188, 12.9394033], [77.7003645, 12.9392164]]}}, {"type": "Feature", "properties": {"name": "residential", "highway": "residential", "lanes": 2, "speed_limit_mps": 8.3}, "geometry": {"type": "LineString", "coordinates": [[77.6972305, 12.9386021], [77.6972631, 12.9386617], [77.6974824, 12.9392885]]}}, {"type": "Feature", "properties": {"name": "residential", "highway": "residential", "lanes": 2, "speed_limit_mps": 8.3}, "geometry": {"type": "LineString", "coordinates": [[77.6970616, 12.9386784], [77.6970668, 12.9387503], [77.6971479, 12.9390091], [77.6972696, 12.9393463]]}}, {"type": "Feature", "properties": {"name": "residential", "highway": "residential", "lanes": 2, "speed_limit_mps": 8.3}, "geometry": {"type": "LineString", "coordinates": [[77.6965977, 12.9394362], [77.6970303, 12.9392978]]}}, {"type": "Feature", "properties": {"name": "residential", "highway": "residential", "lanes": 2, "speed_limit_mps": 8.3}, "geometry": {"type": "LineString", "coordinates": [[77.6978501, 12.9398318], [77.6968991, 12.9399302]]}}, {"type": "Feature", "properties": {"name": "residential", "highway": "residential", "lanes": 2, "speed_limit_mps": 8.3}, "geometry": {"type": "LineString", "coordinates": [[77.6992487, 12.939072], [77.7000687, 12.9389243]]}}, {"type": "Feature", "properties": {"name": "residential", "highway": "residential", "lanes": 2, "speed_limit_mps": 8.3}, "geometry": {"type": "LineString", "coordinates": [[77.6986294, 12.9385949], [77.6982924, 12.9386621]]}}, {"type": "Feature", "properties": {"name": "residential", "highway": "residential", "lanes": 2, "speed_limit_mps": 8.3}, "geometry": {"type": "LineString", "coordinates": [[77.6987263, 12.939002], [77.6988857, 12.9389661]]}}, {"type": "Feature", "properties": {"name": "residential", "highway": "residential", "lanes": 2, "speed_limit_mps": 8.3}, "geometry": {"type": "LineString", "coordinates": [[77.6884247, 12.9391105], [77.6885808, 12.9384625], [77.6886268, 12.9382866]]}}, {"type": "Feature", "properties": {"name": "residential", "highway": "residential", "lanes": 2, "speed_limit_mps": 8.3}, "geometry": {"type": "LineString", "coordinates": [[77.6947678, 12.9395292], [77.6951596, 12.9408502]]}}, {"type": "Feature", "properties": {"name": "residential", "highway": "residential", "lanes": 2, "speed_limit_mps": 8.3}, "geometry": {"type": "LineString", "coordinates": [[77.6878327, 12.9276677], [77.6878224, 12.9276317], [77.6878023, 12.9275755], [77.6877919, 12.9275673], [77.6877641, 12.9275611], [77.6877031, 12.927565], [77.687628, 12.9275637], [77.6875623, 12.9268357], [77.6875421, 12.9263978], [77.6875596, 12.9263507], [77.6875891, 12.9263377], [77.6876856, 12.9263194], [77.6877286, 12.9263141], [77.6877473, 12.9263298], [77.6877648, 12.9264017], [77.6878224, 12.9268697], [77.6878687, 12.9274167], [77.6878848, 12.9276652]]}}, {"type": "Feature", "properties": {"name": "trunk_link", "highway": "trunk_link", "lanes": 3, "speed_limit_mps": 13.9}, "geometry": {"type": "LineString", "coordinates": [[77.697776, 12.944677], [77.6978449, 12.9446579], [77.6979027, 12.9446434]]}}, {"type": "Feature", "properties": {"name": "residential", "highway": "residential", "lanes": 2, "speed_limit_mps": 8.3}, "geometry": {"type": "LineString", "coordinates": [[77.706755, 12.9541827], [77.7067153, 12.9544646]]}}, {"type": "Feature", "properties": {"name": "Bellandur Railway Station Road", "highway": "unclassified", "lanes": 2, "speed_limit_mps": 8.3}, "geometry": {"type": "LineString", "coordinates": [[77.6992648, 12.9427476], [77.6998382, 12.9426179], [77.7000294, 12.942591], [77.7003472, 12.942565], [77.7004875, 12.9425535], [77.700903, 12.9425074], [77.7011766, 12.942395], [77.7012755, 12.9423246], [77.7015466, 12.9422048], [77.7019912, 12.9419795]]}}, {"type": "Feature", "properties": {"name": "residential", "highway": "residential", "lanes": 2, "speed_limit_mps": 8.3}, "geometry": {"type": "LineString", "coordinates": [[77.6783621, 12.9250444], [77.6779244, 12.925045], [77.6773465, 12.9251019]]}}, {"type": "Feature", "properties": {"name": "residential", "highway": "residential", "lanes": 2, "speed_limit_mps": 8.3}, "geometry": {"type": "LineString", "coordinates": [[77.6783875, 12.9254648], [77.6783784, 12.9253145], [77.6783621, 12.9250444]]}}, {"type": "Feature", "properties": {"name": "residential", "highway": "residential", "lanes": 2, "speed_limit_mps": 8.3}, "geometry": {"type": "LineString", "coordinates": [[77.6783621, 12.9250444], [77.6783408, 12.9247562]]}}, {"type": "Feature", "properties": {"name": "residential", "highway": "residential", "lanes": 2, "speed_limit_mps": 8.3}, "geometry": {"type": "LineString", "coordinates": [[77.6783408, 12.9247562], [77.6783261, 12.9245325], [77.6782858, 12.9241352]]}}, {"type": "Feature", "properties": {"name": "1st Cross Road", "highway": "residential", "lanes": 2, "speed_limit_mps": 8.3}, "geometry": {"type": "LineString", "coordinates": [[77.7047275, 12.9483828], [77.704841, 12.9487733], [77.7038169, 12.9490499]]}}, {"type": "Feature", "properties": {"name": "residential", "highway": "residential", "lanes": 2, "speed_limit_mps": 8.3}, "geometry": {"type": "LineString", "coordinates": [[77.6783408, 12.9247562], [77.679128, 12.924692]]}}, {"type": "Feature", "properties": {"name": "residential", "highway": "residential", "lanes": 2, "speed_limit_mps": 8.3}, "geometry": {"type": "LineString", "coordinates": [[77.6892516, 12.9278374], [77.6893922, 12.9278626], [77.6895415, 12.9278859], [77.6896338, 12.9279276], [77.6896941, 12.9279498]]}}, {"type": "Feature", "properties": {"name": "residential", "highway": "residential", "lanes": 2, "speed_limit_mps": 8.3}, "geometry": {"type": "LineString", "coordinates": [[77.6994859, 12.958415], [77.6994498, 12.9591285]]}}, {"type": "Feature", "properties": {"name": "residential", "highway": "residential", "lanes": 2, "speed_limit_mps": 8.3}, "geometry": {"type": "LineString", "coordinates": [[77.699441, 12.958405], [77.6991829, 12.9583757], [77.6991869, 12.9586397]]}}, {"type": "Feature", "properties": {"name": "residential", "highway": "residential", "lanes": 2, "speed_limit_mps": 8.3}, "geometry": {"type": "LineString", "coordinates": [[77.7085615, 12.9588025], [77.7090068, 12.958974]]}}, {"type": "Feature", "properties": {"name": "residential", "highway": "residential", "lanes": 2, "speed_limit_mps": 8.3}, "geometry": {"type": "LineString", "coordinates": [[77.7090068, 12.958974], [77.7092716, 12.9590617]]}}, {"type": "Feature", "properties": {"name": "Varthur Road", "highway": "primary", "lanes": 4, "speed_limit_mps": 16.7}, "geometry": {"type": "LineString", "coordinates": [[77.7012857, 12.9568886], [77.701235, 12.9568929], [77.701027, 12.9569097]]}}, {"type": "Feature", "properties": {"name": "trunk_link", "highway": "trunk_link", "lanes": 3, "speed_limit_mps": 13.9}, "geometry": {"type": "LineString", "coordinates": [[77.6952924, 12.9395865], [77.6961541, 12.9409723], [77.6962236, 12.9410938], [77.6962561, 12.9411549], [77.6962915, 12.9412318], [77.696342, 12.9413926]]}}, {"type": "Feature", "properties": {"name": "residential", "highway": "residential", "lanes": 2, "speed_limit_mps": 8.3}, "geometry": {"type": "LineString", "coordinates": [[77.6750317, 12.9285633], [77.6740754, 12.9285691]]}}, {"type": "Feature", "properties": {"name": "residential", "highway": "residential", "lanes": 2, "speed_limit_mps": 8.3}, "geometry": {"type": "LineString", "coordinates": [[77.6740754, 12.9285691], [77.6739393, 12.9285689], [77.6738817, 12.9285653], [77.6738401, 12.9285431], [77.6737787, 12.9284096]]}}, {"type": "Feature", "properties": {"name": "residential", "highway": "residential", "lanes": 2, "speed_limit_mps": 8.3}, "geometry": {"type": "LineString", "coordinates": [[77.6659074, 12.9178556], [77.6659396, 12.9178922], [77.665996, 12.9179131], [77.6660979, 12.9179079], [77.6662075, 12.9178819]]}}, {"type": "Feature", "properties": {"name": "residential", "highway": "residential", "lanes": 2, "speed_limit_mps": 8.3}, "geometry": {"type": "LineString", "coordinates": [[77.6662075, 12.9178819], [77.6663044, 12.9178425], [77.6663688, 12.9177903], [77.6663849, 12.9177458], [77.6663366, 12.9175445], [77.6661408, 12.9168125], [77.6659664, 12.9160871]]}}, {"type": "Feature", "properties": {"name": "residential", "highway": "residential", "lanes": 2, "speed_limit_mps": 8.3}, "geometry": {"type": "LineString", "coordinates": [[77.6887981, 12.9356022], [77.6888006, 12.9351812]]}}, {"type": "Feature", "properties": {"name": "residential", "highway": "residential", "lanes": 2, "speed_limit_mps": 8.3}, "geometry": {"type": "LineString", "coordinates": [[77.6888006, 12.9351812], [77.688801, 12.9351096], [77.6888027, 12.9348178], [77.6884239, 12.9348158]]}}, {"type": "Feature", "properties": {"name": "residential", "highway": "residential", "lanes": 2, "speed_limit_mps": 8.3}, "geometry": {"type": "LineString", "coordinates": [[77.6888006, 12.9351812], [77.6884192, 12.9351791]]}}, {"type": "Feature", "properties": {"name": "trunk_link", "highway": "trunk_link", "lanes": 3, "speed_limit_mps": 13.9}, "geometry": {"type": "LineString", "coordinates": [[77.6951897, 12.9394213], [77.6950927, 12.939292], [77.6948359, 12.9389495], [77.6946863, 12.9387738], [77.6944915, 12.9385798], [77.6935148, 12.9376516], [77.6933901, 12.9374131]]}}, {"type": "Feature", "properties": {"name": "residential", "highway": "residential", "lanes": 2, "speed_limit_mps": 8.3}, "geometry": {"type": "LineString", "coordinates": [[77.696998, 12.9403131], [77.6967278, 12.9403217]]}}, {"type": "Feature", "properties": {"name": "residential", "highway": "residential", "lanes": 2, "speed_limit_mps": 8.3}, "geometry": {"type": "LineString", "coordinates": [[77.6773465, 12.9251019], [77.6773357, 12.925095], [77.677326, 12.9250839], [77.6772906, 12.9248984], [77.6769533, 12.9249469]]}}, {"type": "Feature", "properties": {"name": "residential", "highway": "residential", "lanes": 2, "speed_limit_mps": 8.3}, "geometry": {"type": "LineString", "coordinates": [[77.677843, 12.927176], [77.6773337, 12.9272226]]}}, {"type": "Feature", "properties": {"name": "residential", "highway": "residential", "lanes": 2, "speed_limit_mps": 8.3}, "geometry": {"type": "LineString", "coordinates": [[77.6667051, 12.9196687], [77.6664845, 12.9197371], [77.6664335, 12.919694], [77.6660367, 12.9183563], [77.6660277, 12.9182938], [77.6660631, 12.9182573], [77.6662951, 12.9181798]]}}, {"type": "Feature", "properties": {"name": "residential", "highway": "residential", "lanes": 2, "speed_limit_mps": 8.3}, "geometry": {"type": "LineString", "coordinates": [[77.6662951, 12.9181798], [77.6664767, 12.9181332], [77.6665168, 12.9181424], [77.6665445, 12.918199], [77.666865, 12.9194151], [77.6668851, 12.919483], [77.6668905, 12.9195327], [77.6668769, 12.9195802], [77.6668339, 12.9196157], [77.6667051, 12.9196687]]}}, {"type": "Feature", "properties": {"name": "residential", "highway": "residential", "lanes": 2, "speed_limit_mps": 8.3}, "geometry": {"type": "LineString", "coordinates": [[77.6762416, 12.9260693], [77.675697, 12.9260907]]}}, {"type": "Feature", "properties": {"name": "Kariammana Agrahara Road", "highway": "tertiary", "lanes": 2, "speed_limit_mps": 11.1}, "geometry": {"type": "LineString", "coordinates": [[77.6846841, 12.9317965], [77.6852931, 12.9317885], [77.6853954, 12.9317743], [77.6854418, 12.9317678], [77.685729, 12.9317211], [77.6862407, 12.9316249]]}}, {"type": "Feature", "properties": {"name": "Kariammana Agrahara Road", "highway": "tertiary", "lanes": 2, "speed_limit_mps": 11.1}, "geometry": {"type": "LineString", "coordinates": [[77.6862407, 12.9316249], [77.6865467, 12.9315494]]}}, {"type": "Feature", "properties": {"name": "residential", "highway": "residential", "lanes": 2, "speed_limit_mps": 8.3}, "geometry": {"type": "LineString", "coordinates": [[77.702802, 12.9597702], [77.7033766, 12.9597715], [77.703921, 12.9597271]]}}, {"type": "Feature", "properties": {"name": "residential", "highway": "residential", "lanes": 2, "speed_limit_mps": 8.3}, "geometry": {"type": "LineString", "coordinates": [[77.7032126, 12.9461124], [77.7032322, 12.9460627], [77.7028811, 12.9454834]]}}, {"type": "Feature", "properties": {"name": "residential", "highway": "residential", "lanes": 2, "speed_limit_mps": 8.3}, "geometry": {"type": "LineString", "coordinates": [[77.7021826, 12.9461091], [77.7022347, 12.9464636]]}}, {"type": "Feature", "properties": {"name": "residential", "highway": "residential", "lanes": 2, "speed_limit_mps": 8.3}, "geometry": {"type": "LineString", "coordinates": [[77.7022347, 12.9464636], [77.7025415, 12.9464138]]}}, {"type": "Feature", "properties": {"name": "residential", "highway": "residential", "lanes": 2, "speed_limit_mps": 8.3}, "geometry": {"type": "LineString", "coordinates": [[77.7025415, 12.9464138], [77.7029604, 12.9463328]]}}, {"type": "Feature", "properties": {"name": "residential", "highway": "residential", "lanes": 2, "speed_limit_mps": 8.3}, "geometry": {"type": "LineString", "coordinates": [[77.7018792, 12.9461496], [77.7019469, 12.9464968]]}}, {"type": "Feature", "properties": {"name": "residential", "highway": "residential", "lanes": 2, "speed_limit_mps": 8.3}, "geometry": {"type": "LineString", "coordinates": [[77.7019469, 12.9464968], [77.7022347, 12.9464636]]}}, {"type": "Feature", "properties": {"name": "residential", "highway": "residential", "lanes": 2, "speed_limit_mps": 8.3}, "geometry": {"type": "LineString", "coordinates": [[77.7021164, 12.9484463], [77.7022518, 12.9487034], [77.7024293, 12.949022], [77.7025458, 12.9492524]]}}, {"type": "Feature", "properties": {"name": "Varthur Road", "highway": "primary", "lanes": 4, "speed_limit_mps": 16.7}, "geometry": {"type": "LineString", "coordinates": [[77.7012937, 12.956972], [77.7014681, 12.9569597], [77.7016362, 12.9569572]]}}, {"type": "Feature", "properties": {"name": "residential", "highway": "residential", "lanes": 2, "speed_limit_mps": 8.3}, "geometry": {"type": "LineString", "coordinates": [[77.6721254, 12.9223581], [77.6727617, 12.9221659]]}}, {"type": "Feature", "properties": {"name": "Cherry Lane", "highway": "residential", "lanes": 2, "speed_limit_mps": 8.3}, "geometry": {"type": "LineString", "coordinates": [[77.6731322, 12.9271909], [77.6732942, 12.9271546], [77.6733197, 12.9271376], [77.6733264, 12.9271075], [77.6732218, 12.926603]]}}, {"type": "Feature", "properties": {"name": "residential", "highway": "residential", "lanes": 2, "speed_limit_mps": 8.3}, "geometry": {"type": "LineString", "coordinates": [[77.6706049, 12.9203243], [77.6705572, 12.9203372], [77.6698382, 12.9205315]]}}, {"type": "Feature", "properties": {"name": "residential", "highway": "residential", "lanes": 2, "speed_limit_mps": 8.3}, "geometry": {"type": "LineString", "coordinates": [[77.6707233, 12.9205696], [77.6699216, 12.9208066]]}}, {"type": "Feature", "properties": {"name": "residential", "highway": "residential", "lanes": 2, "speed_limit_mps": 8.3}, "geometry": {"type": "LineString", "coordinates": [[77.6856592, 12.9284539], [77.6855949, 12.9284643], [77.6855063, 12.9284852], [77.6854393, 12.9285166]]}}, {"type": "Feature", "properties": {"name": "residential", "highway": "residential", "lanes": 2, "speed_limit_mps": 8.3}, "geometry": {"type": "LineString", "coordinates": [[77.6859576, 12.928196], [77.685796, 12.9281323], [77.6857236, 12.9281925], [77.6856887, 12.9282892], [77.6856592, 12.9284539]]}}, {"type": "Feature", "properties": {"name": "residential", "highway": "residential", "lanes": 2, "speed_limit_mps": 8.3}, "geometry": {"type": "LineString", "coordinates": [[77.6856592, 12.9284539], [77.6856405, 12.928582]]}}, {"type": "Feature", "properties": {"name": "residential", "highway": "residential", "lanes": 2, "speed_limit_mps": 8.3}, "geometry": {"type": "LineString", "coordinates": [[77.6877438, 12.9301772], [77.6877193, 12.9301328], [77.6876684, 12.930044]]}}, {"type": "Feature", "properties": {"name": "residential", "highway": "residential", "lanes": 2, "speed_limit_mps": 8.3}, "geometry": {"type": "LineString", "coordinates": [[77.6637888, 12.9223268], [77.6640603, 12.9222968], [77.6643045, 12.9222966]]}}, {"type": "Feature", "properties": {"name": "4th B Cross Road", "highway": "residential", "lanes": 2, "speed_limit_mps": 8.3}, "geometry": {"type": "LineString", "coordinates": [[77.6748599, 12.9283507], [77.6750136, 12.928348]]}}, {"type": "Feature", "properties": {"name": "residential", "highway": "residential", "lanes": 2, "speed_limit_mps": 8.3}, "geometry": {"type": "LineString", "coordinates": [[77.6735691, 12.9247313], [77.6735653, 12.9247554], [77.6735572, 12.9248065], [77.6736893, 12.9253052]]}}, {"type": "Feature", "properties": {"name": "residential", "highway": "residential", "lanes": 2, "speed_limit_mps": 8.3}, "geometry": {"type": "LineString", "coordinates": [[77.6736893, 12.9253052], [77.6737626, 12.9256832]]}}, {"type": "Feature", "properties": {"name": "residential", "highway": "residential", "lanes": 2, "speed_limit_mps": 8.3}, "geometry": {"type": "LineString", "coordinates": [[77.6737626, 12.9256832], [77.6738403, 12.9260957]]}}, {"type": "Feature", "properties": {"name": "residential", "highway": "residential", "lanes": 2, "speed_limit_mps": 8.3}, "geometry": {"type": "LineString", "coordinates": [[77.6732605, 12.9258073], [77.6737626, 12.9256832]]}}, {"type": "Feature", "properties": {"name": "residential", "highway": "residential", "lanes": 2, "speed_limit_mps": 8.3}, "geometry": {"type": "LineString", "coordinates": [[77.6654083, 12.9258425], [77.6654757, 12.9258413], [77.6655048, 12.9258408], [77.6655934, 12.9258392], [77.6658775, 12.9258341], [77.6661857, 12.9258341], [77.666207, 12.9258338], [77.6662218, 12.9258237], [77.6662273, 12.9258114]]}}, {"type": "Feature", "properties": {"name": "Genesis Parking Road", "highway": "residential", "lanes": 2, "speed_limit_mps": 8.3}, "geometry": {"type": "LineString", "coordinates": [[77.6680519, 12.9256894], [77.6677478, 12.925695]]}}, {"type": "Feature", "properties": {"name": "Genesis Parking Road", "highway": "residential", "lanes": 2, "speed_limit_mps": 8.3}, "geometry": {"type": "LineString", "coordinates": [[77.6677478, 12.925695], [77.6663502, 12.925726]]}}, {"type": "Feature", "properties": {"name": "Genesis Parking Road", "highway": "residential", "lanes": 2, "speed_limit_mps": 8.3}, "geometry": {"type": "LineString", "coordinates": [[77.6677478, 12.925695], [77.6677521, 12.9262788], [77.6677146, 12.9263089], [77.6676547, 12.9263273], [77.6671184, 12.9262998], [77.6670044, 12.9262856], [77.6663479, 12.9261346], [77.6663352, 12.9260828], [77.6663303, 12.9259988], [77.6663247, 12.9259456]]}}, {"type": "Feature", "properties": {"name": "residential", "highway": "residential", "lanes": 2, "speed_limit_mps": 8.3}, "geometry": {"type": "LineString", "coordinates": [[77.6740989, 12.9287992], [77.6740754, 12.9285691]]}}, {"type": "Feature", "properties": {"name": "3rd B Cross Road", "highway": "residential", "lanes": 2, "speed_limit_mps": 8.3}, "geometry": {"type": "LineString", "coordinates": [[77.6762633, 12.9279498], [77.6757342, 12.9279901]]}}, {"type": "Feature", "properties": {"name": "3rd B Cross Road", "highway": "residential", "lanes": 2, "speed_limit_mps": 8.3}, "geometry": {"type": "LineString", "coordinates": [[77.6757342, 12.9279901], [77.6747607, 12.9280951]]}}, {"type": "Feature", "properties": {"name": "residential", "highway": "residential", "lanes": 2, "speed_limit_mps": 8.3}, "geometry": {"type": "LineString", "coordinates": [[77.674116, 12.9267329], [77.674149, 12.9270026]]}}, {"type": "Feature", "properties": {"name": "residential", "highway": "residential", "lanes": 2, "speed_limit_mps": 8.3}, "geometry": {"type": "LineString", "coordinates": [[77.674149, 12.9270026], [77.6742449, 12.9276923], [77.6742869, 12.9278766]]}}, {"type": "Feature", "properties": {"name": "6th Main Road", "highway": "tertiary", "lanes": 2, "speed_limit_mps": 11.1}, "geometry": {"type": "LineString", "coordinates": [[77.6653639, 12.9236764], [77.6653947, 12.9235873], [77.6653669, 12.9231006], [77.6653371, 12.9230562]]}}, {"type": "Feature", "properties": {"name": "6th Main Road", "highway": "tertiary", "lanes": 2, "speed_limit_mps": 11.1}, "geometry": {"type": "LineString", "coordinates": [[77.6653371, 12.9230562], [77.6653047, 12.9231096], [77.6653178, 12.923587], [77.6653639, 12.9236764]]}}, {"type": "Feature", "properties": {"name": "6th Main Road", "highway": "tertiary", "lanes": 2, "speed_limit_mps": 11.1}, "geometry": {"type": "LineString", "coordinates": [[77.6653371, 12.9230562], [77.6653306, 12.9230168]]}}, {"type": "Feature", "properties": {"name": "residential", "highway": "residential", "lanes": 2, "speed_limit_mps": 8.3}, "geometry": {"type": "LineString", "coordinates": [[77.6757132, 12.9230741], [77.6760674, 12.9230467], [77.676089, 12.9230386], [77.6760998, 12.9230117], [77.6760602, 12.9225259]]}}, {"type": "Feature", "properties": {"name": "residential", "highway": "residential", "lanes": 2, "speed_limit_mps": 8.3}, "geometry": {"type": "LineString", "coordinates": [[77.6737023, 12.922842], [77.6737569, 12.9233065]]}}, {"type": "Feature", "properties": {"name": "residential", "highway": "residential", "lanes": 2, "speed_limit_mps": 8.3}, "geometry": {"type": "LineString", "coordinates": [[77.6766601, 12.9307033], [77.676714, 12.930375]]}}, {"type": "Feature", "properties": {"name": "residential", "highway": "residential", "lanes": 2, "speed_limit_mps": 8.3}, "geometry": {"type": "LineString", "coordinates": [[77.6750401, 12.9287825], [77.6750407, 12.9286669]]}}, {"type": "Feature", "properties": {"name": "residential", "highway": "residential", "lanes": 2, "speed_limit_mps": 8.3}, "geometry": {"type": "LineString", "coordinates": [[77.6752903, 12.9282602], [77.6753016, 12.9286719]]}}, {"type": "Feature", "properties": {"name": "residential", "highway": "residential", "lanes": 2, "speed_limit_mps": 8.3}, "geometry": {"type": "LineString", "coordinates": [[77.6758537, 12.9299523], [77.6759803, 12.9299577], [77.6759941, 12.929994], [77.6762316, 12.9300138]]}}, {"type": "Feature", "properties": {"name": "residential", "highway": "residential", "lanes": 2, "speed_limit_mps": 8.3}, "geometry": {"type": "LineString", "coordinates": [[77.6781152, 12.928694], [77.6776697, 12.9286836]]}}, {"type": "Feature", "properties": {"name": "residential", "highway": "residential", "lanes": 2, "speed_limit_mps": 8.3}, "geometry": {"type": "LineString", "coordinates": [[77.6796088, 12.9293006], [77.6794873, 12.929887]]}}, {"type": "Feature", "properties": {"name": "residential", "highway": "residential", "lanes": 2, "speed_limit_mps": 8.3}, "geometry": {"type": "LineString", "coordinates": [[77.6793424, 12.9284229], [77.6794266, 12.9284362], [77.679534, 12.928453]]}}, {"type": "Feature", "properties": {"name": "residential", "highway": "residential", "lanes": 2, "speed_limit_mps": 8.3}, "geometry": {"type": "LineString", "coordinates": [[77.6793424, 12.9284229], [77.679243, 12.9290862], [77.6792462, 12.9291067], [77.6792589, 12.929122], [77.6794049, 12.929141], [77.6794292, 12.9291361], [77.6794446, 12.9291186], [77.679449, 12.929091], [77.679534, 12.928453]]}}, {"type": "Feature", "properties": {"name": "residential", "highway": "residential", "lanes": 2, "speed_limit_mps": 8.3}, "geometry": {"type": "LineString", "coordinates": [[77.679534, 12.928453], [77.6796386, 12.9278365], [77.6796246, 12.9278086], [77.6795914, 12.9277879], [77.6795701, 12.9277787]]}}, {"type": "Feature", "properties": {"name": "residential", "highway": "residential", "lanes": 2, "speed_limit_mps": 8.3}, "geometry": {"type": "LineString", "coordinates": [[77.6795701, 12.9277787], [77.6795889, 12.927741], [77.6796389, 12.9276646]]}}, {"type": "Feature", "properties": {"name": "residential", "highway": "residential", "lanes": 2, "speed_limit_mps": 8.3}, "geometry": {"type": "LineString", "coordinates": [[77.7037721, 12.9515453], [77.7037515, 12.9509037]]}}, {"type": "Feature", "properties": {"name": "residential", "highway": "residential", "lanes": 2, "speed_limit_mps": 8.3}, "geometry": {"type": "LineString", "coordinates": [[77.7037515, 12.9509037], [77.7037329, 12.949994]]}}, {"type": "Feature", "properties": {"name": "residential", "highway": "residential", "lanes": 2, "speed_limit_mps": 8.3}, "geometry": {"type": "LineString", "coordinates": [[77.6980658, 12.9498522], [77.6992095, 12.9495584], [77.6992559, 12.9495439]]}}, {"type": "Feature", "properties": {"name": "residential", "highway": "residential", "lanes": 2, "speed_limit_mps": 8.3}, "geometry": {"type": "LineString", "coordinates": [[77.6956228, 12.9495153], [77.695737, 12.9500463]]}}, {"type": "Feature", "properties": {"name": "residential", "highway": "residential", "lanes": 2, "speed_limit_mps": 8.3}, "geometry": {"type": "LineString", "coordinates": [[77.6958955, 12.9494621], [77.6959489, 12.9497124], [77.6960379, 12.9500266]]}}, {"type": "Feature", "properties": {"name": "residential", "highway": "residential", "lanes": 2, "speed_limit_mps": 8.3}, "geometry": {"type": "LineString", "coordinates": [[77.6993497, 12.959316], [77.7009077, 12.9593067]]}}, {"type": "Feature", "properties": {"name": "residential", "highway": "residential", "lanes": 2, "speed_limit_mps": 8.3}, "geometry": {"type": "LineString", "coordinates": [[77.7009077, 12.9593067], [77.7010514, 12.959307], [77.7010951, 12.9593052]]}}, {"type": "Feature", "properties": {"name": "Service Road", "highway": "tertiary", "lanes": 2, "speed_limit_mps": 11.1}, "geometry": {"type": "LineString", "coordinates": [[77.699332, 12.9499449], [77.699409, 12.950331], [77.6994644, 12.9506085], [77.6994958, 12.9508803], [77.6994983, 12.9509018], [77.6995038, 12.950949], [77.6995179, 12.9511148], [77.6995253, 12.9512682]]}}, {"type": "Feature", "properties": {"name": "Service Road", "highway": "tertiary", "lanes": 2, "speed_limit_mps": 11.1}, "geometry": {"type": "LineString", "coordinates": [[77.6995253, 12.9512682], [77.6995315, 12.9513485], [77.6995335, 12.9513626], [77.699559, 12.9515466], [77.6996276, 12.951797], [77.6996503, 12.9518786], [77.6996804, 12.9519942], [77.6997604, 12.9523208], [77.6998274, 12.9526312], [77.6998622, 12.9527661], [77.6999644, 12.953139]]}}, {"type": "Feature", "properties": {"name": "Service Road", "highway": "tertiary", "lanes": 2, "speed_limit_mps": 11.1}, "geometry": {"type": "LineString", "coordinates": [[77.6999644, 12.953139], [77.7000434, 12.9534383]]}}, {"type": "Feature", "properties": {"name": "residential", "highway": "residential", "lanes": 2, "speed_limit_mps": 8.3}, "geometry": {"type": "LineString", "coordinates": [[77.7020128, 12.9498152], [77.7020682, 12.9497981]]}}, {"type": "Feature", "properties": {"name": "residential", "highway": "residential", "lanes": 2, "speed_limit_mps": 8.3}, "geometry": {"type": "LineString", "coordinates": [[77.7020682, 12.9497981], [77.7023693, 12.9496963]]}}, {"type": "Feature", "properties": {"name": "Spice Garden Road", "highway": "residential", "lanes": 2, "speed_limit_mps": 8.3}, "geometry": {"type": "LineString", "coordinates": [[77.7093981, 12.9594052], [77.7094956, 12.9593633], [77.7095394, 12.9593423], [77.7095859, 12.9593199]]}}, {"type": "Feature", "properties": {"name": "residential", "highway": "residential", "lanes": 2, "speed_limit_mps": 8.3}, "geometry": {"type": "LineString", "coordinates": [[77.7120802, 12.954019], [77.7116203, 12.953962]]}}, {"type": "Feature", "properties": {"name": "residential", "highway": "residential", "lanes": 2, "speed_limit_mps": 8.3}, "geometry": {"type": "LineString", "coordinates": [[77.6962986, 12.9491096], [77.6962539, 12.9491046], [77.6959878, 12.949121]]}}, {"type": "Feature", "properties": {"name": "residential", "highway": "residential", "lanes": 2, "speed_limit_mps": 8.3}, "geometry": {"type": "LineString", "coordinates": [[77.6959878, 12.949121], [77.6958966, 12.9485884], [77.6953179, 12.9486214], [77.6953091, 12.9486511], [77.6952997, 12.9486903], [77.6952937, 12.9489269], [77.6953145, 12.9491675]]}}, {"type": "Feature", "properties": {"name": "residential", "highway": "residential", "lanes": 2, "speed_limit_mps": 8.3}, "geometry": {"type": "LineString", "coordinates": [[77.702948, 12.9472268], [77.7031049, 12.9471341]]}}, {"type": "Feature", "properties": {"name": "residential", "highway": "residential", "lanes": 2, "speed_limit_mps": 8.3}, "geometry": {"type": "LineString", "coordinates": [[77.6905757, 12.9343343], [77.6906181, 12.9343469]]}}, {"type": "Feature", "properties": {"name": "residential", "highway": "residential", "lanes": 2, "speed_limit_mps": 8.3}, "geometry": {"type": "LineString", "coordinates": [[77.6906181, 12.9343469], [77.6906479, 12.9343551], [77.6911478, 12.9344319]]}}, {"type": "Feature", "properties": {"name": "residential", "highway": "residential", "lanes": 2, "speed_limit_mps": 8.3}, "geometry": {"type": "LineString", "coordinates": [[77.6911478, 12.9344319], [77.6917564, 12.9345255], [77.6920233, 12.9345352]]}}, {"type": "Feature", "properties": {"name": "residential", "highway": "residential", "lanes": 2, "speed_limit_mps": 8.3}, "geometry": {"type": "LineString", "coordinates": [[77.7097146, 12.9568622], [77.7097716, 12.9568821]]}}, {"type": "Feature", "properties": {"name": "residential", "highway": "residential", "lanes": 2, "speed_limit_mps": 8.3}, "geometry": {"type": "LineString", "coordinates": [[77.7097716, 12.9568821], [77.7100892, 12.9569929]]}}, {"type": "Feature", "properties": {"name": "residential", "highway": "residential", "lanes": 2, "speed_limit_mps": 8.3}, "geometry": {"type": "LineString", "coordinates": [[77.7100892, 12.9569929], [77.7103667, 12.9570898]]}}, {"type": "Feature", "properties": {"name": "residential", "highway": "residential", "lanes": 2, "speed_limit_mps": 8.3}, "geometry": {"type": "LineString", "coordinates": [[77.7103667, 12.9570898], [77.7106214, 12.9571787]]}}, {"type": "Feature", "properties": {"name": "residential", "highway": "residential", "lanes": 2, "speed_limit_mps": 8.3}, "geometry": {"type": "LineString", "coordinates": [[77.7106214, 12.9571787], [77.7106868, 12.9572015]]}}, {"type": "Feature", "properties": {"name": "residential", "highway": "residential", "lanes": 2, "speed_limit_mps": 8.3}, "geometry": {"type": "LineString", "coordinates": [[77.7103667, 12.9570898], [77.7101423, 12.9576424]]}}, {"type": "Feature", "properties": {"name": "residential", "highway": "residential", "lanes": 2, "speed_limit_mps": 8.3}, "geometry": {"type": "LineString", "coordinates": [[77.7093585, 12.9588026], [77.7096543, 12.9580555]]}}, {"type": "Feature", "properties": {"name": "Ashoka Lane", "highway": "residential", "lanes": 2, "speed_limit_mps": 8.3}, "geometry": {"type": "LineString", "coordinates": [[77.6733292, 12.9278956], [77.6731322, 12.9271909]]}}, {"type": "Feature", "properties": {"name": "Service Road", "highway": "tertiary", "lanes": 2, "speed_limit_mps": 11.1}, "geometry": {"type": "LineString", "coordinates": [[77.7015065, 12.9599912], [77.7014658, 12.9597508]]}}, {"type": "Feature", "properties": {"name": "tertiary", "highway": "tertiary", "lanes": 2, "speed_limit_mps": 11.1}, "geometry": {"type": "LineString", "coordinates": [[77.6698664, 12.9184282], [77.6698203, 12.9184413]]}}, {"type": "Feature", "properties": {"name": "tertiary", "highway": "tertiary", "lanes": 2, "speed_limit_mps": 11.1}, "geometry": {"type": "LineString", "coordinates": [[77.6698203, 12.9184413], [77.6689512, 12.9187123]]}}, {"type": "Feature", "properties": {"name": "Service Road", "highway": "tertiary", "lanes": 2, "speed_limit_mps": 11.1}, "geometry": {"type": "LineString", "coordinates": [[77.6982046, 12.9458302], [77.6983293, 12.9461908]]}}, {"type": "Feature", "properties": {"name": "Service Road", "highway": "tertiary", "lanes": 2, "speed_limit_mps": 11.1}, "geometry": {"type": "LineString", "coordinates": [[77.6997277, 12.9502152], [77.6996563, 12.9498393], [77.6996436, 12.9497809], [77.6995503, 12.9492259], [77.6994879, 12.9489111], [77.6994206, 12.9485821], [77.6993549, 12.9483545], [77.6991944, 12.9477789], [77.6991371, 12.9475957]]}}, {"type": "Feature", "properties": {"name": "Service Road", "highway": "tertiary", "lanes": 2, "speed_limit_mps": 11.1}, "geometry": {"type": "LineString", "coordinates": [[77.6991371, 12.9475957], [77.6990432, 12.9472951], [77.6989886, 12.9471203], [77.6989558, 12.9470154], [77.6987981, 12.9465851], [77.6987407, 12.9464283], [77.6987174, 12.9463647], [77.6986924, 12.9462964], [77.698649, 12.946178], [77.6985868, 12.9460639]]}}, {"type": "Feature", "properties": {"name": "Service Road", "highway": "tertiary", "lanes": 2, "speed_limit_mps": 11.1}, "geometry": {"type": "LineString", "coordinates": [[77.6985868, 12.9460639], [77.6984883, 12.9457677]]}}, {"type": "Feature", "properties": {"name": "residential", "highway": "residential", "lanes": 2, "speed_limit_mps": 8.3}, "geometry": {"type": "LineString", "coordinates": [[77.6927262, 12.9400952], [77.6927153, 12.940019], [77.6927044, 12.9399726]]}}, {"type": "Feature", "properties": {"name": "Kristal Tiara Internal road", "highway": "residential", "lanes": 2, "speed_limit_mps": 8.3}, "geometry": {"type": "LineString", "coordinates": [[77.6733467, 12.9224261], [77.673306, 12.9224102], [77.6730935, 12.9224525], [77.6729728, 12.9220311]]}}, {"type": "Feature", "properties": {"name": "residential", "highway": "residential", "lanes": 2, "speed_limit_mps": 8.3}, "geometry": {"type": "LineString", "coordinates": [[77.6654702, 12.9194188], [77.6654665, 12.9194023]]}}, {"type": "Feature", "properties": {"name": "residential", "highway": "residential", "lanes": 2, "speed_limit_mps": 8.3}, "geometry": {"type": "LineString", "coordinates": [[77.6654665, 12.9194023], [77.6654633, 12.9193879], [77.6653774, 12.9189877], [77.6653569, 12.9189496], [77.6653158, 12.9189122], [77.665279, 12.9188884], [77.6652461, 12.9188842], [77.665197, 12.918899]]}}, {"type": "Feature", "properties": {"name": "residential", "highway": "residential", "lanes": 2, "speed_limit_mps": 8.3}, "geometry": {"type": "LineString", "coordinates": [[77.665197, 12.918899], [77.6651393, 12.9187131], [77.6650736, 12.9184373], [77.6650854, 12.9183931], [77.6650995, 12.9183622], [77.6651226, 12.9183366], [77.6655852, 12.9182327]]}}, {"type": "Feature", "properties": {"name": "Service Road", "highway": "tertiary", "lanes": 2, "speed_limit_mps": 11.1}, "geometry": {"type": "LineString", "coordinates": [[77.6983293, 12.9461908], [77.6983236, 12.9462643], [77.6986056, 12.9470494], [77.6988256, 12.9477091], [77.6988788, 12.9478758]]}}, {"type": "Feature", "properties": {"name": "residential", "highway": "residential", "lanes": 2, "speed_limit_mps": 8.3}, "geometry": {"type": "LineString", "coordinates": [[77.6680291, 12.9259024], [77.6679585, 12.9259216], [77.6679279, 12.9259446], [77.6679066, 12.9259998], [77.6679522, 12.9270517], [77.6679861, 12.9270881], [77.668053, 12.9271105], [77.6681167, 12.9271198], [77.668695, 12.9271687]]}}, {"type": "Feature", "properties": {"name": "residential", "highway": "residential", "lanes": 2, "speed_limit_mps": 8.3}, "geometry": {"type": "LineString", "coordinates": [[77.7096234, 12.9589021], [77.7098631, 12.9583233]]}}, {"type": "Feature", "properties": {"name": "residential", "highway": "residential", "lanes": 2, "speed_limit_mps": 8.3}, "geometry": {"type": "LineString", "coordinates": [[77.7106214, 12.9571787], [77.7104034, 12.9577376]]}}, {"type": "Feature", "properties": {"name": "residential", "highway": "residential", "lanes": 2, "speed_limit_mps": 8.3}, "geometry": {"type": "LineString", "coordinates": [[77.7104034, 12.9577376], [77.7098954, 12.9590012]]}}, {"type": "Feature", "properties": {"name": "New Horizon College Road", "highway": "primary", "lanes": 4, "speed_limit_mps": 16.7}, "geometry": {"type": "LineString", "coordinates": [[77.6908261, 12.9338383], [77.6907629, 12.9339735], [77.6906777, 12.9341121], [77.6905757, 12.9343343]]}}, {"type": "Feature", "properties": {"name": "New Horizon College Road", "highway": "primary", "lanes": 4, "speed_limit_mps": 16.7}, "geometry": {"type": "LineString", "coordinates": [[77.6905757, 12.9343343], [77.6904771, 12.934555], [77.6904474, 12.9346037]]}}, {"type": "Feature", "properties": {"name": "New Horizon College Road", "highway": "primary", "lanes": 4, "speed_limit_mps": 16.7}, "geometry": {"type": "LineString", "coordinates": [[77.6950298, 12.9312518], [77.6949812, 12.9312563], [77.6949452, 12.9312576], [77.6934147, 12.9313108], [77.6931247, 12.9313985], [77.6924823, 12.9317062], [77.6918344, 12.9320798], [77.6916741, 12.9322054], [77.6912023, 12.9331522], [77.6908455, 12.9337979], [77.6908261, 12.9338383]]}}, {"type": "Feature", "properties": {"name": "residential", "highway": "residential", "lanes": 2, "speed_limit_mps": 8.3}, "geometry": {"type": "LineString", "coordinates": [[77.6776476, 12.9290415], [77.6776697, 12.9286836]]}}, {"type": "Feature", "properties": {"name": "residential", "highway": "residential", "lanes": 2, "speed_limit_mps": 8.3}, "geometry": {"type": "LineString", "coordinates": [[77.6776697, 12.9286836], [77.6777064, 12.9282296]]}}, {"type": "Feature", "properties": {"name": "residential", "highway": "residential", "lanes": 2, "speed_limit_mps": 8.3}, "geometry": {"type": "LineString", "coordinates": [[77.6777064, 12.9282296], [77.6777169, 12.9279833]]}}, {"type": "Feature", "properties": {"name": "residential", "highway": "residential", "lanes": 2, "speed_limit_mps": 8.3}, "geometry": {"type": "LineString", "coordinates": [[77.6777169, 12.9279833], [77.6777299, 12.9277788], [77.6777641, 12.9277258], [77.677854, 12.9276722], [77.6778728, 12.9276434], [77.6778724, 12.927615]]}}, {"type": "Feature", "properties": {"name": "unclassified", "highway": "unclassified", "lanes": 2, "speed_limit_mps": 8.3}, "geometry": {"type": "LineString", "coordinates": [[77.6945672, 12.9330295], [77.6932643, 12.9328081], [77.6928642, 12.93274], [77.6924078, 12.9326476], [77.6919138, 12.9325377]]}}, {"type": "Feature", "properties": {"name": "residential", "highway": "residential", "lanes": 2, "speed_limit_mps": 8.3}, "geometry": {"type": "LineString", "coordinates": [[77.6998823, 12.949202], [77.699791, 12.9487992]]}}, {"type": "Feature", "properties": {"name": "residential", "highway": "residential", "lanes": 2, "speed_limit_mps": 8.3}, "geometry": {"type": "LineString", "coordinates": [[77.7001675, 12.9491442], [77.7000721, 12.9487402]]}}, {"type": "Feature", "properties": {"name": "1st Main Road", "highway": "residential", "lanes": 2, "speed_limit_mps": 8.3}, "geometry": {"type": "LineString", "coordinates": [[77.7012951, 12.9497968], [77.7013525, 12.950057]]}}, {"type": "Feature", "properties": {"name": "1st Main Road", "highway": "residential", "lanes": 2, "speed_limit_mps": 8.3}, "geometry": {"type": "LineString", "coordinates": [[77.7013525, 12.950057], [77.7014437, 12.9504597]]}}, {"type": "Feature", "properties": {"name": "Munireddy Layout", "highway": "residential", "lanes": 2, "speed_limit_mps": 8.3}, "geometry": {"type": "LineString", "coordinates": [[77.6993188, 12.9394033], [77.6985556, 12.9395405]]}}, {"type": "Feature", "properties": {"name": "residential", "highway": "residential", "lanes": 2, "speed_limit_mps": 8.3}, "geometry": {"type": "LineString", "coordinates": [[77.6758609, 12.9244467], [77.6750332, 12.9244952]]}}, {"type": "Feature", "properties": {"name": "residential", "highway": "residential", "lanes": 2, "speed_limit_mps": 8.3}, "geometry": {"type": "LineString", "coordinates": [[77.6694063, 12.9231687], [77.6694543, 12.9231709], [77.6694667, 12.9231702], [77.6694897, 12.9231689], [77.6695517, 12.9231641]]}}, {"type": "Feature", "properties": {"name": "residential", "highway": "residential", "lanes": 2, "speed_limit_mps": 8.3}, "geometry": {"type": "LineString", "coordinates": [[77.6969563, 12.938667], [77.696945, 12.9386365], [77.6967735, 12.9381756]]}}, {"type": "Feature", "properties": {"name": "residential", "highway": "residential", "lanes": 2, "speed_limit_mps": 8.3}, "geometry": {"type": "LineString", "coordinates": [[77.69756, 12.9366465], [77.6974995, 12.9366572], [77.6974338, 12.9366688]]}}, {"type": "Feature", "properties": {"name": "residential", "highway": "residential", "lanes": 2, "speed_limit_mps": 8.3}, "geometry": {"type": "LineString", "coordinates": [[77.6981053, 12.9365769], [77.69756, 12.9366465]]}}, {"type": "Feature", "properties": {"name": "Panathur Main Road", "highway": "tertiary", "lanes": 2, "speed_limit_mps": 11.1}, "geometry": {"type": "LineString", "coordinates": [[77.6974016, 12.9385298], [77.6972305, 12.9386021]]}}, {"type": "Feature", "properties": {"name": "Panathur Main Road", "highway": "tertiary", "lanes": 2, "speed_limit_mps": 11.1}, "geometry": {"type": "LineString", "coordinates": [[77.6972305, 12.9386021], [77.6970616, 12.9386784]]}}, {"type": "Feature", "properties": {"name": "Panathur Main Road", "highway": "tertiary", "lanes": 2, "speed_limit_mps": 11.1}, "geometry": {"type": "LineString", "coordinates": [[77.6970616, 12.9386784], [77.6969755, 12.9387185]]}}, {"type": "Feature", "properties": {"name": "Panathur Main Road", "highway": "tertiary", "lanes": 2, "speed_limit_mps": 11.1}, "geometry": {"type": "LineString", "coordinates": [[77.6969755, 12.9387185], [77.6967443, 12.9388261], [77.6963175, 12.9390016]]}}, {"type": "Feature", "properties": {"name": "Panathur Main Road", "highway": "tertiary", "lanes": 2, "speed_limit_mps": 11.1}, "geometry": {"type": "LineString", "coordinates": [[77.6963175, 12.9390016], [77.696146, 12.9390751], [77.695694, 12.9392688], [77.6954936, 12.9393518], [77.6954445, 12.9393719], [77.695406, 12.9393876]]}}, {"type": "Feature", "properties": {"name": "Gear School road", "highway": "secondary", "lanes": 3, "speed_limit_mps": 13.9}, "geometry": {"type": "LineString", "coordinates": [[77.6977217, 12.9378668], [77.6977097, 12.9379087], [77.6977753, 12.9382606], [77.6977834, 12.9383169]]}}, {"type": "Feature", "properties": {"name": "Gear School road", "highway": "secondary", "lanes": 3, "speed_limit_mps": 13.9}, "geometry": {"type": "LineString", "coordinates": [[77.6977834, 12.9383169], [77.6977875, 12.9383694]]}}, {"type": "Feature", "properties": {"name": "Panathur Main Road", "highway": "tertiary", "lanes": 2, "speed_limit_mps": 11.1}, "geometry": {"type": "LineString", "coordinates": [[77.6974016, 12.9385298], [77.6974451, 12.9385288]]}}, {"type": "Feature", "properties": {"name": "Panathur Main Road", "highway": "tertiary", "lanes": 2, "speed_limit_mps": 11.1}, "geometry": {"type": "LineString", "coordinates": [[77.6974451, 12.9385288], [77.6977675, 12.938375], [77.6977875, 12.9383694]]}}, {"type": "Feature", "properties": {"name": "Panathur Main Road", "highway": "tertiary", "lanes": 2, "speed_limit_mps": 11.1}, "geometry": {"type": "LineString", "coordinates": [[77.6977875, 12.9383694], [77.6978301, 12.938358]]}}, {"type": "Feature", "properties": {"name": "Panathur Main Road", "highway": "tertiary", "lanes": 2, "speed_limit_mps": 11.1}, "geometry": {"type": "LineString", "coordinates": [[77.6978301, 12.938358], [77.6978991, 12.9383394], [77.6981808, 12.9382676], [77.6982309, 12.9382421]]}}, {"type": "Feature", "properties": {"name": "residential", "highway": "residential", "lanes": 2, "speed_limit_mps": 8.3}, "geometry": {"type": "LineString", "coordinates": [[77.6770051, 12.9303813], [77.6773086, 12.9304228], [77.6774542, 12.9304701], [77.6775149, 12.9305233], [77.6775209, 12.930612]]}}, {"type": "Feature", "properties": {"name": "residential", "highway": "residential", "lanes": 2, "speed_limit_mps": 8.3}, "geometry": {"type": "LineString", "coordinates": [[77.711982, 12.9599947], [77.7118742, 12.9600571], [77.7118502, 12.960064], [77.7114184, 12.960021], [77.710999, 12.9599595]]}}, {"type": "Feature", "properties": {"name": "Outer Ring Road", "highway": "trunk", "lanes": 6, "speed_limit_mps": 22.2}, "geometry": {"type": "LineString", "coordinates": [[77.7003042, 12.9534482], [77.7000543, 12.9524376]]}}, {"type": "Feature", "properties": {"name": "Varthur Road", "highway": "primary", "lanes": 4, "speed_limit_mps": 16.7}, "geometry": {"type": "LineString", "coordinates": [[77.7019516, 12.9569361], [77.70256, 12.9568921]]}}, {"type": "Feature", "properties": {"name": "Marathahalli Underpass", "highway": "trunk", "lanes": 6, "speed_limit_mps": 22.2}, "geometry": {"type": "LineString", "coordinates": [[77.7012244, 12.9596219], [77.7012724, 12.9599701], [77.7012808, 12.9600388], [77.7012871, 12.9600779], [77.7013137, 12.9602438]]}}, {"type": "Feature", "properties": {"name": "Outer Ring Road", "highway": "trunk", "lanes": 6, "speed_limit_mps": 22.2}, "geometry": {"type": "LineString", "coordinates": [[77.7019095, 12.9633313], [77.7018447, 12.9629086], [77.7017132, 12.9620871], [77.7015292, 12.9607614], [77.7015213, 12.9607044], [77.7015077, 12.9606063], [77.7014179, 12.9599597], [77.7014054, 12.9598805], [77.7013992, 12.9598046]]}}, {"type": "Feature", "properties": {"name": "Marathahalli Underpass", "highway": "trunk", "lanes": 6, "speed_limit_mps": 22.2}, "geometry": {"type": "LineString", "coordinates": [[77.7013992, 12.9598046], [77.7013827, 12.9596755], [77.7013772, 12.9595932]]}}, {"type": "Feature", "properties": {"name": "Varthur Road", "highway": "primary", "lanes": 4, "speed_limit_mps": 16.7}, "geometry": {"type": "LineString", "coordinates": [[77.7016362, 12.9569572], [77.7019516, 12.9569361]]}}, {"type": "Feature", "properties": {"name": "trunk_link", "highway": "trunk_link", "lanes": 3, "speed_limit_mps": 13.9}, "geometry": {"type": "LineString", "coordinates": [[77.7012265, 12.960252], [77.7013137, 12.9602438]]}}, {"type": "Feature", "properties": {"name": "Central Avenue", "highway": "tertiary", "lanes": 2, "speed_limit_mps": 11.1}, "geometry": {"type": "LineString", "coordinates": [[77.6846737, 12.9290434], [77.6846737, 12.9292225], [77.6846702, 12.9293166]]}}, {"type": "Feature", "properties": {"name": "Central Avenue", "highway": "tertiary", "lanes": 2, "speed_limit_mps": 11.1}, "geometry": {"type": "LineString", "coordinates": [[77.6849427, 12.9297588], [77.684949, 12.9296894], [77.6849487, 12.9295008], [77.6849352, 12.9293688], [77.684931, 12.9293129]]}}, {"type": "Feature", "properties": {"name": "residential", "highway": "residential", "lanes": 2, "speed_limit_mps": 8.3}, "geometry": {"type": "LineString", "coordinates": [[77.6759127, 12.9204772], [77.6758629, 12.9204823], [77.6747861, 12.9205918]]}}, {"type": "Feature", "properties": {"name": "trunk_link", "highway": "trunk_link", "lanes": 3, "speed_limit_mps": 13.9}, "geometry": {"type": "LineString", "coordinates": [[77.6807613, 12.9281876], [77.6807901, 12.928109]]}}, {"type": "Feature", "properties": {"name": "Kariyamma Agrahara Road", "highway": "tertiary", "lanes": 2, "speed_limit_mps": 11.1}, "geometry": {"type": "LineString", "coordinates": [[77.6884247, 12.9391105], [77.6891953, 12.939364], [77.6892154, 12.9393682], [77.689717, 12.9394745], [77.6898042, 12.9394918], [77.6898237, 12.9394958], [77.6900348, 12.9395386]]}}, {"type": "Feature", "properties": {"name": "Kariyamma Agrahara Road", "highway": "tertiary", "lanes": 2, "speed_limit_mps": 11.1}, "geometry": {"type": "LineString", "coordinates": [[77.6900348, 12.9395386], [77.6900487, 12.9395414], [77.6901008, 12.939552], [77.6904653, 12.9397905], [77.6907327, 12.9399057], [77.6908948, 12.9399598], [77.6913123, 12.9400555]]}}, {"type": "Feature", "properties": {"name": "Kariyamma Agrahara Road", "highway": "tertiary", "lanes": 2, "speed_limit_mps": 11.1}, "geometry": {"type": "LineString", "coordinates": [[77.6913123, 12.9400555], [77.6914152, 12.9400784]]}}, {"type": "Feature", "properties": {"name": "Varthur Road", "highway": "primary", "lanes": 4, "speed_limit_mps": 16.7}, "geometry": {"type": "LineString", "coordinates": [[77.7014596, 12.9568724], [77.7013721, 12.9568812], [77.7012857, 12.9568886]]}}, {"type": "Feature", "properties": {"name": "1st Cross Road", "highway": "residential", "lanes": 2, "speed_limit_mps": 8.3}, "geometry": {"type": "LineString", "coordinates": [[77.703204, 12.957108], [77.7032055, 12.9572529]]}}, {"type": "Feature", "properties": {"name": "1st Cross Road", "highway": "residential", "lanes": 2, "speed_limit_mps": 8.3}, "geometry": {"type": "LineString", "coordinates": [[77.7028053, 12.9570647], [77.703204, 12.957108]]}}, {"type": "Feature", "properties": {"name": "residential", "highway": "residential", "lanes": 2, "speed_limit_mps": 8.3}, "geometry": {"type": "LineString", "coordinates": [[77.7065637, 12.9566868], [77.7065563, 12.9567217], [77.7065461, 12.9567703], [77.7065022, 12.9569801]]}}, {"type": "Feature", "properties": {"name": "residential", "highway": "residential", "lanes": 2, "speed_limit_mps": 8.3}, "geometry": {"type": "LineString", "coordinates": [[77.6993354, 12.9580775], [77.6989644, 12.9581037]]}}, {"type": "Feature", "properties": {"name": "residential", "highway": "residential", "lanes": 2, "speed_limit_mps": 8.3}, "geometry": {"type": "LineString", "coordinates": [[77.6987392, 12.9570719], [77.6987507, 12.9571148], [77.6989243, 12.9577628]]}}, {"type": "Feature", "properties": {"name": "residential", "highway": "residential", "lanes": 2, "speed_limit_mps": 8.3}, "geometry": {"type": "LineString", "coordinates": [[77.7036035, 12.9599913], [77.7036933, 12.9607112]]}}, {"type": "Feature", "properties": {"name": "residential", "highway": "residential", "lanes": 2, "speed_limit_mps": 8.3}, "geometry": {"type": "LineString", "coordinates": [[77.7009131, 12.9595449], [77.7009077, 12.9593067]]}}, {"type": "Feature", "properties": {"name": "residential", "highway": "residential", "lanes": 2, "speed_limit_mps": 8.3}, "geometry": {"type": "LineString", "coordinates": [[77.7045081, 12.9588191], [77.7048339, 12.9588659]]}}, {"type": "Feature", "properties": {"name": "residential", "highway": "residential", "lanes": 2, "speed_limit_mps": 8.3}, "geometry": {"type": "LineString", "coordinates": [[77.7028022, 12.9595667], [77.7022747, 12.9595829]]}}, {"type": "Feature", "properties": {"name": "residential", "highway": "residential", "lanes": 2, "speed_limit_mps": 8.3}, "geometry": {"type": "LineString", "coordinates": [[77.6968865, 12.9572156], [77.6970639, 12.9585245], [77.6971428, 12.9587903]]}}, {"type": "Feature", "properties": {"name": "residential", "highway": "residential", "lanes": 2, "speed_limit_mps": 8.3}, "geometry": {"type": "LineString", "coordinates": [[77.6971918, 12.9571206], [77.6973018, 12.9581218], [77.6974186, 12.9587071]]}}, {"type": "Feature", "properties": {"name": "residential", "highway": "residential", "lanes": 2, "speed_limit_mps": 8.3}, "geometry": {"type": "LineString", "coordinates": [[77.7047129, 12.9590093], [77.704664, 12.9592957]]}}, {"type": "Feature", "properties": {"name": "residential", "highway": "residential", "lanes": 2, "speed_limit_mps": 8.3}, "geometry": {"type": "LineString", "coordinates": [[77.7003435, 12.9569574], [77.7003368, 12.9569041], [77.7002439, 12.9563696]]}}, {"type": "Feature", "properties": {"name": "Outer Ring Road", "highway": "trunk", "lanes": 6, "speed_limit_mps": 22.2}, "geometry": {"type": "LineString", "coordinates": [[77.7013137, 12.9602438], [77.7013775, 12.9606256], [77.7014731, 12.9612689], [77.701571, 12.9618988], [77.7016775, 12.9626351], [77.7018772, 12.9639554], [77.7020124, 12.964897], [77.7020429, 12.965189], [77.7021051, 12.9660562], [77.7021151, 12.9662472], [77.7021127, 12.9663781], [77.7021116, 12.9664384], [77.7020852, 12.9666602], [77.7020713, 12.9667337], [77.7020328, 12.9669365], [77.7020248, 12.9669743]]}}, {"type": "Feature", "properties": {"name": "Sarjapura Road", "highway": "primary", "lanes": 4, "speed_limit_mps": 16.7}, "geometry": {"type": "LineString", "coordinates": [[77.6706814, 12.9182192], [77.6699558, 12.9184681], [77.669888, 12.9184913], [77.6698416, 12.9185072], [77.6695352, 12.9186077], [77.6691608, 12.9187246], [77.6691461, 12.9187292]]}}, {"type": "Feature", "properties": {"name": "tertiary", "highway": "tertiary", "lanes": 2, "speed_limit_mps": 11.1}, "geometry": {"type": "LineString", "coordinates": [[77.6653207, 12.920419], [77.665265, 12.9204542], [77.6652481, 12.9204919], [77.6652441, 12.9205434], [77.6652613, 12.9205727], [77.6653098, 12.9206436]]}}, {"type": "Feature", "properties": {"name": "residential", "highway": "residential", "lanes": 2, "speed_limit_mps": 8.3}, "geometry": {"type": "LineString", "coordinates": [[77.6969755, 12.9387185], [77.6969563, 12.938667]]}}, {"type": "Feature", "properties": {"name": "Devarabeesanahalli Road", "highway": "tertiary", "lanes": 2, "speed_limit_mps": 11.1}, "geometry": {"type": "LineString", "coordinates": [[77.6859576, 12.928196], [77.6858751, 12.9285493], [77.6858116, 12.9287348], [77.6857664, 12.9287803], [77.6856706, 12.9288153], [77.6856296, 12.9288549], [77.6855569, 12.928945]]}}, {"type": "Feature", "properties": {"name": "Devarabeesanahalli Road", "highway": "tertiary", "lanes": 2, "speed_limit_mps": 11.1}, "geometry": {"type": "LineString", "coordinates": [[77.6855569, 12.928945], [77.6854675, 12.9290558], [77.6853618, 12.9291898], [77.6853206, 12.9292559], [77.6852777, 12.9293479], [77.6852579, 12.9294609], [77.6852254, 12.9298737], [77.6852157, 12.9299311]]}}, {"type": "Feature", "properties": {"name": "tertiary", "highway": "tertiary", "lanes": 2, "speed_limit_mps": 11.1}, "geometry": {"type": "LineString", "coordinates": [[77.6761658, 12.9257883], [77.6766633, 12.9260369], [77.676781, 12.9260957], [77.6777277, 12.9265441], [77.6786267, 12.9269632], [77.6794443, 12.9273513], [77.6795487, 12.9274065], [77.6796407, 12.9274755]]}}, {"type": "Feature", "properties": {"name": "trunk_link", "highway": "trunk_link", "lanes": 3, "speed_limit_mps": 13.9}, "geometry": {"type": "LineString", "coordinates": [[77.6761658, 12.9257883], [77.6754194, 12.9254203], [77.6744124, 12.9248984], [77.6741666, 12.9247925]]}}, {"type": "Feature", "properties": {"name": "Outer Ring Road", "highway": "trunk", "lanes": 6, "speed_limit_mps": 22.2}, "geometry": {"type": "LineString", "coordinates": [[77.6654482, 12.9209153], [77.6655585, 12.9209342]]}}, {"type": "Feature", "properties": {"name": "6th Main Road", "highway": "tertiary", "lanes": 2, "speed_limit_mps": 11.1}, "geometry": {"type": "LineString", "coordinates": [[77.6655558, 12.921086], [77.6655596, 12.921029], [77.6655585, 12.9209342]]}}, {"type": "Feature", "properties": {"name": "Outer Ring Road", "highway": "trunk", "lanes": 6, "speed_limit_mps": 22.2}, "geometry": {"type": "LineString", "coordinates": [[77.6655585, 12.9209342], [77.6659924, 12.9211461]]}}, {"type": "Feature", "properties": {"name": "Sarjapura Road", "highway": "primary", "lanes": 4, "speed_limit_mps": 16.7}, "geometry": {"type": "LineString", "coordinates": [[77.6653098, 12.9206436], [77.6653726, 12.9206256], [77.6654081, 12.9206], [77.6654255, 12.9205875], [77.6655365, 12.9205145]]}}, {"type": "Feature", "properties": {"name": "Sarjapura Road", "highway": "primary", "lanes": 4, "speed_limit_mps": 16.7}, "geometry": {"type": "LineString", "coordinates": [[77.6650296, 12.9206681], [77.6651215, 12.9206603], [77.6651968, 12.9206601], [77.6653098, 12.9206436]]}}, {"type": "Feature", "properties": {"name": "Sarjapura Road", "highway": "primary", "lanes": 4, "speed_limit_mps": 16.7}, "geometry": {"type": "LineString", "coordinates": [[77.6687125, 12.9188802], [77.6685027, 12.9189662], [77.6681842, 12.9191415], [77.668113, 12.9191808], [77.6680194, 12.9192325], [77.6678101, 12.9193461], [77.6676429, 12.9194283]]}}, {"type": "Feature", "properties": {"name": "Sarjapura Road", "highway": "primary", "lanes": 4, "speed_limit_mps": 16.7}, "geometry": {"type": "LineString", "coordinates": [[77.6689288, 12.9187966], [77.6688863, 12.918813], [77.6688366, 12.9188322]]}}, {"type": "Feature", "properties": {"name": "Sarjapura Road", "highway": "primary", "lanes": 4, "speed_limit_mps": 16.7}, "geometry": {"type": "LineString", "coordinates": [[77.6688366, 12.9188322], [77.6687125, 12.9188802]]}}, {"type": "Feature", "properties": {"name": "Sarjapura Road", "highway": "primary", "lanes": 4, "speed_limit_mps": 16.7}, "geometry": {"type": "LineString", "coordinates": [[77.6691461, 12.9187292], [77.6690099, 12.9187714], [77.6689288, 12.9187966]]}}, {"type": "Feature", "properties": {"name": "Haralur Road", "highway": "tertiary", "lanes": 2, "speed_limit_mps": 11.1}, "geometry": {"type": "LineString", "coordinates": [[77.6688366, 12.9188322], [77.6688004, 12.9187531]]}}, {"type": "Feature", "properties": {"name": "Haralur Road", "highway": "tertiary", "lanes": 2, "speed_limit_mps": 11.1}, "geometry": {"type": "LineString", "coordinates": [[77.6688004, 12.9187531], [77.6687395, 12.9186198], [77.6686049, 12.9183161], [77.6685522, 12.9182753]]}}, {"type": "Feature", "properties": {"name": "residential", "highway": "residential", "lanes": 2, "speed_limit_mps": 8.3}, "geometry": {"type": "LineString", "coordinates": [[77.7036074, 12.9528227], [77.7035309, 12.9523898]]}}, {"type": "Feature", "properties": {"name": "residential", "highway": "residential", "lanes": 2, "speed_limit_mps": 8.3}, "geometry": {"type": "LineString", "coordinates": [[77.7022471, 12.9529831], [77.7022009, 12.9526953]]}}, {"type": "Feature", "properties": {"name": "residential", "highway": "residential", "lanes": 2, "speed_limit_mps": 8.3}, "geometry": {"type": "LineString", "coordinates": [[77.7020291, 12.9530088], [77.7019902, 12.9527511]]}}, {"type": "Feature", "properties": {"name": "residential", "highway": "residential", "lanes": 2, "speed_limit_mps": 8.3}, "geometry": {"type": "LineString", "coordinates": [[77.7017934, 12.9530366], [77.7017589, 12.952803]]}}, {"type": "Feature", "properties": {"name": "residential", "highway": "residential", "lanes": 2, "speed_limit_mps": 8.3}, "geometry": {"type": "LineString", "coordinates": [[77.7030933, 12.9465781], [77.7028378, 12.9467002], [77.7027532, 12.9467917], [77.7024833, 12.9469279]]}}, {"type": "Feature", "properties": {"name": "residential", "highway": "residential", "lanes": 2, "speed_limit_mps": 8.3}, "geometry": {"type": "LineString", "coordinates": [[77.7080201, 12.9530922], [77.7080294, 12.9532957]]}}, {"type": "Feature", "properties": {"name": "residential", "highway": "residential", "lanes": 2, "speed_limit_mps": 8.3}, "geometry": {"type": "LineString", "coordinates": [[77.7105594, 12.9526277], [77.7108083, 12.9526245]]}}, {"type": "Feature", "properties": {"name": "residential", "highway": "residential", "lanes": 2, "speed_limit_mps": 8.3}, "geometry": {"type": "LineString", "coordinates": [[77.6975957, 12.953828], [77.6976604, 12.9540294]]}}, {"type": "Feature", "properties": {"name": "residential", "highway": "residential", "lanes": 2, "speed_limit_mps": 8.3}, "geometry": {"type": "LineString", "coordinates": [[77.7102803, 12.9534423], [77.7105438, 12.9534454]]}}, {"type": "Feature", "properties": {"name": "residential", "highway": "residential", "lanes": 2, "speed_limit_mps": 8.3}, "geometry": {"type": "LineString", "coordinates": [[77.6967075, 12.9537621], [77.6967975, 12.9540614]]}}, {"type": "Feature", "properties": {"name": "residential", "highway": "residential", "lanes": 2, "speed_limit_mps": 8.3}, "geometry": {"type": "LineString", "coordinates": [[77.6967975, 12.9540614], [77.6968507, 12.9542387]]}}, {"type": "Feature", "properties": {"name": "residential", "highway": "residential", "lanes": 2, "speed_limit_mps": 8.3}, "geometry": {"type": "LineString", "coordinates": [[77.697063, 12.9539825], [77.6971206, 12.9541641]]}}, {"type": "Feature", "properties": {"name": "residential", "highway": "residential", "lanes": 2, "speed_limit_mps": 8.3}, "geometry": {"type": "LineString", "coordinates": [[77.6973244, 12.9539076], [77.6973973, 12.9541026]]}}, {"type": "Feature", "properties": {"name": "residential", "highway": "residential", "lanes": 2, "speed_limit_mps": 8.3}, "geometry": {"type": "LineString", "coordinates": [[77.7017611, 12.9485115], [77.7014339, 12.9486645]]}}, {"type": "Feature", "properties": {"name": "residential", "highway": "residential", "lanes": 2, "speed_limit_mps": 8.3}, "geometry": {"type": "LineString", "coordinates": [[77.7063101, 12.9546852], [77.7062759, 12.9549741]]}}, {"type": "Feature", "properties": {"name": "residential", "highway": "residential", "lanes": 2, "speed_limit_mps": 8.3}, "geometry": {"type": "LineString", "coordinates": [[77.7045567, 12.9538706], [77.7045654, 12.9535738]]}}, {"type": "Feature", "properties": {"name": "residential", "highway": "residential", "lanes": 2, "speed_limit_mps": 8.3}, "geometry": {"type": "LineString", "coordinates": [[77.7020682, 12.9497981], [77.7021588, 12.9501125]]}}, {"type": "Feature", "properties": {"name": "residential", "highway": "residential", "lanes": 2, "speed_limit_mps": 8.3}, "geometry": {"type": "LineString", "coordinates": [[77.7082827, 12.9534217], [77.7083041, 12.953816]]}}, {"type": "Feature", "properties": {"name": "residential", "highway": "residential", "lanes": 2, "speed_limit_mps": 8.3}, "geometry": {"type": "LineString", "coordinates": [[77.6972267, 12.9535948], [77.6971498, 12.953374]]}}, {"type": "Feature", "properties": {"name": "residential", "highway": "residential", "lanes": 2, "speed_limit_mps": 8.3}, "geometry": {"type": "LineString", "coordinates": [[77.6972035, 12.9526117], [77.6971173, 12.9522311]]}}, {"type": "Feature", "properties": {"name": "residential", "highway": "residential", "lanes": 2, "speed_limit_mps": 8.3}, "geometry": {"type": "LineString", "coordinates": [[77.70249, 12.9529544], [77.7024487, 12.9526738]]}}, {"type": "Feature", "properties": {"name": "residential", "highway": "residential", "lanes": 2, "speed_limit_mps": 8.3}, "geometry": {"type": "LineString", "coordinates": [[77.7027683, 12.9529216], [77.702724, 12.9525992]]}}, {"type": "Feature", "properties": {"name": "residential", "highway": "residential", "lanes": 2, "speed_limit_mps": 8.3}, "geometry": {"type": "LineString", "coordinates": [[77.7030451, 12.952889], [77.7029928, 12.9525349]]}}, {"type": "Feature", "properties": {"name": "residential", "highway": "residential", "lanes": 2, "speed_limit_mps": 8.3}, "geometry": {"type": "LineString", "coordinates": [[77.7033249, 12.952856], [77.7032703, 12.9525119]]}}, {"type": "Feature", "properties": {"name": "residential", "highway": "residential", "lanes": 2, "speed_limit_mps": 8.3}, "geometry": {"type": "LineString", "coordinates": [[77.7038847, 12.95279], [77.7037928, 12.9523265]]}}, {"type": "Feature", "properties": {"name": "1st C Main Road", "highway": "residential", "lanes": 2, "speed_limit_mps": 8.3}, "geometry": {"type": "LineString", "coordinates": [[77.7041544, 12.9527582], [77.7040803, 12.9522658]]}}, {"type": "Feature", "properties": {"name": "residential", "highway": "residential", "lanes": 2, "speed_limit_mps": 8.3}, "geometry": {"type": "LineString", "coordinates": [[77.6969742, 12.9407175], [77.6965812, 12.9407464]]}}, {"type": "Feature", "properties": {"name": "residential", "highway": "residential", "lanes": 2, "speed_limit_mps": 8.3}, "geometry": {"type": "LineString", "coordinates": [[77.7067902, 12.9538956], [77.706755, 12.9541827]]}}, {"type": "Feature", "properties": {"name": "residential", "highway": "residential", "lanes": 2, "speed_limit_mps": 8.3}, "geometry": {"type": "LineString", "coordinates": [[77.7026341, 12.9542682], [77.7027036, 12.9540174], [77.7028228, 12.9540449]]}}, {"type": "Feature", "properties": {"name": "residential", "highway": "residential", "lanes": 2, "speed_limit_mps": 8.3}, "geometry": {"type": "LineString", "coordinates": [[77.7107854, 12.9549575], [77.710803, 12.9547447]]}}, {"type": "Feature", "properties": {"name": "Ashoka Lane", "highway": "residential", "lanes": 2, "speed_limit_mps": 8.3}, "geometry": {"type": "LineString", "coordinates": [[77.67337, 12.9280523], [77.6733292, 12.9278956]]}}, {"type": "Feature", "properties": {"name": "Ashoka Lane", "highway": "residential", "lanes": 2, "speed_limit_mps": 8.3}, "geometry": {"type": "LineString", "coordinates": [[77.6734455, 12.928293], [77.6734111, 12.9281772]]}}, {"type": "Feature", "properties": {"name": "residential", "highway": "residential", "lanes": 2, "speed_limit_mps": 8.3}, "geometry": {"type": "LineString", "coordinates": [[77.6654478, 12.9161942], [77.6655152, 12.9164519], [77.6659074, 12.9178556]]}}, {"type": "Feature", "properties": {"name": "residential", "highway": "residential", "lanes": 2, "speed_limit_mps": 8.3}, "geometry": {"type": "LineString", "coordinates": [[77.6697633, 12.918269], [77.6697125, 12.9180699], [77.6697076, 12.9180489], [77.6696723, 12.9180176], [77.6696301, 12.9179942], [77.66943, 12.9180527], [77.6693523, 12.9180424], [77.6693265, 12.9179974], [77.6692479, 12.9177744], [77.6692488, 12.9177432], [77.6692636, 12.9177153], [77.6694682, 12.9176396], [77.6694928, 12.9176128], [77.6694829, 12.9174958], [77.6694694, 12.9174342], [77.6694785, 12.9173987]]}}, {"type": "Feature", "properties": {"name": "residential", "highway": "residential", "lanes": 2, "speed_limit_mps": 8.3}, "geometry": {"type": "LineString", "coordinates": [[77.6666629, 12.9251332], [77.666417, 12.9251152], [77.6663976, 12.9251138], [77.6665949, 12.9248335], [77.6666946, 12.9248373], [77.6666852, 12.9249636]]}}, {"type": "Feature", "properties": {"name": "residential", "highway": "residential", "lanes": 2, "speed_limit_mps": 8.3}, "geometry": {"type": "LineString", "coordinates": [[77.6666852, 12.9249636], [77.6666629, 12.9251332]]}}, {"type": "Feature", "properties": {"name": "residential", "highway": "residential", "lanes": 2, "speed_limit_mps": 8.3}, "geometry": {"type": "LineString", "coordinates": [[77.6699216, 12.9208066], [77.6698382, 12.9205315]]}}, {"type": "Feature", "properties": {"name": "residential", "highway": "residential", "lanes": 2, "speed_limit_mps": 8.3}, "geometry": {"type": "LineString", "coordinates": [[77.674116, 12.9267329], [77.6740839, 12.9264543]]}}, {"type": "Feature", "properties": {"name": "residential", "highway": "residential", "lanes": 2, "speed_limit_mps": 8.3}, "geometry": {"type": "LineString", "coordinates": [[77.6684589, 12.9239823], [77.6684302, 12.9234338]]}}, {"type": "Feature", "properties": {"name": "Munekolala Underpass", "highway": "tertiary", "lanes": 2, "speed_limit_mps": 11.1}, "geometry": {"type": "LineString", "coordinates": [[77.7043462, 12.9568324], [77.7043291, 12.9566174]]}}, {"type": "Feature", "properties": {"name": "tertiary", "highway": "tertiary", "lanes": 2, "speed_limit_mps": 11.1}, "geometry": {"type": "LineString", "coordinates": [[77.7043237, 12.9565496], [77.7035067, 12.9566041], [77.7034435, 12.9566096]]}}, {"type": "Feature", "properties": {"name": "tertiary", "highway": "tertiary", "lanes": 2, "speed_limit_mps": 11.1}, "geometry": {"type": "LineString", "coordinates": [[77.7034435, 12.9566096], [77.7033409, 12.9566186]]}}, {"type": "Feature", "properties": {"name": "residential", "highway": "residential", "lanes": 2, "speed_limit_mps": 8.3}, "geometry": {"type": "LineString", "coordinates": [[77.6992539, 12.9379719], [77.6992428, 12.9379071], [77.6991371, 12.9373035]]}}, {"type": "Feature", "properties": {"name": "tertiary", "highway": "tertiary", "lanes": 2, "speed_limit_mps": 11.1}, "geometry": {"type": "LineString", "coordinates": [[77.7029803, 12.9568485], [77.7030966, 12.9568902], [77.7031862, 12.9569184]]}}, {"type": "Feature", "properties": {"name": "Service Road", "highway": "tertiary", "lanes": 2, "speed_limit_mps": 11.1}, "geometry": {"type": "LineString", "coordinates": [[77.6718437, 12.923947], [77.6723186, 12.9241671], [77.6725215, 12.924258], [77.6725735, 12.9242813], [77.6733563, 12.924632], [77.6735691, 12.9247313]]}}, {"type": "Feature", "properties": {"name": "Service Road", "highway": "tertiary", "lanes": 2, "speed_limit_mps": 11.1}, "geometry": {"type": "LineString", "coordinates": [[77.6735691, 12.9247313], [77.6737762, 12.9248083], [77.6739221, 12.9248771], [77.6739601, 12.924895], [77.67407, 12.9249361]]}}, {"type": "Feature", "properties": {"name": "Service Road", "highway": "tertiary", "lanes": 2, "speed_limit_mps": 11.1}, "geometry": {"type": "LineString", "coordinates": [[77.67407, 12.9249361], [77.6741048, 12.9249513], [77.6741253, 12.9249602], [77.674197, 12.9250023], [77.6742914, 12.9250576], [77.6743581, 12.9250912], [77.6749232, 12.9253754], [77.6749374, 12.9253825], [77.6749982, 12.9254131], [77.6750417, 12.9254339]]}}, {"type": "Feature", "properties": {"name": "Service Road", "highway": "tertiary", "lanes": 2, "speed_limit_mps": 11.1}, "geometry": {"type": "LineString", "coordinates": [[77.6750417, 12.9254339], [77.6751163, 12.9254724], [77.6751589, 12.9254938], [77.675494, 12.9256623], [77.6756131, 12.9257222], [77.6756473, 12.9257394], [77.6762307, 12.926016]]}}, {"type": "Feature", "properties": {"name": "Service Road", "highway": "tertiary", "lanes": 2, "speed_limit_mps": 11.1}, "geometry": {"type": "LineString", "coordinates": [[77.6762307, 12.926016], [77.6766913, 12.9262559], [77.6770867, 12.9264522], [77.6772285, 12.9265226], [77.6772395, 12.9265281], [77.6778292, 12.926801]]}}, {"type": "Feature", "properties": {"name": "Service Road", "highway": "tertiary", "lanes": 2, "speed_limit_mps": 11.1}, "geometry": {"type": "LineString", "coordinates": [[77.6778292, 12.926801], [77.6782316, 12.9269852], [77.6786799, 12.927183], [77.6788566, 12.9272748], [77.679162, 12.9274286], [77.6794085, 12.927551]]}}, {"type": "Feature", "properties": {"name": "Service Road", "highway": "tertiary", "lanes": 2, "speed_limit_mps": 11.1}, "geometry": {"type": "LineString", "coordinates": [[77.6794085, 12.927551], [77.6796389, 12.9276646]]}}, {"type": "Feature", "properties": {"name": "Service Road", "highway": "tertiary", "lanes": 2, "speed_limit_mps": 11.1}, "geometry": {"type": "LineString", "coordinates": [[77.6796389, 12.9276646], [77.6798286, 12.9277585], [77.6801668, 12.9279114], [77.6805607, 12.9280911], [77.6807613, 12.9281876]]}}, {"type": "Feature", "properties": {"name": "Service Road", "highway": "tertiary", "lanes": 2, "speed_limit_mps": 11.1}, "geometry": {"type": "LineString", "coordinates": [[77.6807613, 12.9281876], [77.6807965, 12.9282045], [77.6810748, 12.9283385], [77.6811802, 12.9283907], [77.6813696, 12.928484]]}}, {"type": "Feature", "properties": {"name": "Service Road", "highway": "tertiary", "lanes": 2, "speed_limit_mps": 11.1}, "geometry": {"type": "LineString", "coordinates": [[77.6813696, 12.928484], [77.6814204, 12.928509]]}}, {"type": "Feature", "properties": {"name": "Service Road", "highway": "tertiary", "lanes": 2, "speed_limit_mps": 11.1}, "geometry": {"type": "LineString", "coordinates": [[77.6814204, 12.928509], [77.6817525, 12.9286646], [77.6818626, 12.9287175], [77.6820163, 12.9287915], [77.6830124, 12.9292707], [77.6831321, 12.9293346], [77.6833942, 12.9294558], [77.6836211, 12.9295669], [77.6836557, 12.9295833], [77.6841514, 12.9298006], [77.6842918, 12.9298628]]}}, {"type": "Feature", "properties": {"name": "residential", "highway": "residential", "lanes": 2, "speed_limit_mps": 8.3}, "geometry": {"type": "LineString", "coordinates": [[77.6980358, 12.9516332], [77.697979, 12.9516458]]}}, {"type": "Feature", "properties": {"name": "residential", "highway": "residential", "lanes": 2, "speed_limit_mps": 8.3}, "geometry": {"type": "LineString", "coordinates": [[77.6779022, 12.9258544], [77.6779256, 12.9260485]]}}, {"type": "Feature", "properties": {"name": "residential", "highway": "residential", "lanes": 2, "speed_limit_mps": 8.3}, "geometry": {"type": "LineString", "coordinates": [[77.6707149, 12.9228132], [77.6706482, 12.9228953], [77.6706174, 12.9229748], [77.6706007, 12.9230096]]}}, {"type": "Feature", "properties": {"name": "residential", "highway": "residential", "lanes": 2, "speed_limit_mps": 8.3}, "geometry": {"type": "LineString", "coordinates": [[77.6774519, 12.9276477], [77.6778724, 12.927615]]}}, {"type": "Feature", "properties": {"name": "tertiary", "highway": "tertiary", "lanes": 2, "speed_limit_mps": 11.1}, "geometry": {"type": "LineString", "coordinates": [[77.6753907, 12.9252279], [77.6750575, 12.9250275], [77.6748326, 12.9248974], [77.6744371, 12.9247064], [77.6743175, 12.9246416]]}}, {"type": "Feature", "properties": {"name": "tertiary", "highway": "tertiary", "lanes": 2, "speed_limit_mps": 11.1}, "geometry": {"type": "LineString", "coordinates": [[77.6743175, 12.9246416], [77.6740585, 12.9245316], [77.6740039, 12.9245081]]}}, {"type": "Feature", "properties": {"name": "Bellandur Gate Road & Service Road", "highway": "tertiary", "lanes": 2, "speed_limit_mps": 11.1}, "geometry": {"type": "LineString", "coordinates": [[77.6725992, 12.9239252], [77.6724745, 12.9238739], [77.6723413, 12.9238228]]}}, {"type": "Feature", "properties": {"name": "Varthur Road", "highway": "primary", "lanes": 4, "speed_limit_mps": 16.7}, "geometry": {"type": "LineString", "coordinates": [[77.7032797, 12.9568285], [77.7042947, 12.9567776]]}}, {"type": "Feature", "properties": {"name": "Varthur Road", "highway": "primary", "lanes": 4, "speed_limit_mps": 16.7}, "geometry": {"type": "LineString", "coordinates": [[77.7042947, 12.9567776], [77.7044791, 12.9567681], [77.7049972, 12.9567301]]}}, {"type": "Feature", "properties": {"name": "Varthur Road", "highway": "primary", "lanes": 4, "speed_limit_mps": 16.7}, "geometry": {"type": "LineString", "coordinates": [[77.7042875, 12.9566791], [77.7035144, 12.9567119], [77.7034595, 12.9567119]]}}, {"type": "Feature", "properties": {"name": "Varthur Road", "highway": "primary", "lanes": 4, "speed_limit_mps": 16.7}, "geometry": {"type": "LineString", "coordinates": [[77.7049895, 12.9566224], [77.7045038, 12.9566621], [77.7042875, 12.9566791]]}}, {"type": "Feature", "properties": {"name": "Varthur Road", "highway": "primary", "lanes": 4, "speed_limit_mps": 16.7}, "geometry": {"type": "LineString", "coordinates": [[77.7089031, 12.9564388], [77.7092013, 12.9563725]]}}, {"type": "Feature", "properties": {"name": "Varthur Road", "highway": "primary", "lanes": 4, "speed_limit_mps": 16.7}, "geometry": {"type": "LineString", "coordinates": [[77.7092013, 12.9563725], [77.7095408, 12.9563106]]}}, {"type": "Feature", "properties": {"name": "Varthur Road", "highway": "primary", "lanes": 4, "speed_limit_mps": 16.7}, "geometry": {"type": "LineString", "coordinates": [[77.7095408, 12.9563106], [77.709803, 12.9562886], [77.7099193, 12.956278], [77.7101344, 12.9562583], [77.7102922, 12.9562465]]}}, {"type": "Feature", "properties": {"name": "Panathur Main Road", "highway": "tertiary", "lanes": 2, "speed_limit_mps": 11.1}, "geometry": {"type": "LineString", "coordinates": [[77.6982309, 12.9382421], [77.698178, 12.9382348], [77.6978983, 12.9382863], [77.6978204, 12.9383071]]}}, {"type": "Feature", "properties": {"name": "Panathur Main Road", "highway": "tertiary", "lanes": 2, "speed_limit_mps": 11.1}, "geometry": {"type": "LineString", "coordinates": [[77.6978204, 12.9383071], [77.6977834, 12.9383169]]}}, {"type": "Feature", "properties": {"name": "Panathur Main Road", "highway": "tertiary", "lanes": 2, "speed_limit_mps": 11.1}, "geometry": {"type": "LineString", "coordinates": [[77.6977834, 12.9383169], [77.6977465, 12.9383279], [77.6974156, 12.9384874], [77.6974016, 12.9385298]]}}, {"type": "Feature", "properties": {"name": "Gear School road", "highway": "secondary", "lanes": 3, "speed_limit_mps": 13.9}, "geometry": {"type": "LineString", "coordinates": [[77.6978301, 12.938358], [77.6978204, 12.9383071]]}}, {"type": "Feature", "properties": {"name": "Gear School road", "highway": "secondary", "lanes": 3, "speed_limit_mps": 13.9}, "geometry": {"type": "LineString", "coordinates": [[77.6978204, 12.9383071], [77.6977494, 12.9379077], [77.6977217, 12.9378668]]}}, {"type": "Feature", "properties": {"name": "residential", "highway": "residential", "lanes": 2, "speed_limit_mps": 8.3}, "geometry": {"type": "LineString", "coordinates": [[77.68613, 12.9364731], [77.6865694, 12.9364765], [77.6865781, 12.936491], [77.6865818, 12.9366837], [77.6865821, 12.9367161], [77.6866058, 12.9367364], [77.6869767, 12.9367537]]}}, {"type": "Feature", "properties": {"name": "residential", "highway": "residential", "lanes": 2, "speed_limit_mps": 8.3}, "geometry": {"type": "LineString", "coordinates": [[77.6860083, 12.9267969], [77.6859696, 12.9264101], [77.6859663, 12.9263118]]}}, {"type": "Feature", "properties": {"name": "residential", "highway": "residential", "lanes": 2, "speed_limit_mps": 8.3}, "geometry": {"type": "LineString", "coordinates": [[77.6876588, 12.9368441], [77.6876717, 12.9363279], [77.6877076, 12.9362906], [77.6877752, 12.9362816], [77.6881607, 12.9363051]]}}, {"type": "Feature", "properties": {"name": "residential", "highway": "residential", "lanes": 2, "speed_limit_mps": 8.3}, "geometry": {"type": "LineString", "coordinates": [[77.6866382, 12.9273481], [77.686488, 12.926254], [77.686252, 12.9262906], [77.6863016, 12.9268605], [77.68637, 12.927386], [77.6865208, 12.9273647]]}}, {"type": "Feature", "properties": {"name": "residential", "highway": "residential", "lanes": 2, "speed_limit_mps": 8.3}, "geometry": {"type": "LineString", "coordinates": [[77.6865208, 12.9273647], [77.6866382, 12.9273481]]}}, {"type": "Feature", "properties": {"name": "residential", "highway": "residential", "lanes": 2, "speed_limit_mps": 8.3}, "geometry": {"type": "LineString", "coordinates": [[77.6867865, 12.9268678], [77.6867914, 12.926917], [77.6868015, 12.9272197], [77.6869017, 12.9282238]]}}, {"type": "Feature", "properties": {"name": "residential", "highway": "residential", "lanes": 2, "speed_limit_mps": 8.3}, "geometry": {"type": "LineString", "coordinates": [[77.6875166, 12.9280984], [77.6874852, 12.9278176]]}}, {"type": "Feature", "properties": {"name": "residential", "highway": "residential", "lanes": 2, "speed_limit_mps": 8.3}, "geometry": {"type": "LineString", "coordinates": [[77.6874181, 12.9281209], [77.6875424, 12.9287127]]}}, {"type": "Feature", "properties": {"name": "residential", "highway": "residential", "lanes": 2, "speed_limit_mps": 8.3}, "geometry": {"type": "LineString", "coordinates": [[77.6878788, 12.928031], [77.6880576, 12.9287122]]}}, {"type": "Feature", "properties": {"name": "residential", "highway": "residential", "lanes": 2, "speed_limit_mps": 8.3}, "geometry": {"type": "LineString", "coordinates": [[77.6627581, 12.9223596], [77.6627702, 12.9226543]]}}, {"type": "Feature", "properties": {"name": "residential", "highway": "residential", "lanes": 2, "speed_limit_mps": 8.3}, "geometry": {"type": "LineString", "coordinates": [[77.6666852, 12.9249636], [77.6669501, 12.9249831], [77.6669926, 12.9249859]]}}, {"type": "Feature", "properties": {"name": "residential", "highway": "residential", "lanes": 2, "speed_limit_mps": 8.3}, "geometry": {"type": "LineString", "coordinates": [[77.674705, 12.9240893], [77.6749403, 12.9241616]]}}, {"type": "Feature", "properties": {"name": "residential", "highway": "residential", "lanes": 2, "speed_limit_mps": 8.3}, "geometry": {"type": "LineString", "coordinates": [[77.6757676, 12.9237846], [77.6761213, 12.9237307], [77.6765468, 12.923666]]}}, {"type": "Feature", "properties": {"name": "residential", "highway": "residential", "lanes": 2, "speed_limit_mps": 8.3}, "geometry": {"type": "LineString", "coordinates": [[77.6778456, 12.9218992], [77.6780252, 12.9223751]]}}, {"type": "Feature", "properties": {"name": "residential", "highway": "residential", "lanes": 2, "speed_limit_mps": 8.3}, "geometry": {"type": "LineString", "coordinates": [[77.6761031, 12.9219451], [77.6763908, 12.9219346]]}}, {"type": "Feature", "properties": {"name": "residential", "highway": "residential", "lanes": 2, "speed_limit_mps": 8.3}, "geometry": {"type": "LineString", "coordinates": [[77.6760259, 12.9213844], [77.6764898, 12.9213371]]}}, {"type": "Feature", "properties": {"name": "residential", "highway": "residential", "lanes": 2, "speed_limit_mps": 8.3}, "geometry": {"type": "LineString", "coordinates": [[77.6769269, 12.9215832], [77.6768966, 12.9211926]]}}, {"type": "Feature", "properties": {"name": "residential", "highway": "residential", "lanes": 2, "speed_limit_mps": 8.3}, "geometry": {"type": "LineString", "coordinates": [[77.6759481, 12.9208387], [77.6761023, 12.9208432], [77.6762054, 12.9208543], [77.6762505, 12.9209532], [77.6763023, 12.9209733], [77.6763669, 12.9209517], [77.676659, 12.9207634]]}}, {"type": "Feature", "properties": {"name": "residential", "highway": "residential", "lanes": 2, "speed_limit_mps": 8.3}, "geometry": {"type": "LineString", "coordinates": [[77.6757042, 12.9248699], [77.6759351, 12.9248533]]}}, {"type": "Feature", "properties": {"name": "residential", "highway": "residential", "lanes": 2, "speed_limit_mps": 8.3}, "geometry": {"type": "LineString", "coordinates": [[77.6777933, 12.925869], [77.677735, 12.9255964], [77.677725, 12.9255424], [77.6777294, 12.9255117], [77.6777787, 12.9254934], [77.67797, 12.9254623]]}}, {"type": "Feature", "properties": {"name": "residential", "highway": "residential", "lanes": 2, "speed_limit_mps": 8.3}, "geometry": {"type": "LineString", "coordinates": [[77.675494, 12.9274839], [77.675274, 12.9275058]]}}, {"type": "Feature", "properties": {"name": "RMZ Ecospace Road", "highway": "unclassified", "lanes": 2, "speed_limit_mps": 8.3}, "geometry": {"type": "LineString", "coordinates": [[77.680665, 12.927639], [77.6806539, 12.927651], [77.6806286, 12.9277139]]}}, {"type": "Feature", "properties": {"name": "RMZ Ecospace Road", "highway": "unclassified", "lanes": 2, "speed_limit_mps": 8.3}, "geometry": {"type": "LineString", "coordinates": [[77.6810287, 12.927894], [77.6810551, 12.9278377], [77.6810632, 12.9278189]]}}, {"type": "Feature", "properties": {"name": "residential", "highway": "residential", "lanes": 2, "speed_limit_mps": 8.3}, "geometry": {"type": "LineString", "coordinates": [[77.7098078, 12.9548215], [77.70939, 12.9547305]]}}, {"type": "Feature", "properties": {"name": "residential", "highway": "residential", "lanes": 2, "speed_limit_mps": 8.3}, "geometry": {"type": "LineString", "coordinates": [[77.7104034, 12.9577376], [77.7101423, 12.9576424]]}}, {"type": "Feature", "properties": {"name": "residential", "highway": "residential", "lanes": 2, "speed_limit_mps": 8.3}, "geometry": {"type": "LineString", "coordinates": [[77.7101423, 12.9576424], [77.710087, 12.9576223]]}}, {"type": "Feature", "properties": {"name": "residential", "highway": "residential", "lanes": 2, "speed_limit_mps": 8.3}, "geometry": {"type": "LineString", "coordinates": [[77.6697953, 12.9183563], [77.6697633, 12.918269]]}}, {"type": "Feature", "properties": {"name": "residential", "highway": "residential", "lanes": 2, "speed_limit_mps": 8.3}, "geometry": {"type": "LineString", "coordinates": [[77.6698087, 12.9182575], [77.6698379, 12.9183448]]}}, {"type": "Feature", "properties": {"name": "residential", "highway": "residential", "lanes": 2, "speed_limit_mps": 8.3}, "geometry": {"type": "LineString", "coordinates": [[77.6974404, 12.9486694], [77.6966954, 12.9489259], [77.6963559, 12.9491001], [77.6962986, 12.9491096]]}}, {"type": "Feature", "properties": {"name": "residential", "highway": "residential", "lanes": 2, "speed_limit_mps": 8.3}, "geometry": {"type": "LineString", "coordinates": [[77.7007342, 12.9502167], [77.7006749, 12.9499689]]}}, {"type": "Feature", "properties": {"name": "1st Main Road", "highway": "residential", "lanes": 2, "speed_limit_mps": 8.3}, "geometry": {"type": "LineString", "coordinates": [[77.6969846, 12.9401446], [77.696998, 12.9403131]]}}, {"type": "Feature", "properties": {"name": "1st Main Road", "highway": "residential", "lanes": 2, "speed_limit_mps": 8.3}, "geometry": {"type": "LineString", "coordinates": [[77.696998, 12.9403131], [77.6969794, 12.940381], [77.6969627, 12.940509], [77.6969728, 12.9406907], [77.6969742, 12.9407175]]}}, {"type": "Feature", "properties": {"name": "1st Main Road", "highway": "residential", "lanes": 2, "speed_limit_mps": 8.3}, "geometry": {"type": "LineString", "coordinates": [[77.6969742, 12.9407175], [77.6969962, 12.940894]]}}, {"type": "Feature", "properties": {"name": "Munireddy Layout", "highway": "residential", "lanes": 2, "speed_limit_mps": 8.3}, "geometry": {"type": "LineString", "coordinates": [[77.698572, 12.939318], [77.6985126, 12.9393297], [77.6985556, 12.9395405]]}}, {"type": "Feature", "properties": {"name": "Munireddy Layout", "highway": "residential", "lanes": 2, "speed_limit_mps": 8.3}, "geometry": {"type": "LineString", "coordinates": [[77.6985556, 12.9395405], [77.6981044, 12.9396248]]}}, {"type": "Feature", "properties": {"name": "residential", "highway": "residential", "lanes": 2, "speed_limit_mps": 8.3}, "geometry": {"type": "LineString", "coordinates": [[77.6759363, 12.9207524], [77.6755888, 12.9207598]]}}, {"type": "Feature", "properties": {"name": "residential", "highway": "residential", "lanes": 2, "speed_limit_mps": 8.3}, "geometry": {"type": "LineString", "coordinates": [[77.6759915, 12.9211975], [77.6756123, 12.9212258]]}}, {"type": "Feature", "properties": {"name": "residential", "highway": "residential", "lanes": 2, "speed_limit_mps": 8.3}, "geometry": {"type": "LineString", "coordinates": [[77.710087, 12.9576223], [77.7100271, 12.9577523], [77.7099842, 12.9577706]]}}, {"type": "Feature", "properties": {"name": "residential", "highway": "residential", "lanes": 2, "speed_limit_mps": 8.3}, "geometry": {"type": "LineString", "coordinates": [[77.7099399, 12.9590197], [77.7097719, 12.9593986], [77.7097655, 12.959412]]}}, {"type": "Feature", "properties": {"name": "trunk_link", "highway": "trunk_link", "lanes": 3, "speed_limit_mps": 13.9}, "geometry": {"type": "LineString", "coordinates": [[77.6741134, 12.9248645], [77.67407, 12.9249361]]}}, {"type": "Feature", "properties": {"name": "residential", "highway": "residential", "lanes": 2, "speed_limit_mps": 8.3}, "geometry": {"type": "LineString", "coordinates": [[77.6740924, 12.9279866], [77.67337, 12.9280523]]}}, {"type": "Feature", "properties": {"name": "residential", "highway": "residential", "lanes": 2, "speed_limit_mps": 8.3}, "geometry": {"type": "LineString", "coordinates": [[77.6793424, 12.9284229], [77.6794449, 12.9277906], [77.6794603, 12.9277759], [77.679471, 12.927774], [77.6795701, 12.9277787]]}}, {"type": "Feature", "properties": {"name": "residential", "highway": "residential", "lanes": 2, "speed_limit_mps": 8.3}, "geometry": {"type": "LineString", "coordinates": [[77.6707149, 12.9228132], [77.6708275, 12.9229557], [77.6708664, 12.9229848], [77.6709044, 12.9229901], [77.6712343, 12.9229123], [77.6714053, 12.9228962], [77.6714388, 12.9229267], [77.6714621, 12.9229589], [77.6715029, 12.9229626], [77.6718671, 12.9229092], [77.6718596, 12.9228307], [77.6718834, 12.9227875], [77.6719547, 12.9227687], [77.6720946, 12.9227481], [77.6721183, 12.9227276], [77.6721241, 12.9227012], [77.6720946, 12.922529], [77.6720238, 12.9224548]]}}, {"type": "Feature", "properties": {"name": "residential", "highway": "residential", "lanes": 2, "speed_limit_mps": 8.3}, "geometry": {"type": "LineString", "coordinates": [[77.6741343, 12.9300858], [77.6741882, 12.9296207], [77.6741967, 12.9295463]]}}, {"type": "Feature", "properties": {"name": "Outer Ring Road", "highway": "trunk", "lanes": 6, "speed_limit_mps": 22.2}, "geometry": {"type": "LineString", "coordinates": [[77.6680325, 12.9219032], [77.6678812, 12.9218265]]}}, {"type": "Feature", "properties": {"name": "Outer Ring Road", "highway": "trunk", "lanes": 6, "speed_limit_mps": 22.2}, "geometry": {"type": "LineString", "coordinates": [[77.6977263, 12.943783], [77.6975061, 12.9432083], [77.6974505, 12.94307], [77.6973929, 12.9429462], [77.6973299, 12.9428175], [77.6968518, 12.9420164], [77.6967801, 12.9418963], [77.6966095, 12.9416167], [77.6964809, 12.9413486]]}}, {"type": "Feature", "properties": {"name": "Outer Ring Road", "highway": "trunk", "lanes": 6, "speed_limit_mps": 22.2}, "geometry": {"type": "LineString", "coordinates": [[77.696342, 12.9413926], [77.6967186, 12.9420199], [77.6967598, 12.9420906], [77.6971235, 12.9427148], [77.6972426, 12.9429227], [77.6973575, 12.9431597], [77.6974798, 12.9434401], [77.6976307, 12.9438616], [77.6979027, 12.9446434]]}}, {"type": "Feature", "properties": {"name": "Outer Ring Road", "highway": "trunk", "lanes": 6, "speed_limit_mps": 22.2}, "geometry": {"type": "LineString", "coordinates": [[77.6979027, 12.9446434], [77.6979945, 12.944896], [77.6982555, 12.9456419], [77.6983099, 12.9457975]]}}, {"type": "Feature", "properties": {"name": "Outer Ring Road", "highway": "trunk", "lanes": 6, "speed_limit_mps": 22.2}, "geometry": {"type": "LineString", "coordinates": [[77.6983099, 12.9457975], [77.6983397, 12.9458825], [77.6984464, 12.9461947]]}}, {"type": "Feature", "properties": {"name": "Outer Ring Road", "highway": "trunk", "lanes": 6, "speed_limit_mps": 22.2}, "geometry": {"type": "LineString", "coordinates": [[77.6984248, 12.9458008], [77.698388, 12.9456991], [77.698351, 12.945597], [77.6977455, 12.9438331], [77.6977263, 12.943783]]}}, {"type": "Feature", "properties": {"name": "Outer Ring Road", "highway": "trunk", "lanes": 6, "speed_limit_mps": 22.2}, "geometry": {"type": "LineString", "coordinates": [[77.6985278, 12.9460851], [77.6984248, 12.9458008]]}}, {"type": "Feature", "properties": {"name": "tertiary", "highway": "tertiary", "lanes": 2, "speed_limit_mps": 11.1}, "geometry": {"type": "LineString", "coordinates": [[77.6904581, 12.9349227], [77.6904186, 12.9349794], [77.6903776, 12.9350372]]}}, {"type": "Feature", "properties": {"name": "Service Road", "highway": "tertiary", "lanes": 2, "speed_limit_mps": 11.1}, "geometry": {"type": "LineString", "coordinates": [[77.6872096, 12.9321266], [77.6875719, 12.9324406], [77.6877433, 12.9325686], [77.6878307, 12.9326486], [77.6879274, 12.9327372], [77.6880379, 12.9328384], [77.6890881, 12.9338006], [77.6893485, 12.9340431]]}}, {"type": "Feature", "properties": {"name": "Service Road", "highway": "tertiary", "lanes": 2, "speed_limit_mps": 11.1}, "geometry": {"type": "LineString", "coordinates": [[77.6893485, 12.9340431], [77.689734, 12.9343997], [77.6899196, 12.9345719], [77.6900462, 12.9346893], [77.6903776, 12.9350372]]}}, {"type": "Feature", "properties": {"name": "6th Main Road", "highway": "tertiary", "lanes": 2, "speed_limit_mps": 11.1}, "geometry": {"type": "LineString", "coordinates": [[77.6654083, 12.9258425], [77.6654055, 12.9255598], [77.6654023, 12.9252305]]}}, {"type": "Feature", "properties": {"name": "6th Main Road", "highway": "tertiary", "lanes": 2, "speed_limit_mps": 11.1}, "geometry": {"type": "LineString", "coordinates": [[77.6654023, 12.9252305], [77.6653992, 12.9251286]]}}, {"type": "Feature", "properties": {"name": "6th Main Road", "highway": "tertiary", "lanes": 2, "speed_limit_mps": 11.1}, "geometry": {"type": "LineString", "coordinates": [[77.6653992, 12.9251286], [77.6653915, 12.9247877], [77.6653754, 12.9243278], [77.6653727, 12.924225], [77.6653637, 12.9238776]]}}, {"type": "Feature", "properties": {"name": "6th Main Road", "highway": "tertiary", "lanes": 2, "speed_limit_mps": 11.1}, "geometry": {"type": "LineString", "coordinates": [[77.6653637, 12.9238776], [77.6653647, 12.9237519]]}}, {"type": "Feature", "properties": {"name": "6th Main Road", "highway": "tertiary", "lanes": 2, "speed_limit_mps": 11.1}, "geometry": {"type": "LineString", "coordinates": [[77.6653647, 12.9237519], [77.6653639, 12.9236764]]}}, {"type": "Feature", "properties": {"name": "Ashoka Lane", "highway": "residential", "lanes": 2, "speed_limit_mps": 8.3}, "geometry": {"type": "LineString", "coordinates": [[77.6734111, 12.9281772], [77.67337, 12.9280523]]}}, {"type": "Feature", "properties": {"name": "Palm Avenue", "highway": "tertiary", "lanes": 2, "speed_limit_mps": 11.1}, "geometry": {"type": "LineString", "coordinates": [[77.6695417, 12.9230009], [77.6695997, 12.9229702], [77.6696546, 12.9229427]]}}, {"type": "Feature", "properties": {"name": "Palm Avenue", "highway": "tertiary", "lanes": 2, "speed_limit_mps": 11.1}, "geometry": {"type": "LineString", "coordinates": [[77.6695001, 12.9228682], [77.669521, 12.9229311], [77.6695417, 12.9230009]]}}, {"type": "Feature", "properties": {"name": "residential", "highway": "residential", "lanes": 2, "speed_limit_mps": 8.3}, "geometry": {"type": "LineString", "coordinates": [[77.6688042, 12.9269834], [77.6688015, 12.9267664], [77.6687948, 12.9267402], [77.6687747, 12.9267089], [77.6687163, 12.9266812]]}}, {"type": "Feature", "properties": {"name": "residential", "highway": "residential", "lanes": 2, "speed_limit_mps": 8.3}, "geometry": {"type": "LineString", "coordinates": [[77.6687425, 12.9267455], [77.6687627, 12.9267703], [77.668764, 12.9267965], [77.6687667, 12.9270095], [77.6687492, 12.92705], [77.6687078, 12.9270932]]}}, {"type": "Feature", "properties": {"name": "Palm Avenue", "highway": "tertiary", "lanes": 2, "speed_limit_mps": 11.1}, "geometry": {"type": "LineString", "coordinates": [[77.6697577, 12.9262056], [77.6697364, 12.9272535]]}}, {"type": "Feature", "properties": {"name": "Palm Avenue", "highway": "tertiary", "lanes": 2, "speed_limit_mps": 11.1}, "geometry": {"type": "LineString", "coordinates": [[77.669684, 12.9251794], [77.6697269, 12.925271], [77.6697477, 12.9253279], [77.6697605, 12.9253847], [77.6697638, 12.9254801], [77.6697595, 12.9259919], [77.6697577, 12.9262056]]}}, {"type": "Feature", "properties": {"name": "Kariammana Agrahara Road", "highway": "tertiary", "lanes": 2, "speed_limit_mps": 11.1}, "geometry": {"type": "LineString", "coordinates": [[77.6789535, 12.92981], [77.6790067, 12.9297848], [77.6794873, 12.929887]]}}, {"type": "Feature", "properties": {"name": "Kariammana Agrahara Road", "highway": "tertiary", "lanes": 2, "speed_limit_mps": 11.1}, "geometry": {"type": "LineString", "coordinates": [[77.6794873, 12.929887], [77.6795923, 12.9299084], [77.6805495, 12.9300983]]}}, {"type": "Feature", "properties": {"name": "Kariammana Agrahara Road", "highway": "tertiary", "lanes": 2, "speed_limit_mps": 11.1}, "geometry": {"type": "LineString", "coordinates": [[77.6805495, 12.9300983], [77.6806129, 12.9301109], [77.6807212, 12.9301324], [77.6808424, 12.9301565]]}}, {"type": "Feature", "properties": {"name": "Kariammana Agrahara Road", "highway": "tertiary", "lanes": 2, "speed_limit_mps": 11.1}, "geometry": {"type": "LineString", "coordinates": [[77.6808424, 12.9301565], [77.6808849, 12.9301649]]}}, {"type": "Feature", "properties": {"name": "Kariammana Agrahara Road", "highway": "tertiary", "lanes": 2, "speed_limit_mps": 11.1}, "geometry": {"type": "LineString", "coordinates": [[77.6785911, 12.9304076], [77.6786908, 12.9304041], [77.678711, 12.9303872], [77.6787584, 12.9303476], [77.678779, 12.9302908], [77.6789535, 12.92981]]}}, {"type": "Feature", "properties": {"name": "trunk_link", "highway": "trunk_link", "lanes": 3, "speed_limit_mps": 13.9}, "geometry": {"type": "LineString", "coordinates": [[77.6810774, 12.9279264], [77.6809606, 12.9279053], [77.6807418, 12.9278254], [77.6805853, 12.9278118]]}}, {"type": "Feature", "properties": {"name": "trunk_link", "highway": "trunk_link", "lanes": 3, "speed_limit_mps": 13.9}, "geometry": {"type": "LineString", "coordinates": [[77.6816974, 12.9283494], [77.6815774, 12.9281641]]}}, {"type": "Feature", "properties": {"name": "Outer Ring Road", "highway": "trunk", "lanes": 6, "speed_limit_mps": 22.2}, "geometry": {"type": "LineString", "coordinates": [[77.6786437, 12.9270879], [77.6795192, 12.927507]]}}, {"type": "Feature", "properties": {"name": "Outer Ring Road", "highway": "trunk", "lanes": 6, "speed_limit_mps": 22.2}, "geometry": {"type": "LineString", "coordinates": [[77.6796103, 12.927337], [77.6787585, 12.9269214]]}}, {"type": "Feature", "properties": {"name": "3rd A Cross Road", "highway": "residential", "lanes": 2, "speed_limit_mps": 8.3}, "geometry": {"type": "LineString", "coordinates": [[77.674149, 12.9270026], [77.6743432, 12.9269697]]}}, {"type": "Feature", "properties": {"name": "residential", "highway": "residential", "lanes": 2, "speed_limit_mps": 8.3}, "geometry": {"type": "LineString", "coordinates": [[77.6742634, 12.9264363], [77.6740839, 12.9264543]]}}, {"type": "Feature", "properties": {"name": "residential", "highway": "residential", "lanes": 2, "speed_limit_mps": 8.3}, "geometry": {"type": "LineString", "coordinates": [[77.6740839, 12.9264543], [77.6739654, 12.9264678]]}}, {"type": "Feature", "properties": {"name": "Munekolala Underpass", "highway": "tertiary", "lanes": 2, "speed_limit_mps": 11.1}, "geometry": {"type": "LineString", "coordinates": [[77.7043495, 12.9568739], [77.7043462, 12.9568324]]}}, {"type": "Feature", "properties": {"name": "Munekolala Underpass", "highway": "tertiary", "lanes": 2, "speed_limit_mps": 11.1}, "geometry": {"type": "LineString", "coordinates": [[77.7043291, 12.9566174], [77.7043237, 12.9565496]]}}, {"type": "Feature", "properties": {"name": "Munekolala Main Road", "highway": "tertiary", "lanes": 2, "speed_limit_mps": 11.1}, "geometry": {"type": "LineString", "coordinates": [[77.7048838, 12.9568398], [77.7048873, 12.9564855]]}}, {"type": "Feature", "properties": {"name": "Tulsi Theatre Road", "highway": "tertiary", "lanes": 2, "speed_limit_mps": 11.1}, "geometry": {"type": "LineString", "coordinates": [[77.6980216, 12.9543172], [77.6980938, 12.9546351]]}}, {"type": "Feature", "properties": {"name": "Tulsi Theatre Road", "highway": "tertiary", "lanes": 2, "speed_limit_mps": 11.1}, "geometry": {"type": "LineString", "coordinates": [[77.6980938, 12.9546351], [77.6981037, 12.954691]]}}, {"type": "Feature", "properties": {"name": "Tulsi Theatre Road", "highway": "tertiary", "lanes": 2, "speed_limit_mps": 11.1}, "geometry": {"type": "LineString", "coordinates": [[77.6981037, 12.954691], [77.6981094, 12.9547561], [77.6980976, 12.9548304], [77.6980459, 12.9549292]]}}, {"type": "Feature", "properties": {"name": "Tulsi Theatre Road", "highway": "tertiary", "lanes": 2, "speed_limit_mps": 11.1}, "geometry": {"type": "LineString", "coordinates": [[77.6980459, 12.9549292], [77.6979436, 12.9550671]]}}, {"type": "Feature", "properties": {"name": "Tulsi Theatre Road", "highway": "tertiary", "lanes": 2, "speed_limit_mps": 11.1}, "geometry": {"type": "LineString", "coordinates": [[77.6979436, 12.9550671], [77.6979256, 12.9551272], [77.6979235, 12.9552346]]}}, {"type": "Feature", "properties": {"name": "Tulsi Theatre Road", "highway": "tertiary", "lanes": 2, "speed_limit_mps": 11.1}, "geometry": {"type": "LineString", "coordinates": [[77.6979235, 12.9552346], [77.697938, 12.9554923]]}}, {"type": "Feature", "properties": {"name": "Tulsi Theatre Road", "highway": "tertiary", "lanes": 2, "speed_limit_mps": 11.1}, "geometry": {"type": "LineString", "coordinates": [[77.697938, 12.9554923], [77.6979443, 12.9557738]]}}, {"type": "Feature", "properties": {"name": "Tulsi Theatre Road", "highway": "tertiary", "lanes": 2, "speed_limit_mps": 11.1}, "geometry": {"type": "LineString", "coordinates": [[77.6979443, 12.9557738], [77.697965, 12.956108], [77.6979873, 12.9562688], [77.6980439, 12.9565221], [77.6980482, 12.9565579], [77.6980721, 12.956758], [77.6980721, 12.956775], [77.6980651, 12.9568582]]}}, {"type": "Feature", "properties": {"name": "6th Main Road", "highway": "residential", "lanes": 2, "speed_limit_mps": 8.3}, "geometry": {"type": "LineString", "coordinates": [[77.6980115, 12.9537568], [77.697924, 12.9537435], [77.6975957, 12.953828]]}}, {"type": "Feature", "properties": {"name": "trunk_link", "highway": "trunk_link", "lanes": 3, "speed_limit_mps": 13.9}, "geometry": {"type": "LineString", "coordinates": [[77.7003042, 12.9534482], [77.700366, 12.9533763]]}}, {"type": "Feature", "properties": {"name": "Sakra Hospital Road", "highway": "residential", "lanes": 2, "speed_limit_mps": 8.3}, "geometry": {"type": "LineString", "coordinates": [[77.6846841, 12.9317965], [77.6846947, 12.9326776]]}}, {"type": "Feature", "properties": {"name": "Sakra Hospital Road", "highway": "residential", "lanes": 2, "speed_limit_mps": 8.3}, "geometry": {"type": "LineString", "coordinates": [[77.6846947, 12.9326776], [77.684693, 12.9327737]]}}, {"type": "Feature", "properties": {"name": "residential", "highway": "residential", "lanes": 2, "speed_limit_mps": 8.3}, "geometry": {"type": "LineString", "coordinates": [[77.6853941, 12.9327212], [77.6856962, 12.9327046], [77.6857679, 12.9327185], [77.6858211, 12.9327476], [77.6858636, 12.9327856]]}}, {"type": "Feature", "properties": {"name": "Kariammana Agrahara Road", "highway": "tertiary", "lanes": 2, "speed_limit_mps": 11.1}, "geometry": {"type": "LineString", "coordinates": [[77.6841677, 12.9317796], [77.6843623, 12.9317884], [77.6846841, 12.9317965]]}}, {"type": "Feature", "properties": {"name": "residential", "highway": "residential", "lanes": 2, "speed_limit_mps": 8.3}, "geometry": {"type": "LineString", "coordinates": [[77.6992673, 12.9380274], [77.6992539, 12.9379719]]}}, {"type": "Feature", "properties": {"name": "residential", "highway": "residential", "lanes": 2, "speed_limit_mps": 8.3}, "geometry": {"type": "LineString", "coordinates": [[77.7081784, 12.9549009], [77.7082166, 12.9548513], [77.7083158, 12.954745]]}}, {"type": "Feature", "properties": {"name": "residential", "highway": "residential", "lanes": 2, "speed_limit_mps": 8.3}, "geometry": {"type": "LineString", "coordinates": [[77.6642895, 12.9238655], [77.6642633, 12.923866], [77.6642428, 12.9238787], [77.6641603, 12.9241123]]}}, {"type": "Feature", "properties": {"name": "residential", "highway": "residential", "lanes": 2, "speed_limit_mps": 8.3}, "geometry": {"type": "LineString", "coordinates": [[77.6641603, 12.9241123], [77.6640853, 12.9243393], [77.6640853, 12.9243559], [77.6640947, 12.9243674], [77.6642911, 12.9244349], [77.664343, 12.9244444]]}}, {"type": "Feature", "properties": {"name": "residential", "highway": "residential", "lanes": 2, "speed_limit_mps": 8.3}, "geometry": {"type": "LineString", "coordinates": [[77.664343, 12.9244444], [77.6643894, 12.9244033], [77.6644797, 12.924219]]}}, {"type": "Feature", "properties": {"name": "residential", "highway": "residential", "lanes": 2, "speed_limit_mps": 8.3}, "geometry": {"type": "LineString", "coordinates": [[77.6644797, 12.924219], [77.6645695, 12.9239893], [77.6645673, 12.9239728], [77.6645533, 12.9239637], [77.6642895, 12.9238655]]}}, {"type": "Feature", "properties": {"name": "residential", "highway": "residential", "lanes": 2, "speed_limit_mps": 8.3}, "geometry": {"type": "LineString", "coordinates": [[77.6641603, 12.9241123], [77.6644797, 12.924219]]}}, {"type": "Feature", "properties": {"name": "residential", "highway": "residential", "lanes": 2, "speed_limit_mps": 8.3}, "geometry": {"type": "LineString", "coordinates": [[77.6630553, 12.9230921], [77.663081, 12.9232823]]}}, {"type": "Feature", "properties": {"name": "residential", "highway": "residential", "lanes": 2, "speed_limit_mps": 8.3}, "geometry": {"type": "LineString", "coordinates": [[77.663081, 12.9232823], [77.6630847, 12.9233751]]}}, {"type": "Feature", "properties": {"name": "residential", "highway": "residential", "lanes": 2, "speed_limit_mps": 8.3}, "geometry": {"type": "LineString", "coordinates": [[77.6979197, 12.939024], [77.6976661, 12.9390817]]}}, {"type": "Feature", "properties": {"name": "residential", "highway": "residential", "lanes": 2, "speed_limit_mps": 8.3}, "geometry": {"type": "LineString", "coordinates": [[77.6986901, 12.9388428], [77.6982929, 12.9389439], [77.6980256, 12.9389805]]}}, {"type": "Feature", "properties": {"name": "residential", "highway": "residential", "lanes": 2, "speed_limit_mps": 8.3}, "geometry": {"type": "LineString", "coordinates": [[77.6964662, 12.9411067], [77.6965618, 12.9410573], [77.6967608, 12.9410044], [77.6968829, 12.9409377], [77.6969962, 12.940894]]}}, {"type": "Feature", "properties": {"name": "residential", "highway": "residential", "lanes": 2, "speed_limit_mps": 8.3}, "geometry": {"type": "LineString", "coordinates": [[77.6975674, 12.9401994], [77.6975697, 12.9403505]]}}, {"type": "Feature", "properties": {"name": "residential", "highway": "residential", "lanes": 2, "speed_limit_mps": 8.3}, "geometry": {"type": "LineString", "coordinates": [[77.6967075, 12.9537621], [77.6966672, 12.9536574]]}}, {"type": "Feature", "properties": {"name": "1st Cross Road", "highway": "residential", "lanes": 2, "speed_limit_mps": 8.3}, "geometry": {"type": "LineString", "coordinates": [[77.6979443, 12.9557738], [77.6982848, 12.9557482]]}}, {"type": "Feature", "properties": {"name": "residential", "highway": "residential", "lanes": 2, "speed_limit_mps": 8.3}, "geometry": {"type": "LineString", "coordinates": [[77.7097146, 12.9568622], [77.7096943, 12.9569137]]}}, {"type": "Feature", "properties": {"name": "residential", "highway": "residential", "lanes": 2, "speed_limit_mps": 8.3}, "geometry": {"type": "LineString", "coordinates": [[77.7096943, 12.9569137], [77.7093124, 12.9578827], [77.7092983, 12.9579184]]}}, {"type": "Feature", "properties": {"name": "residential", "highway": "residential", "lanes": 2, "speed_limit_mps": 8.3}, "geometry": {"type": "LineString", "coordinates": [[77.7092983, 12.9579184], [77.7090052, 12.9586698]]}}, {"type": "Feature", "properties": {"name": "residential", "highway": "residential", "lanes": 2, "speed_limit_mps": 8.3}, "geometry": {"type": "LineString", "coordinates": [[77.6653647, 12.9237519], [77.6654243, 12.9237535], [77.6654679, 12.9237556], [77.6659488, 12.9237675], [77.6659752, 12.9237717], [77.6659947, 12.9237805]]}}, {"type": "Feature", "properties": {"name": "residential", "highway": "residential", "lanes": 2, "speed_limit_mps": 8.3}, "geometry": {"type": "LineString", "coordinates": [[77.6911478, 12.9344319], [77.6911564, 12.9347371]]}}, {"type": "Feature", "properties": {"name": "trunk_link", "highway": "trunk_link", "lanes": 3, "speed_limit_mps": 13.9}, "geometry": {"type": "LineString", "coordinates": [[77.6927441, 12.9368624], [77.6928243, 12.9367795]]}}, {"type": "Feature", "properties": {"name": "trunk_link", "highway": "trunk_link", "lanes": 3, "speed_limit_mps": 13.9}, "geometry": {"type": "LineString", "coordinates": [[77.6919069, 12.9360892], [77.6918618, 12.935907]]}}, {"type": "Feature", "properties": {"name": "trunk_link", "highway": "trunk_link", "lanes": 3, "speed_limit_mps": 13.9}, "geometry": {"type": "LineString", "coordinates": [[77.6894086, 12.9339593], [77.6893485, 12.9340431]]}}, {"type": "Feature", "properties": {"name": "residential", "highway": "residential", "lanes": 2, "speed_limit_mps": 8.3}, "geometry": {"type": "LineString", "coordinates": [[77.7007566, 12.9466302], [77.7004646, 12.9468894], [77.700412, 12.946928]]}}, {"type": "Feature", "properties": {"name": "residential", "highway": "residential", "lanes": 2, "speed_limit_mps": 8.3}, "geometry": {"type": "LineString", "coordinates": [[77.700412, 12.946928], [77.7002765, 12.9470274], [77.7001833, 12.9471062], [77.7001261, 12.9471826], [77.7001196, 12.9472091], [77.7001243, 12.9472746], [77.7001479, 12.9473655], [77.7001585, 12.9474402], [77.7001408, 12.9474805]]}}, {"type": "Feature", "properties": {"name": "residential", "highway": "residential", "lanes": 2, "speed_limit_mps": 8.3}, "geometry": {"type": "LineString", "coordinates": [[77.7001408, 12.9474805], [77.7000854, 12.9475276], [77.6999886, 12.9475644], [77.6996654, 12.9476265], [77.6995321, 12.9476242], [77.6993893, 12.9475816]]}}, {"type": "Feature", "properties": {"name": "residential", "highway": "residential", "lanes": 2, "speed_limit_mps": 8.3}, "geometry": {"type": "LineString", "coordinates": [[77.6993893, 12.9475816], [77.6993079, 12.9475529], [77.6992383, 12.9475655], [77.6991371, 12.9475957]]}}, {"type": "Feature", "properties": {"name": "residential", "highway": "residential", "lanes": 2, "speed_limit_mps": 8.3}, "geometry": {"type": "LineString", "coordinates": [[77.7019469, 12.9464968], [77.7018718, 12.9464377], [77.7017043, 12.946394], [77.7014571, 12.9464577], [77.7013712, 12.9464779]]}}, {"type": "Feature", "properties": {"name": "residential", "highway": "residential", "lanes": 2, "speed_limit_mps": 8.3}, "geometry": {"type": "LineString", "coordinates": [[77.7013712, 12.9464779], [77.7010518, 12.9465532]]}}, {"type": "Feature", "properties": {"name": "residential", "highway": "residential", "lanes": 2, "speed_limit_mps": 8.3}, "geometry": {"type": "LineString", "coordinates": [[77.7010518, 12.9465532], [77.7009545, 12.9465761], [77.7007566, 12.9466302]]}}, {"type": "Feature", "properties": {"name": "residential", "highway": "residential", "lanes": 2, "speed_limit_mps": 8.3}, "geometry": {"type": "LineString", "coordinates": [[77.6993893, 12.9475816], [77.699569, 12.9474326], [77.699647, 12.9473725], [77.6997168, 12.9473425]]}}, {"type": "Feature", "properties": {"name": "residential", "highway": "residential", "lanes": 2, "speed_limit_mps": 8.3}, "geometry": {"type": "LineString", "coordinates": [[77.7001408, 12.9474805], [77.7002427, 12.9474626], [77.7003536, 12.9474626], [77.7003921, 12.9474653]]}}, {"type": "Feature", "properties": {"name": "residential", "highway": "residential", "lanes": 2, "speed_limit_mps": 8.3}, "geometry": {"type": "LineString", "coordinates": [[77.7003921, 12.9474653], [77.7004378, 12.9474686], [77.7005179, 12.9474826], [77.7006145, 12.9474906], [77.7007315, 12.9474746], [77.7008835, 12.9474025], [77.7009185, 12.9473685]]}}, {"type": "Feature", "properties": {"name": "residential", "highway": "residential", "lanes": 2, "speed_limit_mps": 8.3}, "geometry": {"type": "LineString", "coordinates": [[77.7003921, 12.9474653], [77.7004707, 12.9473845], [77.7004994, 12.9472804], [77.7005076, 12.9471403], [77.7004604, 12.9470182], [77.700412, 12.946928]]}}, {"type": "Feature", "properties": {"name": "residential", "highway": "residential", "lanes": 2, "speed_limit_mps": 8.3}, "geometry": {"type": "LineString", "coordinates": [[77.7032055, 12.9572529], [77.7038569, 12.9572249]]}}, {"type": "Feature", "properties": {"name": "trunk_link", "highway": "trunk_link", "lanes": 3, "speed_limit_mps": 13.9}, "geometry": {"type": "LineString", "coordinates": [[77.6819577, 12.9285748], [77.6830516, 12.9291109], [77.6843705, 12.9297323], [77.6844068, 12.9297494], [77.6844548, 12.9297725]]}}, {"type": "Feature", "properties": {"name": "Outer Ring Road", "highway": "trunk", "lanes": 6, "speed_limit_mps": 22.2}, "geometry": {"type": "LineString", "coordinates": [[77.6872247, 12.9317906], [77.6870883, 12.9316617], [77.6859061, 12.9305942]]}}, {"type": "Feature", "properties": {"name": "Outer Ring Road", "highway": "trunk", "lanes": 6, "speed_limit_mps": 22.2}, "geometry": {"type": "LineString", "coordinates": [[77.6858116, 12.930757], [77.6862527, 12.9311544], [77.6864838, 12.9313583], [77.686987, 12.9317954]]}}, {"type": "Feature", "properties": {"name": "trunk_link", "highway": "trunk_link", "lanes": 3, "speed_limit_mps": 13.9}, "geometry": {"type": "LineString", "coordinates": [[77.6872024, 12.9318734], [77.68733, 12.9320929]]}}, {"type": "Feature", "properties": {"name": "trunk_link", "highway": "trunk_link", "lanes": 3, "speed_limit_mps": 13.9}, "geometry": {"type": "LineString", "coordinates": [[77.6817242, 12.9285307], [77.6819577, 12.9285748]]}}, {"type": "Feature", "properties": {"name": "trunk_link", "highway": "trunk_link", "lanes": 3, "speed_limit_mps": 13.9}, "geometry": {"type": "LineString", "coordinates": [[77.6741666, 12.9247925], [77.6740256, 12.924633]]}}, {"type": "Feature", "properties": {"name": "tertiary", "highway": "tertiary", "lanes": 2, "speed_limit_mps": 11.1}, "geometry": {"type": "LineString", "coordinates": [[77.6796407, 12.9274755], [77.679761, 12.9276205]]}}, {"type": "Feature", "properties": {"name": "Outer Ring Road", "highway": "trunk", "lanes": 6, "speed_limit_mps": 22.2}, "geometry": {"type": "LineString", "coordinates": [[77.6859061, 12.9305942], [77.6857689, 12.9304804], [77.6854791, 12.9302495], [77.6853281, 12.9301464], [77.6850634, 12.9299741], [77.6849048, 12.9298784], [77.6845781, 12.9297067], [77.6844011, 12.9296237]]}}, {"type": "Feature", "properties": {"name": "Outer Ring Road", "highway": "trunk", "lanes": 6, "speed_limit_mps": 22.2}, "geometry": {"type": "LineString", "coordinates": [[77.6843262, 12.9297729], [77.6844937, 12.9298535], [77.6846554, 12.9299371], [77.6848208, 12.9300291], [77.6849769, 12.9301226], [77.6852379, 12.9302977], [77.685388, 12.9304048], [77.6856706, 12.9306355], [77.6858116, 12.930757]]}}, {"type": "Feature", "properties": {"name": "primary", "highway": "primary", "lanes": 4, "speed_limit_mps": 16.7}, "geometry": {"type": "LineString", "coordinates": [[77.6648463, 12.9208114], [77.6649477, 12.9206943]]}}, {"type": "Feature", "properties": {"name": "Sarjapura Road", "highway": "primary", "lanes": 4, "speed_limit_mps": 16.7}, "geometry": {"type": "LineString", "coordinates": [[77.6649477, 12.9206943], [77.6650296, 12.9206681]]}}, {"type": "Feature", "properties": {"name": "Outer Ring Road", "highway": "trunk", "lanes": 6, "speed_limit_mps": 22.2}, "geometry": {"type": "LineString", "coordinates": [[77.6648463, 12.9208114], [77.6649445, 12.9208265], [77.6650507, 12.9208412], [77.6651733, 12.9208528], [77.6652688, 12.9208738], [77.6653164, 12.9208872], [77.6654482, 12.9209153]]}}, {"type": "Feature", "properties": {"name": "unclassified", "highway": "unclassified", "lanes": 2, "speed_limit_mps": 8.3}, "geometry": {"type": "LineString", "coordinates": [[77.6811466, 12.9259825], [77.6812517, 12.9259933]]}}, {"type": "Feature", "properties": {"name": "unclassified", "highway": "unclassified", "lanes": 2, "speed_limit_mps": 8.3}, "geometry": {"type": "LineString", "coordinates": [[77.6949837, 12.9333156], [77.6949854, 12.9331897], [77.6949241, 12.9330988]]}}, {"type": "Feature", "properties": {"name": "trunk_link", "highway": "trunk_link", "lanes": 3, "speed_limit_mps": 13.9}, "geometry": {"type": "LineString", "coordinates": [[77.6680769, 12.9218349], [77.6680523, 12.9218736], [77.6680325, 12.9219032]]}}, {"type": "Feature", "properties": {"name": "2nd Main Road", "highway": "residential", "lanes": 2, "speed_limit_mps": 8.3}, "geometry": {"type": "LineString", "coordinates": [[77.661829, 12.9222986], [77.6618559, 12.9225531]]}}, {"type": "Feature", "properties": {"name": "1st Main Road", "highway": "residential", "lanes": 2, "speed_limit_mps": 8.3}, "geometry": {"type": "LineString", "coordinates": [[77.661466, 12.9217362], [77.661621, 12.9223207]]}}, {"type": "Feature", "properties": {"name": "Sarjapura Road", "highway": "primary", "lanes": 4, "speed_limit_mps": 16.7}, "geometry": {"type": "LineString", "coordinates": [[77.6653207, 12.920419], [77.6651699, 12.9204555], [77.6648998, 12.9205222]]}}, {"type": "Feature", "properties": {"name": "primary", "highway": "primary", "lanes": 4, "speed_limit_mps": 16.7}, "geometry": {"type": "LineString", "coordinates": [[77.6624187, 12.9211891], [77.662394, 12.9212807]]}}, {"type": "Feature", "properties": {"name": "trunk_link", "highway": "trunk_link", "lanes": 3, "speed_limit_mps": 13.9}, "geometry": {"type": "LineString", "coordinates": [[77.7001894, 12.9525391], [77.7001422, 12.9525037], [77.7000543, 12.9524376]]}}, {"type": "Feature", "properties": {"name": "tertiary", "highway": "tertiary", "lanes": 2, "speed_limit_mps": 11.1}, "geometry": {"type": "LineString", "coordinates": [[77.7014596, 12.9568724], [77.7014133, 12.9568463], [77.7013822, 12.9568312], [77.7013533, 12.9568165], [77.7013388, 12.9568012], [77.7013253, 12.9567714], [77.7013153, 12.956753], [77.701301, 12.9567203]]}}, {"type": "Feature", "properties": {"name": "tertiary", "highway": "tertiary", "lanes": 2, "speed_limit_mps": 11.1}, "geometry": {"type": "LineString", "coordinates": [[77.7009431, 12.956748], [77.7009381, 12.956789], [77.7009352, 12.9568025], [77.7009229, 12.9568437], [77.7009285, 12.9569154]]}}, {"type": "Feature", "properties": {"name": "trunk_link", "highway": "trunk_link", "lanes": 3, "speed_limit_mps": 13.9}, "geometry": {"type": "LineString", "coordinates": [[77.6717518, 12.9236517], [77.6717907, 12.9235644]]}}, {"type": "Feature", "properties": {"name": "1st Main Road", "highway": "tertiary", "lanes": 2, "speed_limit_mps": 11.1}, "geometry": {"type": "LineString", "coordinates": [[77.7015365, 12.957187], [77.7015502, 12.9570981], [77.7015608, 12.9570544], [77.7015858, 12.9569969], [77.7016362, 12.9569572]]}}, {"type": "Feature", "properties": {"name": "tertiary", "highway": "tertiary", "lanes": 2, "speed_limit_mps": 11.1}, "geometry": {"type": "LineString", "coordinates": [[77.7009571, 12.9570708], [77.7009719, 12.95709], [77.7009887, 12.9571174], [77.7009988, 12.9571412], [77.7010187, 12.9571838]]}}, {"type": "Feature", "properties": {"name": "trunk_link", "highway": "trunk_link", "lanes": 3, "speed_limit_mps": 13.9}, "geometry": {"type": "LineString", "coordinates": [[77.6963206, 12.9413591], [77.6962703, 12.9413871], [77.6962246, 12.9414115]]}}, {"type": "Feature", "properties": {"name": "trunk_link", "highway": "trunk_link", "lanes": 3, "speed_limit_mps": 13.9}, "geometry": {"type": "LineString", "coordinates": [[77.6966089, 12.9413482], [77.6965271, 12.9413513], [77.6964809, 12.9413486]]}}, {"type": "Feature", "properties": {"name": "Cherry Lane", "highway": "residential", "lanes": 2, "speed_limit_mps": 8.3}, "geometry": {"type": "LineString", "coordinates": [[77.6686763, 12.9273154], [77.6687133, 12.9273184], [77.6687616, 12.9273117], [77.668836, 12.9272695], [77.6688894, 12.927252], [77.6689785, 12.9272499], [77.6691979, 12.9272295]]}}, {"type": "Feature", "properties": {"name": "Cherry Lane", "highway": "residential", "lanes": 2, "speed_limit_mps": 8.3}, "geometry": {"type": "LineString", "coordinates": [[77.6691979, 12.9272295], [77.6692643, 12.927231], [77.6693034, 12.9272318]]}}, {"type": "Feature", "properties": {"name": "Cherry Lane", "highway": "tertiary", "lanes": 2, "speed_limit_mps": 11.1}, "geometry": {"type": "LineString", "coordinates": [[77.6693034, 12.9272318], [77.6693496, 12.9272341], [77.6697364, 12.9272535]]}}, {"type": "Feature", "properties": {"name": "residential", "highway": "residential", "lanes": 2, "speed_limit_mps": 8.3}, "geometry": {"type": "LineString", "coordinates": [[77.661621, 12.9223207], [77.661829, 12.9222986]]}}, {"type": "Feature", "properties": {"name": "tertiary", "highway": "tertiary", "lanes": 2, "speed_limit_mps": 11.1}, "geometry": {"type": "LineString", "coordinates": [[77.7009285, 12.9569154], [77.7009335, 12.9569527], [77.7009389, 12.9569925]]}}, {"type": "Feature", "properties": {"name": "Outer Ring Road", "highway": "trunk", "lanes": 6, "speed_limit_mps": 22.2}, "geometry": {"type": "LineString", "coordinates": [[77.6659924, 12.9211461], [77.6662615, 12.9212738]]}}, {"type": "Feature", "properties": {"name": "Outer Ring Road", "highway": "trunk", "lanes": 6, "speed_limit_mps": 22.2}, "geometry": {"type": "LineString", "coordinates": [[77.6753544, 12.9252815], [77.6743673, 12.9247796]]}}, {"type": "Feature", "properties": {"name": "Outer Ring Road", "highway": "trunk", "lanes": 6, "speed_limit_mps": 22.2}, "geometry": {"type": "LineString", "coordinates": [[77.674278, 12.9249455], [77.6747506, 12.9251913], [77.6752903, 12.9254641]]}}, {"type": "Feature", "properties": {"name": "primary_link", "highway": "primary_link", "lanes": 3, "speed_limit_mps": 11.1}, "geometry": {"type": "LineString", "coordinates": [[77.7034435, 12.9566096], [77.7034309, 12.9566298], [77.7034204, 12.9566482], [77.7034127, 12.956666], [77.7034147, 12.9566944], [77.7034205, 12.9567124]]}}, {"type": "Feature", "properties": {"name": "tertiary", "highway": "tertiary", "lanes": 2, "speed_limit_mps": 11.1}, "geometry": {"type": "LineString", "coordinates": [[77.7033409, 12.9566186], [77.7033126, 12.9566689], [77.7032775, 12.9567168]]}}, {"type": "Feature", "properties": {"name": "Kariammana Agrahara Road", "highway": "tertiary", "lanes": 2, "speed_limit_mps": 11.1}, "geometry": {"type": "LineString", "coordinates": [[77.6810858, 12.930196], [77.6813749, 12.9302276]]}}, {"type": "Feature", "properties": {"name": "Kariammana Agrahara Road", "highway": "tertiary", "lanes": 2, "speed_limit_mps": 11.1}, "geometry": {"type": "LineString", "coordinates": [[77.6809133, 12.9301698], [77.6810858, 12.930196]]}}, {"type": "Feature", "properties": {"name": "Central Avenue", "highway": "tertiary", "lanes": 2, "speed_limit_mps": 11.1}, "geometry": {"type": "LineString", "coordinates": [[77.6858605, 12.925857], [77.685935, 12.9254778]]}}, {"type": "Feature", "properties": {"name": "MSR Road", "highway": "residential", "lanes": 2, "speed_limit_mps": 8.3}, "geometry": {"type": "LineString", "coordinates": [[77.7003758, 12.952028], [77.7003037, 12.9516495], [77.7002628, 12.9514345]]}}, {"type": "Feature", "properties": {"name": "residential", "highway": "residential", "lanes": 2, "speed_limit_mps": 8.3}, "geometry": {"type": "LineString", "coordinates": [[77.7023454, 12.9509919], [77.7024129, 12.9509775], [77.7025685, 12.9509447]]}}, {"type": "Feature", "properties": {"name": "residential", "highway": "residential", "lanes": 2, "speed_limit_mps": 8.3}, "geometry": {"type": "LineString", "coordinates": [[77.7025685, 12.9509447], [77.7028679, 12.9508832]]}}, {"type": "Feature", "properties": {"name": "trunk_link", "highway": "trunk_link", "lanes": 3, "speed_limit_mps": 13.9}, "geometry": {"type": "LineString", "coordinates": [[77.6885177, 12.9328156], [77.6884336, 12.9328978]]}}, {"type": "Feature", "properties": {"name": "Outer Ring Road", "highway": "trunk", "lanes": 6, "speed_limit_mps": 22.2}, "geometry": {"type": "LineString", "coordinates": [[77.6962219, 12.9412314], [77.6963206, 12.9413591]]}}, {"type": "Feature", "properties": {"name": "Outer Ring Road", "highway": "trunk", "lanes": 6, "speed_limit_mps": 22.2}, "geometry": {"type": "LineString", "coordinates": [[77.6963206, 12.9413591], [77.696342, 12.9413926]]}}, {"type": "Feature", "properties": {"name": "Outer Ring Road", "highway": "trunk", "lanes": 6, "speed_limit_mps": 22.2}, "geometry": {"type": "LineString", "coordinates": [[77.6629056, 12.921278], [77.6630783, 12.9212384], [77.6635896, 12.9211189]]}}, {"type": "Feature", "properties": {"name": "Service Road", "highway": "tertiary", "lanes": 2, "speed_limit_mps": 11.1}, "geometry": {"type": "LineString", "coordinates": [[77.6930054, 12.9374229], [77.6931685, 12.9375803], [77.6932949, 12.9377101], [77.6937443, 12.9381218], [77.6937626, 12.9381386], [77.6940678, 12.9384313], [77.694478, 12.9387932], [77.6948457, 12.939224], [77.6949241, 12.9393289], [77.6949394, 12.939349], [77.6949624, 12.939379]]}}, {"type": "Feature", "properties": {"name": "Service Road", "highway": "tertiary", "lanes": 2, "speed_limit_mps": 11.1}, "geometry": {"type": "LineString", "coordinates": [[77.6949624, 12.939379], [77.6950142, 12.9394477]]}}, {"type": "Feature", "properties": {"name": "tertiary", "highway": "tertiary", "lanes": 2, "speed_limit_mps": 11.1}, "geometry": {"type": "LineString", "coordinates": [[77.6955843, 12.9396367], [77.6954711, 12.9394858], [77.6954639, 12.939475], [77.695406, 12.9393876]]}}, {"type": "Feature", "properties": {"name": "tertiary", "highway": "tertiary", "lanes": 2, "speed_limit_mps": 11.1}, "geometry": {"type": "LineString", "coordinates": [[77.6966089, 12.9413482], [77.6964662, 12.9411067]]}}, {"type": "Feature", "properties": {"name": "tertiary", "highway": "tertiary", "lanes": 2, "speed_limit_mps": 11.1}, "geometry": {"type": "LineString", "coordinates": [[77.6964662, 12.9411067], [77.6961082, 12.9405069], [77.6958384, 12.9400521], [77.6957899, 12.9399666], [77.6955843, 12.9396367]]}}, {"type": "Feature", "properties": {"name": "Varthur Road", "highway": "primary", "lanes": 4, "speed_limit_mps": 16.7}, "geometry": {"type": "LineString", "coordinates": [[77.7029803, 12.9568485], [77.7032797, 12.9568285]]}}, {"type": "Feature", "properties": {"name": "Varthur Road", "highway": "primary", "lanes": 4, "speed_limit_mps": 16.7}, "geometry": {"type": "LineString", "coordinates": [[77.7034595, 12.9567119], [77.7034205, 12.9567124]]}}, {"type": "Feature", "properties": {"name": "Varthur Road", "highway": "primary", "lanes": 4, "speed_limit_mps": 16.7}, "geometry": {"type": "LineString", "coordinates": [[77.7034205, 12.9567124], [77.7032775, 12.9567168]]}}, {"type": "Feature", "properties": {"name": "Service Road", "highway": "tertiary", "lanes": 2, "speed_limit_mps": 11.1}, "geometry": {"type": "LineString", "coordinates": [[77.695406, 12.9393876], [77.6952647, 12.9391926], [77.6951502, 12.9390347], [77.6949125, 12.9387596]]}}, {"type": "Feature", "properties": {"name": "Service Road", "highway": "tertiary", "lanes": 2, "speed_limit_mps": 11.1}, "geometry": {"type": "LineString", "coordinates": [[77.6949125, 12.9387596], [77.6948516, 12.9386892], [77.6946607, 12.9384779], [77.6943894, 12.9382139], [77.6943188, 12.9381486], [77.6939706, 12.9378264], [77.6937695, 12.9376396], [77.6936053, 12.9374871]]}}, {"type": "Feature", "properties": {"name": "Service Road", "highway": "tertiary", "lanes": 2, "speed_limit_mps": 11.1}, "geometry": {"type": "LineString", "coordinates": [[77.6936053, 12.9374871], [77.6928243, 12.9367795]]}}, {"type": "Feature", "properties": {"name": "Service Road", "highway": "tertiary", "lanes": 2, "speed_limit_mps": 11.1}, "geometry": {"type": "LineString", "coordinates": [[77.6928243, 12.9367795], [77.6926245, 12.9365985]]}}, {"type": "Feature", "properties": {"name": "Service Road", "highway": "tertiary", "lanes": 2, "speed_limit_mps": 11.1}, "geometry": {"type": "LineString", "coordinates": [[77.6926245, 12.9365985], [77.6918618, 12.935907]]}}, {"type": "Feature", "properties": {"name": "Service Road", "highway": "tertiary", "lanes": 2, "speed_limit_mps": 11.1}, "geometry": {"type": "LineString", "coordinates": [[77.6918618, 12.935907], [77.6917187, 12.9357798], [77.6916783, 12.9357386], [77.6916398, 12.9356963], [77.6915615, 12.9356216], [77.6914115, 12.9354288], [77.6913364, 12.9353475], [77.691126, 12.9351587], [77.690926, 12.9350464], [77.6904811, 12.9346363]]}}, {"type": "Feature", "properties": {"name": "Service Road", "highway": "tertiary", "lanes": 2, "speed_limit_mps": 11.1}, "geometry": {"type": "LineString", "coordinates": [[77.6904811, 12.9346363], [77.6904474, 12.9346037]]}}, {"type": "Feature", "properties": {"name": "tertiary", "highway": "tertiary", "lanes": 2, "speed_limit_mps": 11.1}, "geometry": {"type": "LineString", "coordinates": [[77.6877026, 12.9320882], [77.6876193, 12.9320133], [77.6871259, 12.9315793], [77.6870544, 12.9315218], [77.6870433, 12.9315122], [77.68667, 12.9311655], [77.6866076, 12.931109], [77.6865425, 12.9310518], [77.6861987, 12.9307532], [77.6860679, 12.9306327], [77.6860337, 12.9306011], [77.6859455, 12.9305213]]}}, {"type": "Feature", "properties": {"name": "tertiary", "highway": "tertiary", "lanes": 2, "speed_limit_mps": 11.1}, "geometry": {"type": "LineString", "coordinates": [[77.6842918, 12.9298628], [77.6843524, 12.9298911], [77.6845515, 12.9299885]]}}, {"type": "Feature", "properties": {"name": "tertiary", "highway": "tertiary", "lanes": 2, "speed_limit_mps": 11.1}, "geometry": {"type": "LineString", "coordinates": [[77.6845515, 12.9299885], [77.6850816, 12.9302775]]}}, {"type": "Feature", "properties": {"name": "tertiary", "highway": "tertiary", "lanes": 2, "speed_limit_mps": 11.1}, "geometry": {"type": "LineString", "coordinates": [[77.6788127, 12.9268592], [77.6782863, 12.9266188], [77.677815, 12.926389]]}}, {"type": "Feature", "properties": {"name": "tertiary", "highway": "tertiary", "lanes": 2, "speed_limit_mps": 11.1}, "geometry": {"type": "LineString", "coordinates": [[77.677815, 12.926389], [77.6774128, 12.9262199]]}}, {"type": "Feature", "properties": {"name": "tertiary", "highway": "tertiary", "lanes": 2, "speed_limit_mps": 11.1}, "geometry": {"type": "LineString", "coordinates": [[77.6774128, 12.9262199], [77.6767747, 12.9259172], [77.6766659, 12.925842]]}}, {"type": "Feature", "properties": {"name": "tertiary", "highway": "tertiary", "lanes": 2, "speed_limit_mps": 11.1}, "geometry": {"type": "LineString", "coordinates": [[77.6766659, 12.925842], [77.6765426, 12.9257839], [77.6761182, 12.9256058]]}}, {"type": "Feature", "properties": {"name": "tertiary", "highway": "tertiary", "lanes": 2, "speed_limit_mps": 11.1}, "geometry": {"type": "LineString", "coordinates": [[77.6801373, 12.9274867], [77.6798615, 12.9273598], [77.6792319, 12.9270584], [77.6790931, 12.92699], [77.6788127, 12.9268592]]}}, {"type": "Feature", "properties": {"name": "tertiary", "highway": "tertiary", "lanes": 2, "speed_limit_mps": 11.1}, "geometry": {"type": "LineString", "coordinates": [[77.6761182, 12.9256058], [77.6753907, 12.9252279]]}}, {"type": "Feature", "properties": {"name": "tertiary", "highway": "tertiary", "lanes": 2, "speed_limit_mps": 11.1}, "geometry": {"type": "LineString", "coordinates": [[77.6740039, 12.9245081], [77.6738182, 12.9244308]]}}, {"type": "Feature", "properties": {"name": "tertiary", "highway": "tertiary", "lanes": 2, "speed_limit_mps": 11.1}, "geometry": {"type": "LineString", "coordinates": [[77.6738182, 12.9244308], [77.6735425, 12.9243264]]}}, {"type": "Feature", "properties": {"name": "tertiary", "highway": "tertiary", "lanes": 2, "speed_limit_mps": 11.1}, "geometry": {"type": "LineString", "coordinates": [[77.6735425, 12.9243264], [77.6733972, 12.9242713], [77.6725992, 12.9239252]]}}, {"type": "Feature", "properties": {"name": "Outer Ring Road", "highway": "trunk", "lanes": 6, "speed_limit_mps": 22.2}, "geometry": {"type": "LineString", "coordinates": [[77.6629848, 12.921113], [77.6627792, 12.9211689], [77.6625996, 12.9212181]]}}, {"type": "Feature", "properties": {"name": "1st Main Road", "highway": "residential", "lanes": 2, "speed_limit_mps": 8.3}, "geometry": {"type": "LineString", "coordinates": [[77.6745328, 12.9227073], [77.6744214, 12.9222322], [77.67432, 12.9218267], [77.6742206, 12.9214966], [77.6742045, 12.9212556], [77.6741989, 12.9211706]]}}, {"type": "Feature", "properties": {"name": "unclassified", "highway": "unclassified", "lanes": 2, "speed_limit_mps": 8.3}, "geometry": {"type": "LineString", "coordinates": [[77.6879552, 12.9341743], [77.6879619, 12.9343866], [77.687975, 12.9345746]]}}, {"type": "Feature", "properties": {"name": "tertiary", "highway": "tertiary", "lanes": 2, "speed_limit_mps": 11.1}, "geometry": {"type": "LineString", "coordinates": [[77.6904474, 12.9346037], [77.6903299, 12.9344865], [77.6901457, 12.9343248], [77.6900647, 12.9342494], [77.6894291, 12.9336574], [77.6893483, 12.9335822], [77.6891599, 12.9334074], [77.689067, 12.9333218], [77.6889987, 12.9332555], [77.6885177, 12.9328156]]}}, {"type": "Feature", "properties": {"name": "tertiary", "highway": "tertiary", "lanes": 2, "speed_limit_mps": 11.1}, "geometry": {"type": "LineString", "coordinates": [[77.6885177, 12.9328156], [77.6880653, 12.9324076], [77.6880175, 12.9323669], [77.6878673, 12.9322389], [77.6877026, 12.9320882]]}}, {"type": "Feature", "properties": {"name": "residential", "highway": "residential", "lanes": 2, "speed_limit_mps": 8.3}, "geometry": {"type": "LineString", "coordinates": [[77.7096543, 12.9580555], [77.7093863, 12.9579513]]}}, {"type": "Feature", "properties": {"name": "residential", "highway": "residential", "lanes": 2, "speed_limit_mps": 8.3}, "geometry": {"type": "LineString", "coordinates": [[77.709901, 12.958147], [77.7096543, 12.9580555]]}}, {"type": "Feature", "properties": {"name": "tertiary", "highway": "tertiary", "lanes": 2, "speed_limit_mps": 11.1}, "geometry": {"type": "LineString", "coordinates": [[77.6689512, 12.9187123], [77.6688004, 12.9187531]]}}, {"type": "Feature", "properties": {"name": "primary_link", "highway": "primary_link", "lanes": 3, "speed_limit_mps": 11.1}, "geometry": {"type": "LineString", "coordinates": [[77.6689512, 12.9187123], [77.6689288, 12.9187966]]}}, {"type": "Feature", "properties": {"name": "Varthur Road", "highway": "primary", "lanes": 4, "speed_limit_mps": 16.7}, "geometry": {"type": "LineString", "coordinates": [[77.6969783, 12.9566745], [77.6963989, 12.9565668]]}}, {"type": "Feature", "properties": {"name": "Varthur Road", "highway": "primary", "lanes": 4, "speed_limit_mps": 16.7}, "geometry": {"type": "LineString", "coordinates": [[77.6980651, 12.9568582], [77.6978725, 12.9568286], [77.6976052, 12.9567817], [77.6975642, 12.9567742], [77.6974666, 12.9567577], [77.697381, 12.9567436], [77.6969783, 12.9566745]]}}, {"type": "Feature", "properties": {"name": "residential", "highway": "residential", "lanes": 2, "speed_limit_mps": 8.3}, "geometry": {"type": "LineString", "coordinates": [[77.6763522, 12.9267537], [77.6765813, 12.9266847], [77.6767233, 12.9266185]]}}, {"type": "Feature", "properties": {"name": "Pritech Road", "highway": "unclassified", "lanes": 2, "speed_limit_mps": 8.3}, "geometry": {"type": "LineString", "coordinates": [[77.6813042, 12.9243792], [77.6813776, 12.9243711]]}}, {"type": "Feature", "properties": {"name": "residential", "highway": "residential", "lanes": 2, "speed_limit_mps": 8.3}, "geometry": {"type": "LineString", "coordinates": [[77.7073573, 12.9527518], [77.7077233, 12.9527176], [77.7077379, 12.9529108]]}}, {"type": "Feature", "properties": {"name": "residential", "highway": "residential", "lanes": 2, "speed_limit_mps": 8.3}, "geometry": {"type": "LineString", "coordinates": [[77.7077379, 12.9529108], [77.707753, 12.9531274]]}}, {"type": "Feature", "properties": {"name": "residential", "highway": "residential", "lanes": 2, "speed_limit_mps": 8.3}, "geometry": {"type": "LineString", "coordinates": [[77.707753, 12.9531274], [77.70777, 12.9533197]]}}, {"type": "Feature", "properties": {"name": "residential", "highway": "residential", "lanes": 2, "speed_limit_mps": 8.3}, "geometry": {"type": "LineString", "coordinates": [[77.7072916, 12.9527584], [77.7073573, 12.9527518]]}}, {"type": "Feature", "properties": {"name": "residential", "highway": "residential", "lanes": 2, "speed_limit_mps": 8.3}, "geometry": {"type": "LineString", "coordinates": [[77.7074941, 12.9554294], [77.7075082, 12.9556151], [77.707509, 12.9556263], [77.7075069, 12.9556358], [77.7075008, 12.9556441], [77.7074916, 12.9556488], [77.7069091, 12.9555909]]}}, {"type": "Feature", "properties": {"name": "residential", "highway": "residential", "lanes": 2, "speed_limit_mps": 8.3}, "geometry": {"type": "LineString", "coordinates": [[77.6726672, 12.925671], [77.6728381, 12.9256101], [77.6728903, 12.9255934], [77.6728951, 12.925577], [77.6728907, 12.9255535], [77.6726747, 12.924941]]}}, {"type": "Feature", "properties": {"name": "residential", "highway": "residential", "lanes": 2, "speed_limit_mps": 8.3}, "geometry": {"type": "LineString", "coordinates": [[77.6727985, 12.9260274], [77.6731917, 12.9259174]]}}, {"type": "Feature", "properties": {"name": "Outer Ring Road", "highway": "trunk", "lanes": 6, "speed_limit_mps": 22.2}, "geometry": {"type": "LineString", "coordinates": [[77.6625996, 12.9212181], [77.662394, 12.9212807]]}}, {"type": "Feature", "properties": {"name": "residential", "highway": "residential", "lanes": 2, "speed_limit_mps": 8.3}, "geometry": {"type": "LineString", "coordinates": [[77.6975898, 12.949605], [77.6982373, 12.9494058]]}}, {"type": "Feature", "properties": {"name": "residential", "highway": "residential", "lanes": 2, "speed_limit_mps": 8.3}, "geometry": {"type": "LineString", "coordinates": [[77.6924309, 12.9400109], [77.6927044, 12.9399726]]}}, {"type": "Feature", "properties": {"name": "residential", "highway": "residential", "lanes": 2, "speed_limit_mps": 8.3}, "geometry": {"type": "LineString", "coordinates": [[77.6927044, 12.9399726], [77.6927247, 12.9399669], [77.6927503, 12.9399573], [77.6927836, 12.9399458], [77.6928043, 12.9399281], [77.6928165, 12.9399085], [77.6928192, 12.9398899], [77.6927892, 12.9397503]]}}, {"type": "Feature", "properties": {"name": "residential", "highway": "residential", "lanes": 2, "speed_limit_mps": 8.3}, "geometry": {"type": "LineString", "coordinates": [[77.6694785, 12.9173987], [77.6697955, 12.9175602], [77.6698373, 12.9175843], [77.6699148, 12.9176654], [77.6699518, 12.9177726], [77.6699373, 12.9178259], [77.6699097, 12.9179271], [77.6698725, 12.9179408], [77.6698766, 12.9179926], [77.6699417, 12.9181994]]}}, {"type": "Feature", "properties": {"name": "residential", "highway": "residential", "lanes": 2, "speed_limit_mps": 8.3}, "geometry": {"type": "LineString", "coordinates": [[77.664343, 12.9244444], [77.6643714, 12.9244611], [77.6644346, 12.9245003]]}}, {"type": "Feature", "properties": {"name": "residential", "highway": "residential", "lanes": 2, "speed_limit_mps": 8.3}, "geometry": {"type": "LineString", "coordinates": [[77.6667512, 12.9197244], [77.6667477, 12.9197959], [77.6667954, 12.9198679]]}}, {"type": "Feature", "properties": {"name": "residential", "highway": "residential", "lanes": 2, "speed_limit_mps": 8.3}, "geometry": {"type": "LineString", "coordinates": [[77.6668582, 12.9198365], [77.6668099, 12.9197555], [77.6667512, 12.9197244]]}}, {"type": "Feature", "properties": {"name": "residential", "highway": "residential", "lanes": 2, "speed_limit_mps": 8.3}, "geometry": {"type": "LineString", "coordinates": [[77.6706757, 12.9230432], [77.6706936, 12.9230101], [77.6707283, 12.9229253], [77.6707149, 12.9228132]]}}, {"type": "Feature", "properties": {"name": "Varthur Road", "highway": "primary", "lanes": 4, "speed_limit_mps": 16.7}, "geometry": {"type": "LineString", "coordinates": [[77.7009285, 12.9569154], [77.7008825, 12.9569188], [77.7007073, 12.9569338]]}}, {"type": "Feature", "properties": {"name": "Varthur Road", "highway": "primary", "lanes": 4, "speed_limit_mps": 16.7}, "geometry": {"type": "LineString", "coordinates": [[77.7007073, 12.9569338], [77.7003435, 12.9569574]]}}, {"type": "Feature", "properties": {"name": "Varthur Road", "highway": "primary", "lanes": 4, "speed_limit_mps": 16.7}, "geometry": {"type": "LineString", "coordinates": [[77.7003435, 12.9569574], [77.7001567, 12.9569744], [77.7000686, 12.9569816], [77.6997776, 12.9570067], [77.6994853, 12.957028]]}}, {"type": "Feature", "properties": {"name": "Varthur Road", "highway": "primary", "lanes": 4, "speed_limit_mps": 16.7}, "geometry": {"type": "LineString", "coordinates": [[77.6994853, 12.957028], [77.699204, 12.9570394], [77.6990296, 12.9570328], [77.6987773, 12.9569898]]}}, {"type": "Feature", "properties": {"name": "Varthur Road", "highway": "primary", "lanes": 4, "speed_limit_mps": 16.7}, "geometry": {"type": "LineString", "coordinates": [[77.6987773, 12.9569898], [77.6984741, 12.9569301], [77.6982353, 12.9568876], [77.6981583, 12.9568719], [77.6980651, 12.9568582]]}}, {"type": "Feature", "properties": {"name": "residential", "highway": "residential", "lanes": 2, "speed_limit_mps": 8.3}, "geometry": {"type": "LineString", "coordinates": [[77.6831665, 12.9317208], [77.6831488, 12.9317362], [77.6831037, 12.9317755], [77.6830789, 12.9321238]]}}, {"type": "Feature", "properties": {"name": "residential", "highway": "residential", "lanes": 2, "speed_limit_mps": 8.3}, "geometry": {"type": "LineString", "coordinates": [[77.6831718, 12.9321243], [77.6831962, 12.9317884], [77.6831665, 12.9317208]]}}, {"type": "Feature", "properties": {"name": "unclassified", "highway": "unclassified", "lanes": 2, "speed_limit_mps": 8.3}, "geometry": {"type": "LineString", "coordinates": [[77.6949241, 12.9330988], [77.6949081, 12.9331985], [77.6949254, 12.9333182]]}}, {"type": "Feature", "properties": {"name": "unclassified", "highway": "unclassified", "lanes": 2, "speed_limit_mps": 8.3}, "geometry": {"type": "LineString", "coordinates": [[77.6949241, 12.9330988], [77.6947348, 12.933058]]}}, {"type": "Feature", "properties": {"name": "unclassified", "highway": "unclassified", "lanes": 2, "speed_limit_mps": 8.3}, "geometry": {"type": "LineString", "coordinates": [[77.691629, 12.9324882], [77.691864, 12.9325387], [77.6919138, 12.9325377]]}}, {"type": "Feature", "properties": {"name": "unclassified", "highway": "unclassified", "lanes": 2, "speed_limit_mps": 8.3}, "geometry": {"type": "LineString", "coordinates": [[77.6945672, 12.9330295], [77.6947348, 12.933058]]}}, {"type": "Feature", "properties": {"name": "residential", "highway": "residential", "lanes": 2, "speed_limit_mps": 8.3}, "geometry": {"type": "LineString", "coordinates": [[77.6738927, 12.9268206], [77.6738969, 12.9268259], [77.6739036, 12.9268272], [77.673932, 12.9270208], [77.674149, 12.9270026]]}}, {"type": "Feature", "properties": {"name": "Marathahalli Underpass", "highway": "trunk", "lanes": 6, "speed_limit_mps": 22.2}, "geometry": {"type": "LineString", "coordinates": [[77.7001447, 12.9534147], [77.7002819, 12.9539913], [77.7003591, 12.954278]]}}, {"type": "Feature", "properties": {"name": "Marathahalli Underpass", "highway": "trunk", "lanes": 6, "speed_limit_mps": 22.2}, "geometry": {"type": "LineString", "coordinates": [[77.7004863, 12.9542547], [77.7004669, 12.9541656], [77.7003042, 12.9534482]]}}, {"type": "Feature", "properties": {"name": "Outer Ring Road", "highway": "trunk", "lanes": 6, "speed_limit_mps": 22.2}, "geometry": {"type": "LineString", "coordinates": [[77.6964809, 12.9413486], [77.6963964, 12.9412043], [77.696385, 12.9411823]]}}, {"type": "Feature", "properties": {"name": "Bellanduru Main Road", "highway": "tertiary", "lanes": 2, "speed_limit_mps": 11.1}, "geometry": {"type": "LineString", "coordinates": [[77.6756318, 12.9226284], [77.6756707, 12.9227091], [77.6756901, 12.9227888], [77.6757132, 12.9230741]]}}, {"type": "Feature", "properties": {"name": "Bellanduru Main Road", "highway": "tertiary", "lanes": 2, "speed_limit_mps": 11.1}, "geometry": {"type": "LineString", "coordinates": [[77.6757132, 12.9230741], [77.6757519, 12.9235792], [77.6757676, 12.9237846]]}}, {"type": "Feature", "properties": {"name": "Bellanduru Main Road", "highway": "tertiary", "lanes": 2, "speed_limit_mps": 11.1}, "geometry": {"type": "LineString", "coordinates": [[77.6757676, 12.9237846], [77.6758071, 12.9240284], [77.6758205, 12.9241114], [77.6758609, 12.9244467]]}}, {"type": "Feature", "properties": {"name": "Bellanduru Main Road", "highway": "tertiary", "lanes": 2, "speed_limit_mps": 11.1}, "geometry": {"type": "LineString", "coordinates": [[77.6758609, 12.9244467], [77.6758628, 12.9244657], [77.6759351, 12.9248533]]}}, {"type": "Feature", "properties": {"name": "Kariammana Agrahara Road", "highway": "tertiary", "lanes": 2, "speed_limit_mps": 11.1}, "geometry": {"type": "LineString", "coordinates": [[77.6808849, 12.9301649], [77.6809133, 12.9301698]]}}, {"type": "Feature", "properties": {"name": "residential", "highway": "residential", "lanes": 2, "speed_limit_mps": 8.3}, "geometry": {"type": "LineString", "coordinates": [[77.6879089, 12.9280255], [77.6878787, 12.9277826]]}}, {"type": "Feature", "properties": {"name": "residential", "highway": "residential", "lanes": 2, "speed_limit_mps": 8.3}, "geometry": {"type": "LineString", "coordinates": [[77.6878327, 12.9276677], [77.6878529, 12.9277454], [77.6878559, 12.9277567], [77.6878787, 12.9277826]]}}, {"type": "Feature", "properties": {"name": "residential", "highway": "residential", "lanes": 2, "speed_limit_mps": 8.3}, "geometry": {"type": "LineString", "coordinates": [[77.6878787, 12.9277826], [77.6878892, 12.9277546], [77.6878885, 12.9277402], [77.6878848, 12.9276652]]}}, {"type": "Feature", "properties": {"name": "3rd Cross Road", "highway": "residential", "lanes": 2, "speed_limit_mps": 8.3}, "geometry": {"type": "LineString", "coordinates": [[77.6866169, 12.9282408], [77.6866356, 12.9281084], [77.6865214, 12.9273876]]}}, {"type": "Feature", "properties": {"name": "residential", "highway": "residential", "lanes": 2, "speed_limit_mps": 8.3}, "geometry": {"type": "LineString", "coordinates": [[77.6867366, 12.9263698], [77.6867865, 12.9268678]]}}, {"type": "Feature", "properties": {"name": "tertiary", "highway": "tertiary", "lanes": 2, "speed_limit_mps": 11.1}, "geometry": {"type": "LineString", "coordinates": [[77.6846588, 12.9296093], [77.6845636, 12.9295629], [77.6844883, 12.92953]]}}, {"type": "Feature", "properties": {"name": "trunk_link", "highway": "trunk_link", "lanes": 3, "speed_limit_mps": 13.9}, "geometry": {"type": "LineString", "coordinates": [[77.6846223, 12.9298529], [77.6848152, 12.929946], [77.6848387, 12.9299587], [77.6851444, 12.9301286]]}}, {"type": "Feature", "properties": {"name": "tertiary", "highway": "tertiary", "lanes": 2, "speed_limit_mps": 11.1}, "geometry": {"type": "LineString", "coordinates": [[77.6844883, 12.92953], [77.6844359, 12.9295077], [77.6843747, 12.9294771]]}}, {"type": "Feature", "properties": {"name": "tertiary", "highway": "tertiary", "lanes": 2, "speed_limit_mps": 11.1}, "geometry": {"type": "LineString", "coordinates": [[77.6843747, 12.9294771], [77.6841182, 12.9293488], [77.6830758, 12.928848], [77.6828893, 12.9287625], [77.6826796, 12.9286647], [77.6821476, 12.9284147], [77.6820485, 12.9283719], [77.6815774, 12.9281641]]}}, {"type": "Feature", "properties": {"name": "tertiary", "highway": "tertiary", "lanes": 2, "speed_limit_mps": 11.1}, "geometry": {"type": "LineString", "coordinates": [[77.6815774, 12.9281641], [77.6815348, 12.9281387], [77.6811494, 12.9279576], [77.6810774, 12.9279264]]}}, {"type": "Feature", "properties": {"name": "tertiary", "highway": "tertiary", "lanes": 2, "speed_limit_mps": 11.1}, "geometry": {"type": "LineString", "coordinates": [[77.6810774, 12.9279264], [77.6810287, 12.927894]]}}, {"type": "Feature", "properties": {"name": "tertiary", "highway": "tertiary", "lanes": 2, "speed_limit_mps": 11.1}, "geometry": {"type": "LineString", "coordinates": [[77.6810287, 12.927894], [77.6809229, 12.9278397], [77.6806286, 12.9277139]]}}, {"type": "Feature", "properties": {"name": "tertiary", "highway": "tertiary", "lanes": 2, "speed_limit_mps": 11.1}, "geometry": {"type": "LineString", "coordinates": [[77.6806286, 12.9277139], [77.6802523, 12.9275457]]}}, {"type": "Feature", "properties": {"name": "tertiary", "highway": "tertiary", "lanes": 2, "speed_limit_mps": 11.1}, "geometry": {"type": "LineString", "coordinates": [[77.6802523, 12.9275457], [77.6801373, 12.9274867]]}}, {"type": "Feature", "properties": {"name": "residential", "highway": "residential", "lanes": 2, "speed_limit_mps": 8.3}, "geometry": {"type": "LineString", "coordinates": [[77.7010967, 12.950541], [77.7010428, 12.9503018]]}}, {"type": "Feature", "properties": {"name": "residential", "highway": "residential", "lanes": 2, "speed_limit_mps": 8.3}, "geometry": {"type": "LineString", "coordinates": [[77.6627351, 12.9232706], [77.663081, 12.9232823]]}}, {"type": "Feature", "properties": {"name": "Bellanduru Main Road", "highway": "tertiary", "lanes": 2, "speed_limit_mps": 11.1}, "geometry": {"type": "LineString", "coordinates": [[77.6759351, 12.9248533], [77.6760992, 12.9255248], [77.6761182, 12.9256058]]}}, {"type": "Feature", "properties": {"name": "tertiary", "highway": "tertiary", "lanes": 2, "speed_limit_mps": 11.1}, "geometry": {"type": "LineString", "coordinates": [[77.7009389, 12.9569925], [77.7009571, 12.9570708]]}}, {"type": "Feature", "properties": {"name": "trunk_link", "highway": "trunk_link", "lanes": 3, "speed_limit_mps": 13.9}, "geometry": {"type": "LineString", "coordinates": [[77.6951897, 12.9394213], [77.6952924, 12.9395865]]}}, {"type": "Feature", "properties": {"name": "unclassified", "highway": "unclassified", "lanes": 2, "speed_limit_mps": 8.3}, "geometry": {"type": "LineString", "coordinates": [[77.6799555, 12.9311112], [77.6798509, 12.9313752], [77.6797812, 12.9316157], [77.679829, 12.9323549]]}}, {"type": "Feature", "properties": {"name": "unclassified", "highway": "unclassified", "lanes": 2, "speed_limit_mps": 8.3}, "geometry": {"type": "LineString", "coordinates": [[77.6799184, 12.9323068], [77.6800279, 12.9317529], [77.680099, 12.9315517], [77.6802465, 12.9311622]]}}, {"type": "Feature", "properties": {"name": "residential", "highway": "residential", "lanes": 2, "speed_limit_mps": 8.3}, "geometry": {"type": "LineString", "coordinates": [[77.7094625, 12.9568374], [77.7096943, 12.9569137]]}}, {"type": "Feature", "properties": {"name": "residential", "highway": "residential", "lanes": 2, "speed_limit_mps": 8.3}, "geometry": {"type": "LineString", "coordinates": [[77.673472, 12.922881], [77.6734543, 12.9228051], [77.6733969, 12.9224756], [77.6733768, 12.9224502], [77.6733467, 12.9224261]]}}, {"type": "Feature", "properties": {"name": "residential", "highway": "residential", "lanes": 2, "speed_limit_mps": 8.3}, "geometry": {"type": "LineString", "coordinates": [[77.7033433, 12.9599438], [77.7034309, 12.9607293]]}}, {"type": "Feature", "properties": {"name": "residential", "highway": "residential", "lanes": 2, "speed_limit_mps": 8.3}, "geometry": {"type": "LineString", "coordinates": [[77.6883138, 12.9279668], [77.688381, 12.9285905]]}}, {"type": "Feature", "properties": {"name": "residential", "highway": "residential", "lanes": 2, "speed_limit_mps": 8.3}, "geometry": {"type": "LineString", "coordinates": [[77.6946843, 12.9479784], [77.6947727, 12.9483832]]}}, {"type": "Feature", "properties": {"name": "residential", "highway": "residential", "lanes": 2, "speed_limit_mps": 8.3}, "geometry": {"type": "LineString", "coordinates": [[77.7032019, 12.9570727], [77.703204, 12.957108]]}}, {"type": "Feature", "properties": {"name": "Freesia Boulevard", "highway": "residential", "lanes": 2, "speed_limit_mps": 8.3}, "geometry": {"type": "LineString", "coordinates": [[77.6741989, 12.9211706], [77.6741937, 12.9211039]]}}, {"type": "Feature", "properties": {"name": "residential", "highway": "residential", "lanes": 2, "speed_limit_mps": 8.3}, "geometry": {"type": "LineString", "coordinates": [[77.6707149, 12.9228132], [77.6708098, 12.922658]]}}, {"type": "Feature", "properties": {"name": "residential", "highway": "residential", "lanes": 2, "speed_limit_mps": 8.3}, "geometry": {"type": "LineString", "coordinates": [[77.6720238, 12.9224548], [77.6720873, 12.9224277], [77.6721629, 12.922413]]}}, {"type": "Feature", "properties": {"name": "residential", "highway": "residential", "lanes": 2, "speed_limit_mps": 8.3}, "geometry": {"type": "LineString", "coordinates": [[77.7033409, 12.9566186], [77.7034164, 12.9565154], [77.7038026, 12.956002], [77.7039747, 12.9557733], [77.7040477, 12.9556763], [77.7047417, 12.9547852], [77.7047691, 12.9546517]]}}, {"type": "Feature", "properties": {"name": "residential", "highway": "residential", "lanes": 2, "speed_limit_mps": 8.3}, "geometry": {"type": "LineString", "coordinates": [[77.7047691, 12.9546517], [77.7048282, 12.9542461]]}}, {"type": "Feature", "properties": {"name": "residential", "highway": "residential", "lanes": 2, "speed_limit_mps": 8.3}, "geometry": {"type": "LineString", "coordinates": [[77.7048282, 12.9542461], [77.7048585, 12.9540902], [77.7048826, 12.9540477], [77.7048939, 12.9539283]]}}, {"type": "Feature", "properties": {"name": "3rd Cross Road", "highway": "residential", "lanes": 2, "speed_limit_mps": 8.3}, "geometry": {"type": "LineString", "coordinates": [[77.7048939, 12.9539283], [77.7048437, 12.9539092], [77.7045567, 12.9538706]]}}, {"type": "Feature", "properties": {"name": "3rd Cross Road", "highway": "residential", "lanes": 2, "speed_limit_mps": 8.3}, "geometry": {"type": "LineString", "coordinates": [[77.7045567, 12.9538706], [77.7043328, 12.9538379]]}}, {"type": "Feature", "properties": {"name": "residential", "highway": "residential", "lanes": 2, "speed_limit_mps": 8.3}, "geometry": {"type": "LineString", "coordinates": [[77.7033859, 12.9509098], [77.7037515, 12.9509037]]}}, {"type": "Feature", "properties": {"name": "residential", "highway": "residential", "lanes": 2, "speed_limit_mps": 8.3}, "geometry": {"type": "LineString", "coordinates": [[77.7037515, 12.9509037], [77.7041132, 12.9508976]]}}, {"type": "Feature", "properties": {"name": "residential", "highway": "residential", "lanes": 2, "speed_limit_mps": 8.3}, "geometry": {"type": "LineString", "coordinates": [[77.7041132, 12.9508976], [77.7044942, 12.9508914]]}}, {"type": "Feature", "properties": {"name": "residential", "highway": "residential", "lanes": 2, "speed_limit_mps": 8.3}, "geometry": {"type": "LineString", "coordinates": [[77.6747607, 12.9280951], [77.6742555, 12.9281209]]}}, {"type": "Feature", "properties": {"name": "residential", "highway": "residential", "lanes": 2, "speed_limit_mps": 8.3}, "geometry": {"type": "LineString", "coordinates": [[77.6680408, 12.9230843], [77.6681491, 12.9231901], [77.6681462, 12.923332]]}}, {"type": "Feature", "properties": {"name": "residential", "highway": "residential", "lanes": 2, "speed_limit_mps": 8.3}, "geometry": {"type": "LineString", "coordinates": [[77.6681462, 12.923332], [77.6681443, 12.923428]]}}, {"type": "Feature", "properties": {"name": "residential", "highway": "residential", "lanes": 2, "speed_limit_mps": 8.3}, "geometry": {"type": "LineString", "coordinates": [[77.6681443, 12.923428], [77.6682333, 12.9234306], [77.6683223, 12.9234333], [77.6684009, 12.9233957]]}}, {"type": "Feature", "properties": {"name": "residential", "highway": "residential", "lanes": 2, "speed_limit_mps": 8.3}, "geometry": {"type": "LineString", "coordinates": [[77.6684009, 12.9233957], [77.668363, 12.9233464], [77.6682337, 12.9233377], [77.6681462, 12.923332]]}}, {"type": "Feature", "properties": {"name": "residential", "highway": "residential", "lanes": 2, "speed_limit_mps": 8.3}, "geometry": {"type": "LineString", "coordinates": [[77.6639323, 12.9227081], [77.6640017, 12.9226797], [77.6641969, 12.9226483]]}}, {"type": "Feature", "properties": {"name": "residential", "highway": "residential", "lanes": 2, "speed_limit_mps": 8.3}, "geometry": {"type": "LineString", "coordinates": [[77.6647662, 12.918102], [77.66462, 12.9183308], [77.6646233, 12.9183536], [77.6646549, 12.9183713]]}}, {"type": "Feature", "properties": {"name": "residential", "highway": "residential", "lanes": 2, "speed_limit_mps": 8.3}, "geometry": {"type": "LineString", "coordinates": [[77.6646937, 12.9187118], [77.6647434, 12.9189033], [77.6647943, 12.9189511]]}}, {"type": "Feature", "properties": {"name": "residential", "highway": "residential", "lanes": 2, "speed_limit_mps": 8.3}, "geometry": {"type": "LineString", "coordinates": [[77.6654226, 12.917889], [77.6648962, 12.9180118], [77.6648419, 12.9180569], [77.6646629, 12.9183432], [77.6646549, 12.9183713]]}}, {"type": "Feature", "properties": {"name": "residential", "highway": "residential", "lanes": 2, "speed_limit_mps": 8.3}, "geometry": {"type": "LineString", "coordinates": [[77.6646549, 12.9183713], [77.6647943, 12.9189511]]}}, {"type": "Feature", "properties": {"name": "residential", "highway": "residential", "lanes": 2, "speed_limit_mps": 8.3}, "geometry": {"type": "LineString", "coordinates": [[77.6647943, 12.9189511], [77.6648107, 12.9189649], [77.6648317, 12.9189748], [77.665197, 12.918899]]}}, {"type": "Feature", "properties": {"name": "residential", "highway": "residential", "lanes": 2, "speed_limit_mps": 8.3}, "geometry": {"type": "LineString", "coordinates": [[77.6653637, 12.9238776], [77.6652964, 12.9238773], [77.6652755, 12.9238778], [77.6648645, 12.9238886], [77.6647246, 12.9241917], [77.6644346, 12.9245003]]}}, {"type": "Feature", "properties": {"name": "residential", "highway": "residential", "lanes": 2, "speed_limit_mps": 8.3}, "geometry": {"type": "LineString", "coordinates": [[77.6644346, 12.9245003], [77.6644228, 12.9247188], [77.6644403, 12.9251483]]}}, {"type": "Feature", "properties": {"name": "residential", "highway": "residential", "lanes": 2, "speed_limit_mps": 8.3}, "geometry": {"type": "LineString", "coordinates": [[77.6655403, 12.9212042], [77.665448, 12.9211898], [77.6654192, 12.9211871], [77.6653502, 12.9211854]]}}, {"type": "Feature", "properties": {"name": "residential", "highway": "residential", "lanes": 2, "speed_limit_mps": 8.3}, "geometry": {"type": "LineString", "coordinates": [[77.6653502, 12.9211854], [77.6652824, 12.9211838], [77.6645805, 12.921213], [77.6645636, 12.9212204], [77.6645601, 12.9212288], [77.6645646, 12.9214062], [77.6645638, 12.9216274], [77.6645709, 12.9216767], [77.6645916, 12.921698], [77.6646301, 12.9217056], [77.6647585, 12.9216982]]}}, {"type": "Feature", "properties": {"name": "residential", "highway": "residential", "lanes": 2, "speed_limit_mps": 8.3}, "geometry": {"type": "LineString", "coordinates": [[77.6748949, 12.9261753], [77.6747838, 12.9261843], [77.6745911, 12.9262005], [77.6745591, 12.9262144], [77.6745343, 12.9262404], [77.6745377, 12.9262883]]}}, {"type": "Feature", "properties": {"name": "residential", "highway": "residential", "lanes": 2, "speed_limit_mps": 8.3}, "geometry": {"type": "LineString", "coordinates": [[77.6961578, 12.9544633], [77.6960943, 12.9542379]]}}, {"type": "Feature", "properties": {"name": "residential", "highway": "residential", "lanes": 2, "speed_limit_mps": 8.3}, "geometry": {"type": "LineString", "coordinates": [[77.6654702, 12.9194188], [77.6654572, 12.9194731], [77.6656303, 12.9201866], [77.6656618, 12.9203253]]}}, {"type": "Feature", "properties": {"name": "residential", "highway": "residential", "lanes": 2, "speed_limit_mps": 8.3}, "geometry": {"type": "LineString", "coordinates": [[77.6657051, 12.9203128], [77.665674, 12.9201736], [77.6655115, 12.9194505], [77.6654702, 12.9194188]]}}, {"type": "Feature", "properties": {"name": "residential", "highway": "residential", "lanes": 2, "speed_limit_mps": 8.3}, "geometry": {"type": "LineString", "coordinates": [[77.6654665, 12.9194023], [77.6654959, 12.9193819], [77.6655506, 12.9193459], [77.6655755, 12.9193219], [77.6655849, 12.919295], [77.6655755, 12.9191977]]}}, {"type": "Feature", "properties": {"name": "tertiary", "highway": "tertiary", "lanes": 2, "speed_limit_mps": 11.1}, "geometry": {"type": "LineString", "coordinates": [[77.6852157, 12.9299311], [77.6849915, 12.9297892], [77.6849427, 12.9297588]]}}, {"type": "Feature", "properties": {"name": "trunk_link", "highway": "trunk_link", "lanes": 3, "speed_limit_mps": 13.9}, "geometry": {"type": "LineString", "coordinates": [[77.6851444, 12.9301286], [77.6856772, 12.9305151], [77.6856928, 12.9305281], [77.6859505, 12.930737], [77.6868642, 12.9315642], [77.6872024, 12.9318734]]}}, {"type": "Feature", "properties": {"name": "residential", "highway": "residential", "lanes": 2, "speed_limit_mps": 8.3}, "geometry": {"type": "LineString", "coordinates": [[77.6949125, 12.9387596], [77.6949994, 12.9386819], [77.6950682, 12.9386203], [77.6950621, 12.9385518]]}}, {"type": "Feature", "properties": {"name": "residential", "highway": "residential", "lanes": 2, "speed_limit_mps": 8.3}, "geometry": {"type": "LineString", "coordinates": [[77.6766659, 12.925842], [77.676669, 12.9257763], [77.6766449, 12.9254507]]}}, {"type": "Feature", "properties": {"name": "Chinnappanahalli Road", "highway": "tertiary", "lanes": 2, "speed_limit_mps": 11.1}, "geometry": {"type": "LineString", "coordinates": [[77.7048789, 12.9569887], [77.7048838, 12.9568398]]}}, {"type": "Feature", "properties": {"name": "Marathalli Bridge Service Road", "highway": "tertiary", "lanes": 2, "speed_limit_mps": 11.1}, "geometry": {"type": "LineString", "coordinates": [[77.7048838, 12.9568398], [77.7051294, 12.9568139]]}}, {"type": "Feature", "properties": {"name": "residential", "highway": "residential", "lanes": 2, "speed_limit_mps": 8.3}, "geometry": {"type": "LineString", "coordinates": [[77.7099842, 12.9577706], [77.7099413, 12.957768], [77.709775, 12.9577026]]}}, {"type": "Feature", "properties": {"name": "RMZ Ecoworld Internal Road", "highway": "tertiary", "lanes": 2, "speed_limit_mps": 11.1}, "geometry": {"type": "LineString", "coordinates": [[77.6846588, 12.9296093], [77.6846223, 12.9298529]]}}, {"type": "Feature", "properties": {"name": "RMZ Ecoworld Internal Road", "highway": "tertiary", "lanes": 2, "speed_limit_mps": 11.1}, "geometry": {"type": "LineString", "coordinates": [[77.6846223, 12.9298529], [77.6845515, 12.9299885]]}}, {"type": "Feature", "properties": {"name": "residential", "highway": "residential", "lanes": 2, "speed_limit_mps": 8.3}, "geometry": {"type": "LineString", "coordinates": [[77.7029604, 12.9463328], [77.7024578, 12.9455137]]}}, {"type": "Feature", "properties": {"name": "residential", "highway": "residential", "lanes": 2, "speed_limit_mps": 8.3}, "geometry": {"type": "LineString", "coordinates": [[77.6754379, 12.9269144], [77.6754832, 12.9273799]]}}, {"type": "Feature", "properties": {"name": "residential", "highway": "residential", "lanes": 2, "speed_limit_mps": 8.3}, "geometry": {"type": "LineString", "coordinates": [[77.6754832, 12.9273799], [77.675494, 12.9274839]]}}, {"type": "Feature", "properties": {"name": "residential", "highway": "residential", "lanes": 2, "speed_limit_mps": 8.3}, "geometry": {"type": "LineString", "coordinates": [[77.675274, 12.9275058], [77.6752136, 12.9269293]]}}, {"type": "Feature", "properties": {"name": "residential", "highway": "residential", "lanes": 2, "speed_limit_mps": 8.3}, "geometry": {"type": "LineString", "coordinates": [[77.6753016, 12.9286719], [77.6753001, 12.9288066], [77.6752992, 12.9289035]]}}, {"type": "Feature", "properties": {"name": "residential", "highway": "residential", "lanes": 2, "speed_limit_mps": 8.3}, "geometry": {"type": "LineString", "coordinates": [[77.6755761, 12.9287519], [77.6758846, 12.9287277], [77.6758832, 12.9286414], [77.6761562, 12.9286114]]}}, {"type": "Feature", "properties": {"name": "residential", "highway": "residential", "lanes": 2, "speed_limit_mps": 8.3}, "geometry": {"type": "LineString", "coordinates": [[77.6755573, 12.9284768], [77.6761314, 12.9284088]]}}, {"type": "Feature", "properties": {"name": "residential", "highway": "residential", "lanes": 2, "speed_limit_mps": 8.3}, "geometry": {"type": "LineString", "coordinates": [[77.6775731, 12.9300611], [77.6775846, 12.9297006]]}}, {"type": "Feature", "properties": {"name": "residential", "highway": "residential", "lanes": 2, "speed_limit_mps": 8.3}, "geometry": {"type": "LineString", "coordinates": [[77.6775846, 12.9297006], [77.6776157, 12.9293572]]}}, {"type": "Feature", "properties": {"name": "residential", "highway": "residential", "lanes": 2, "speed_limit_mps": 8.3}, "geometry": {"type": "LineString", "coordinates": [[77.6776157, 12.9293572], [77.6776226, 12.9290405]]}}, {"type": "Feature", "properties": {"name": "residential", "highway": "residential", "lanes": 2, "speed_limit_mps": 8.3}, "geometry": {"type": "LineString", "coordinates": [[77.6773383, 12.9274938], [77.67786, 12.927442]]}}, {"type": "Feature", "properties": {"name": "residential", "highway": "residential", "lanes": 2, "speed_limit_mps": 8.3}, "geometry": {"type": "LineString", "coordinates": [[77.6754045, 12.9294356], [77.6757136, 12.929427], [77.675717, 12.9292976], [77.6756755, 12.9290471]]}}, {"type": "Feature", "properties": {"name": "residential", "highway": "residential", "lanes": 2, "speed_limit_mps": 8.3}, "geometry": {"type": "LineString", "coordinates": [[77.6831138, 12.9315334], [77.6830337, 12.9316665], [77.6823266, 12.9317356]]}}, {"type": "Feature", "properties": {"name": "residential", "highway": "residential", "lanes": 2, "speed_limit_mps": 8.3}, "geometry": {"type": "LineString", "coordinates": [[77.690016, 12.9396824], [77.6900212, 12.9396429], [77.6900348, 12.9395386]]}}, {"type": "Feature", "properties": {"name": "residential", "highway": "residential", "lanes": 2, "speed_limit_mps": 8.3}, "geometry": {"type": "LineString", "coordinates": [[77.6898757, 12.9396621], [77.690016, 12.9396824]]}}, {"type": "Feature", "properties": {"name": "residential", "highway": "residential", "lanes": 2, "speed_limit_mps": 8.3}, "geometry": {"type": "LineString", "coordinates": [[77.690016, 12.9396824], [77.6900795, 12.9397091], [77.6899883, 12.9406031], [77.6897724, 12.9405809], [77.6898757, 12.9396621]]}}, {"type": "Feature", "properties": {"name": "unclassified", "highway": "unclassified", "lanes": 2, "speed_limit_mps": 8.3}, "geometry": {"type": "LineString", "coordinates": [[77.6802465, 12.9311622], [77.6804658, 12.9307921]]}}, {"type": "Feature", "properties": {"name": "unclassified", "highway": "unclassified", "lanes": 2, "speed_limit_mps": 8.3}, "geometry": {"type": "LineString", "coordinates": [[77.6801681, 12.9307562], [77.6799555, 12.9311112]]}}, {"type": "Feature", "properties": {"name": "unclassified", "highway": "unclassified", "lanes": 2, "speed_limit_mps": 8.3}, "geometry": {"type": "LineString", "coordinates": [[77.6805495, 12.9300983], [77.6802599, 12.9306028], [77.6801681, 12.9307562]]}}, {"type": "Feature", "properties": {"name": "unclassified", "highway": "unclassified", "lanes": 2, "speed_limit_mps": 8.3}, "geometry": {"type": "LineString", "coordinates": [[77.6804658, 12.9307921], [77.6808424, 12.9301565]]}}, {"type": "Feature", "properties": {"name": "Prestige Lakeshore Drive Flyover", "highway": "tertiary", "lanes": 2, "speed_limit_mps": 11.1}, "geometry": {"type": "LineString", "coordinates": [[77.6799313, 12.9317437], [77.6800002, 12.9315154]]}}, {"type": "Feature", "properties": {"name": "Prestige Lakeshore Drive Flyover", "highway": "tertiary", "lanes": 2, "speed_limit_mps": 11.1}, "geometry": {"type": "LineString", "coordinates": [[77.6800002, 12.9315154], [77.6801202, 12.9311762], [77.680711, 12.9302074], [77.6808662, 12.9298692], [77.6810058, 12.9292884]]}}, {"type": "Feature", "properties": {"name": "residential", "highway": "residential", "lanes": 2, "speed_limit_mps": 8.3}, "geometry": {"type": "LineString", "coordinates": [[77.7059937, 12.9549305], [77.7060243, 12.9546532]]}}, {"type": "Feature", "properties": {"name": "Prestige Lakeshore Drive Flyover", "highway": "tertiary", "lanes": 2, "speed_limit_mps": 11.1}, "geometry": {"type": "LineString", "coordinates": [[77.6810058, 12.9292884], [77.6811196, 12.9288646], [77.6814204, 12.928509]]}}, {"type": "Feature", "properties": {"name": "Central Avenue", "highway": "tertiary", "lanes": 2, "speed_limit_mps": 11.1}, "geometry": {"type": "LineString", "coordinates": [[77.6858435, 12.9259727], [77.6858605, 12.925857]]}}, {"type": "Feature", "properties": {"name": "Central Avenue", "highway": "tertiary", "lanes": 2, "speed_limit_mps": 11.1}, "geometry": {"type": "LineString", "coordinates": [[77.6858234, 12.9258611], [77.6857818, 12.9260059]]}}, {"type": "Feature", "properties": {"name": "residential", "highway": "residential", "lanes": 2, "speed_limit_mps": 8.3}, "geometry": {"type": "LineString", "coordinates": [[77.6855569, 12.928945], [77.6855258, 12.928927], [77.6851644, 12.9288963]]}}, {"type": "Feature", "properties": {"name": "Prestige Lakeshore Drive Flyover", "highway": "tertiary", "lanes": 2, "speed_limit_mps": 11.1}, "geometry": {"type": "LineString", "coordinates": [[77.6798783, 12.9317285], [77.679829, 12.9323549]]}}, {"type": "Feature", "properties": {"name": "Prestige Lakeshore Drive Flyover", "highway": "tertiary", "lanes": 2, "speed_limit_mps": 11.1}, "geometry": {"type": "LineString", "coordinates": [[77.6813696, 12.928484], [77.6810692, 12.9288394], [77.680952, 12.9292761]]}}, {"type": "Feature", "properties": {"name": "Prestige Lakeshore Drive Flyover", "highway": "tertiary", "lanes": 2, "speed_limit_mps": 11.1}, "geometry": {"type": "LineString", "coordinates": [[77.680952, 12.9292761], [77.6808136, 12.9298518], [77.6806618, 12.9301826], [77.6800698, 12.9311534], [77.679948, 12.9314978]]}}, {"type": "Feature", "properties": {"name": "Prestige Lakeshore Drive Flyover", "highway": "tertiary", "lanes": 2, "speed_limit_mps": 11.1}, "geometry": {"type": "LineString", "coordinates": [[77.679948, 12.9314978], [77.6798783, 12.9317285]]}}, {"type": "Feature", "properties": {"name": "trunk_link", "highway": "trunk_link", "lanes": 3, "speed_limit_mps": 13.9}, "geometry": {"type": "LineString", "coordinates": [[77.6735108, 12.9244158], [77.6735425, 12.9243264]]}}, {"type": "Feature", "properties": {"name": "residential", "highway": "residential", "lanes": 2, "speed_limit_mps": 8.3}, "geometry": {"type": "LineString", "coordinates": [[77.6734629, 12.9283516], [77.6735038, 12.9286269]]}}, {"type": "Feature", "properties": {"name": "trunk_link", "highway": "trunk_link", "lanes": 3, "speed_limit_mps": 13.9}, "geometry": {"type": "LineString", "coordinates": [[77.6844548, 12.9297725], [77.6845025, 12.929633], [77.6845055, 12.9296007], [77.6844247, 12.9295327], [77.6843747, 12.9294771]]}}, {"type": "Feature", "properties": {"name": "trunk_link", "highway": "trunk_link", "lanes": 3, "speed_limit_mps": 13.9}, "geometry": {"type": "LineString", "coordinates": [[77.6844548, 12.9297725], [77.6846223, 12.9298529]]}}, {"type": "Feature", "properties": {"name": "residential", "highway": "residential", "lanes": 2, "speed_limit_mps": 8.3}, "geometry": {"type": "LineString", "coordinates": [[77.7049899, 12.9576863], [77.7046644, 12.9576147]]}}, {"type": "Feature", "properties": {"name": "tertiary", "highway": "tertiary", "lanes": 2, "speed_limit_mps": 11.1}, "geometry": {"type": "LineString", "coordinates": [[77.6849427, 12.9297588], [77.6847942, 12.9296844], [77.6846588, 12.9296093]]}}, {"type": "Feature", "properties": {"name": "Sakra Hospital Road", "highway": "tertiary", "lanes": 2, "speed_limit_mps": 11.1}, "geometry": {"type": "LineString", "coordinates": [[77.6849416, 12.9305519], [77.6850816, 12.9302775]]}}, {"type": "Feature", "properties": {"name": "tertiary", "highway": "tertiary", "lanes": 2, "speed_limit_mps": 11.1}, "geometry": {"type": "LineString", "coordinates": [[77.6851444, 12.9301286], [77.6851586, 12.9300896], [77.6852157, 12.9299311]]}}, {"type": "Feature", "properties": {"name": "residential", "highway": "residential", "lanes": 2, "speed_limit_mps": 8.3}, "geometry": {"type": "LineString", "coordinates": [[77.6653147, 12.9216661], [77.6653502, 12.9211854]]}}, {"type": "Feature", "properties": {"name": "residential", "highway": "residential", "lanes": 2, "speed_limit_mps": 8.3}, "geometry": {"type": "LineString", "coordinates": [[77.7110302, 12.9537394], [77.7106259, 12.9536854]]}}, {"type": "Feature", "properties": {"name": "3rd Cross Road", "highway": "residential", "lanes": 2, "speed_limit_mps": 8.3}, "geometry": {"type": "LineString", "coordinates": [[77.6865214, 12.9273876], [77.6865208, 12.9273647]]}}, {"type": "Feature", "properties": {"name": "residential", "highway": "residential", "lanes": 2, "speed_limit_mps": 8.3}, "geometry": {"type": "LineString", "coordinates": [[77.6825425, 12.9309727], [77.6826226, 12.9303652]]}}, {"type": "Feature", "properties": {"name": "residential", "highway": "residential", "lanes": 2, "speed_limit_mps": 8.3}, "geometry": {"type": "LineString", "coordinates": [[77.7020919, 12.9503201], [77.7020301, 12.9500699]]}}, {"type": "Feature", "properties": {"name": "residential", "highway": "residential", "lanes": 2, "speed_limit_mps": 8.3}, "geometry": {"type": "LineString", "coordinates": [[77.7017982, 12.9503857], [77.7017371, 12.9501169]]}}, {"type": "Feature", "properties": {"name": "residential", "highway": "residential", "lanes": 2, "speed_limit_mps": 8.3}, "geometry": {"type": "LineString", "coordinates": [[77.7025685, 12.9509447], [77.7026322, 12.9512194]]}}, {"type": "Feature", "properties": {"name": "Gear School road", "highway": "secondary", "lanes": 3, "speed_limit_mps": 13.9}, "geometry": {"type": "LineString", "coordinates": [[77.6969858, 12.9346441], [77.6970811, 12.9350309], [77.6970983, 12.9351215], [77.6971265, 12.935267], [77.6971643, 12.9355187], [77.6972009, 12.9357425], [77.697234, 12.9359062], [77.6973099, 12.9362068], [77.6973637, 12.9364201], [77.6973799, 12.9364843]]}}, {"type": "Feature", "properties": {"name": "Gear School road", "highway": "secondary", "lanes": 3, "speed_limit_mps": 13.9}, "geometry": {"type": "LineString", "coordinates": [[77.6973799, 12.9364843], [77.6974338, 12.9366688]]}}, {"type": "Feature", "properties": {"name": "Gear School road", "highway": "secondary", "lanes": 3, "speed_limit_mps": 13.9}, "geometry": {"type": "LineString", "coordinates": [[77.6974338, 12.9366688], [77.6974391, 12.9366858], [77.6974438, 12.9367012], [77.6974551, 12.9367382], [77.6975068, 12.9369131]]}}, {"type": "Feature", "properties": {"name": "Gear School road", "highway": "secondary", "lanes": 3, "speed_limit_mps": 13.9}, "geometry": {"type": "LineString", "coordinates": [[77.6975068, 12.9369131], [77.6976372, 12.9373535], [77.6976693, 12.9375322], [77.697679, 12.937583], [77.6977217, 12.9378668]]}}, {"type": "Feature", "properties": {"name": "trunk_link", "highway": "trunk_link", "lanes": 3, "speed_limit_mps": 13.9}, "geometry": {"type": "LineString", "coordinates": [[77.6611995, 12.9215097], [77.6612471, 12.9217012]]}}, {"type": "Feature", "properties": {"name": "Outer Ring Road", "highway": "trunk", "lanes": 6, "speed_limit_mps": 22.2}, "geometry": {"type": "LineString", "coordinates": [[77.6620564, 12.9213728], [77.6612338, 12.9215706]]}}, {"type": "Feature", "properties": {"name": "Outer Ring Road", "highway": "trunk", "lanes": 6, "speed_limit_mps": 22.2}, "geometry": {"type": "LineString", "coordinates": [[77.6612338, 12.9215706], [77.6611877, 12.9215817]]}}, {"type": "Feature", "properties": {"name": "2nd Main Road", "highway": "residential", "lanes": 2, "speed_limit_mps": 8.3}, "geometry": {"type": "LineString", "coordinates": [[77.6975878, 12.955783], [77.6976178, 12.9557791]]}}, {"type": "Feature", "properties": {"name": "2nd Main Road", "highway": "residential", "lanes": 2, "speed_limit_mps": 8.3}, "geometry": {"type": "LineString", "coordinates": [[77.6976178, 12.9557791], [77.6979443, 12.9557738]]}}, {"type": "Feature", "properties": {"name": "residential", "highway": "residential", "lanes": 2, "speed_limit_mps": 8.3}, "geometry": {"type": "LineString", "coordinates": [[77.6954824, 12.9491559], [77.6955029, 12.9494857]]}}, {"type": "Feature", "properties": {"name": "residential", "highway": "residential", "lanes": 2, "speed_limit_mps": 8.3}, "geometry": {"type": "LineString", "coordinates": [[77.7009694, 12.9461949], [77.7005897, 12.9462874]]}}, {"type": "Feature", "properties": {"name": "residential", "highway": "residential", "lanes": 2, "speed_limit_mps": 8.3}, "geometry": {"type": "LineString", "coordinates": [[77.700905, 12.9459152], [77.7005267, 12.9460025]]}}, {"type": "Feature", "properties": {"name": "residential", "highway": "residential", "lanes": 2, "speed_limit_mps": 8.3}, "geometry": {"type": "LineString", "coordinates": [[77.7010518, 12.9465532], [77.7009694, 12.9461949]]}}, {"type": "Feature", "properties": {"name": "residential", "highway": "residential", "lanes": 2, "speed_limit_mps": 8.3}, "geometry": {"type": "LineString", "coordinates": [[77.7009694, 12.9461949], [77.700905, 12.9459152]]}}, {"type": "Feature", "properties": {"name": "residential", "highway": "residential", "lanes": 2, "speed_limit_mps": 8.3}, "geometry": {"type": "LineString", "coordinates": [[77.700905, 12.9459152], [77.7008902, 12.9458509]]}}, {"type": "Feature", "properties": {"name": "residential", "highway": "residential", "lanes": 2, "speed_limit_mps": 8.3}, "geometry": {"type": "LineString", "coordinates": [[77.7013712, 12.9464779], [77.701267, 12.9459567]]}}, {"type": "Feature", "properties": {"name": "residential", "highway": "residential", "lanes": 2, "speed_limit_mps": 8.3}, "geometry": {"type": "LineString", "coordinates": [[77.701906, 12.9478055], [77.7021519, 12.9477328]]}}, {"type": "Feature", "properties": {"name": "residential", "highway": "residential", "lanes": 2, "speed_limit_mps": 8.3}, "geometry": {"type": "LineString", "coordinates": [[77.7024833, 12.9469279], [77.7024257, 12.9465398]]}}, {"type": "Feature", "properties": {"name": "residential", "highway": "residential", "lanes": 2, "speed_limit_mps": 8.3}, "geometry": {"type": "LineString", "coordinates": [[77.6964142, 12.9396529], [77.6965031, 12.9396251], [77.6965415, 12.9396281], [77.6966755, 12.9395802]]}}, {"type": "Feature", "properties": {"name": "residential", "highway": "residential", "lanes": 2, "speed_limit_mps": 8.3}, "geometry": {"type": "LineString", "coordinates": [[77.6987263, 12.939002], [77.6986492, 12.9390197]]}}, {"type": "Feature", "properties": {"name": "residential", "highway": "residential", "lanes": 2, "speed_limit_mps": 8.3}, "geometry": {"type": "LineString", "coordinates": [[77.7021112, 12.9539706], [77.7020712, 12.9541424]]}}, {"type": "Feature", "properties": {"name": "residential", "highway": "residential", "lanes": 2, "speed_limit_mps": 8.3}, "geometry": {"type": "LineString", "coordinates": [[77.7045547, 12.9535327], [77.7045517, 12.9533648]]}}, {"type": "Feature", "properties": {"name": "residential", "highway": "residential", "lanes": 2, "speed_limit_mps": 8.3}, "geometry": {"type": "LineString", "coordinates": [[77.7045654, 12.9535738], [77.7045547, 12.9535327]]}}, {"type": "Feature", "properties": {"name": "residential", "highway": "residential", "lanes": 2, "speed_limit_mps": 8.3}, "geometry": {"type": "LineString", "coordinates": [[77.7041022, 12.9538279], [77.7041048, 12.9535746]]}}, {"type": "Feature", "properties": {"name": "residential", "highway": "residential", "lanes": 2, "speed_limit_mps": 8.3}, "geometry": {"type": "LineString", "coordinates": [[77.7038847, 12.9538205], [77.7038848, 12.9535726]]}}, {"type": "Feature", "properties": {"name": "residential", "highway": "residential", "lanes": 2, "speed_limit_mps": 8.3}, "geometry": {"type": "LineString", "coordinates": [[77.7022633, 12.953444], [77.7022555, 12.9533227]]}}, {"type": "Feature", "properties": {"name": "residential", "highway": "residential", "lanes": 2, "speed_limit_mps": 8.3}, "geometry": {"type": "LineString", "coordinates": [[77.7022555, 12.9533227], [77.7005867, 12.9534285]]}}]}